
#include "Arduino.h"

const uint8_t Orbitron_Bold_26[] PROGMEM = {
0x00, 0x00, 0x00, 0xB7, 0x00, 0x00, 0x00, 0x0B, 0x00, 0x00, 0x00, 0x15, 0x00, 0x00, 0x00, 0x00, 
0x00, 0x00, 0x00, 0x10, 0x00, 0x00, 0x00, 0x05, 0x00, 0x00, 0x00, 0x21, 0x00, 0x00, 0x00, 0x0F, 
0x00, 0x00, 0x00, 0x03, 0x00, 0x00, 0x00, 0x05, 0x00, 0x00, 0x00, 0x0F, 0x00, 0x00, 0x00, 0x01, 
0x00, 0x00, 0x00, 0x00, 0x00, 0x00, 0x00, 0x22, 0x00, 0x00, 0x00, 0x04, 0x00, 0x00, 0x00, 0x07, 
0x00, 0x00, 0x00, 0x08, 0x00, 0x00, 0x00, 0x0F, 0x00, 0x00, 0x00, 0x01, 0x00, 0x00, 0x00, 0x00, 
0x00, 0x00, 0x00, 0x23, 0x00, 0x00, 0x00, 0x0F, 0x00, 0x00, 0x00, 0x10, 0x00, 0x00, 0x00, 0x11, 
0x00, 0x00, 0x00, 0x0F, 0x00, 0x00, 0x00, 0x00, 0x00, 0x00, 0x00, 0x00, 0x00, 0x00, 0x00, 0x24, 
0x00, 0x00, 0x00, 0x13, 0x00, 0x00, 0x00, 0x10, 0x00, 0x00, 0x00, 0x11, 0x00, 0x00, 0x00, 0x11, 
0x00, 0x00, 0x00, 0x00, 0x00, 0x00, 0x00, 0x00, 0x00, 0x00, 0x00, 0x25, 0x00, 0x00, 0x00, 0x0F, 
0x00, 0x00, 0x00, 0x12, 0x00, 0x00, 0x00, 0x14, 0x00, 0x00, 0x00, 0x0F, 0x00, 0x00, 0x00, 0x01, 
0x00, 0x00, 0x00, 0x00, 0x00, 0x00, 0x00, 0x26, 0x00, 0x00, 0x00, 0x0F, 0x00, 0x00, 0x00, 0x12, 
0x00, 0x00, 0x00, 0x14, 0x00, 0x00, 0x00, 0x0F, 0x00, 0x00, 0x00, 0x01, 0x00, 0x00, 0x00, 0x00, 
0x00, 0x00, 0x00, 0x27, 0x00, 0x00, 0x00, 0x04, 0x00, 0x00, 0x00, 0x03, 0x00, 0x00, 0x00, 0x05, 
0x00, 0x00, 0x00, 0x0F, 0x00, 0x00, 0x00, 0x01, 0x00, 0x00, 0x00, 0x00, 0x00, 0x00, 0x00, 0x28, 
0x00, 0x00, 0x00, 0x0F, 0x00, 0x00, 0x00, 0x05, 0x00, 0x00, 0x00, 0x06, 0x00, 0x00, 0x00, 0x0F, 
0x00, 0x00, 0x00, 0x01, 0x00, 0x00, 0x00, 0x00, 0x00, 0x00, 0x00, 0x29, 0x00, 0x00, 0x00, 0x0F, 
0x00, 0x00, 0x00, 0x05, 0x00, 0x00, 0x00, 0x06, 0x00, 0x00, 0x00, 0x0F, 0x00, 0x00, 0x00, 0x01, 
0x00, 0x00, 0x00, 0x00, 0x00, 0x00, 0x00, 0x2A, 0x00, 0x00, 0x00, 0x09, 0x00, 0x00, 0x00, 0x0B, 
0x00, 0x00, 0x00, 0x0A, 0x00, 0x00, 0x00, 0x0F, 0x00, 0x00, 0x00, 0x00, 0x00, 0x00, 0x00, 0x00, 
0x00, 0x00, 0x00, 0x2B, 0x00, 0x00, 0x00, 0x08, 0x00, 0x00, 0x00, 0x09, 0x00, 0x00, 0x00, 0x09, 
0x00, 0x00, 0x00, 0x0A, 0x00, 0x00, 0x00, 0x00, 0x00, 0x00, 0x00, 0x00, 0x00, 0x00, 0x00, 0x2C, 
0x00, 0x00, 0x00, 0x05, 0x00, 0x00, 0x00, 0x03, 0x00, 0x00, 0x00, 0x05, 0x00, 0x00, 0x00, 0x02, 
0x00, 0x00, 0x00, 0x01, 0x00, 0x00, 0x00, 0x00, 0x00, 0x00, 0x00, 0x2D, 0x00, 0x00, 0x00, 0x03, 
0x00, 0x00, 0x00, 0x09, 0x00, 0x00, 0x00, 0x0B, 0x00, 0x00, 0x00, 0x08, 0x00, 0x00, 0x00, 0x01, 
0x00, 0x00, 0x00, 0x00, 0x00, 0x00, 0x00, 0x2E, 0x00, 0x00, 0x00, 0x03, 0x00, 0x00, 0x00, 0x03, 
0x00, 0x00, 0x00, 0x05, 0x00, 0x00, 0x00, 0x03, 0x00, 0x00, 0x00, 0x01, 0x00, 0x00, 0x00, 0x00, 
0x00, 0x00, 0x00, 0x2F, 0x00, 0x00, 0x00, 0x0F, 0x00, 0x00, 0x00, 0x0B, 0x00, 0x00, 0x00, 0x0B, 
0x00, 0x00, 0x00, 0x0F, 0x00, 0x00, 0x00, 0x00, 0x00, 0x00, 0x00, 0x00, 0x00, 0x00, 0x00, 0x30, 
0x00, 0x00, 0x00, 0x0F, 0x00, 0x00, 0x00, 0x10, 0x00, 0x00, 0x00, 0x12, 0x00, 0x00, 0x00, 0x0F, 
0x00, 0x00, 0x00, 0x01, 0x00, 0x00, 0x00, 0x00, 0x00, 0x00, 0x00, 0x31, 0x00, 0x00, 0x00, 0x0F, 
0x00, 0x00, 0x00, 0x08, 0x00, 0x00, 0x00, 0x08, 0x00, 0x00, 0x00, 0x0F, 0x00, 0x00, 0x00, 0x00, 
0x00, 0x00, 0x00, 0x00, 0x00, 0x00, 0x00, 0x32, 0x00, 0x00, 0x00, 0x0F, 0x00, 0x00, 0x00, 0x10, 
0x00, 0x00, 0x00, 0x11, 0x00, 0x00, 0x00, 0x0F, 0x00, 0x00, 0x00, 0x01, 0x00, 0x00, 0x00, 0x00, 
0x00, 0x00, 0x00, 0x33, 0x00, 0x00, 0x00, 0x0F, 0x00, 0x00, 0x00, 0x10, 0x00, 0x00, 0x00, 0x11, 
0x00, 0x00, 0x00, 0x0F, 0x00, 0x00, 0x00, 0x01, 0x00, 0x00, 0x00, 0x00, 0x00, 0x00, 0x00, 0x34, 
0x00, 0x00, 0x00, 0x0F, 0x00, 0x00, 0x00, 0x0F, 0x00, 0x00, 0x00, 0x0F, 0x00, 0x00, 0x00, 0x0F, 
0x00, 0x00, 0x00, 0x00, 0x00, 0x00, 0x00, 0x00, 0x00, 0x00, 0x00, 0x35, 0x00, 0x00, 0x00, 0x0F, 
0x00, 0x00, 0x00, 0x10, 0x00, 0x00, 0x00, 0x11, 0x00, 0x00, 0x00, 0x0F, 0x00, 0x00, 0x00, 0x01, 
0x00, 0x00, 0x00, 0x00, 0x00, 0x00, 0x00, 0x36, 0x00, 0x00, 0x00, 0x0F, 0x00, 0x00, 0x00, 0x10, 
0x00, 0x00, 0x00, 0x11, 0x00, 0x00, 0x00, 0x0F, 0x00, 0x00, 0x00, 0x01, 0x00, 0x00, 0x00, 0x00, 
0x00, 0x00, 0x00, 0x37, 0x00, 0x00, 0x00, 0x0F, 0x00, 0x00, 0x00, 0x0D, 0x00, 0x00, 0x00, 0x0E, 
0x00, 0x00, 0x00, 0x0F, 0x00, 0x00, 0x00, 0x00, 0x00, 0x00, 0x00, 0x00, 0x00, 0x00, 0x00, 0x38, 
0x00, 0x00, 0x00, 0x0F, 0x00, 0x00, 0x00, 0x10, 0x00, 0x00, 0x00, 0x12, 0x00, 0x00, 0x00, 0x0F, 
0x00, 0x00, 0x00, 0x01, 0x00, 0x00, 0x00, 0x00, 0x00, 0x00, 0x00, 0x39, 0x00, 0x00, 0x00, 0x0F, 
0x00, 0x00, 0x00, 0x10, 0x00, 0x00, 0x00, 0x11, 0x00, 0x00, 0x00, 0x0F, 0x00, 0x00, 0x00, 0x01, 
0x00, 0x00, 0x00, 0x00, 0x00, 0x00, 0x00, 0x3A, 0x00, 0x00, 0x00, 0x0C, 0x00, 0x00, 0x00, 0x03, 
0x00, 0x00, 0x00, 0x05, 0x00, 0x00, 0x00, 0x0C, 0x00, 0x00, 0x00, 0x01, 0x00, 0x00, 0x00, 0x00, 
0x00, 0x00, 0x00, 0x3B, 0x00, 0x00, 0x00, 0x0F, 0x00, 0x00, 0x00, 0x03, 0x00, 0x00, 0x00, 0x05, 
0x00, 0x00, 0x00, 0x0C, 0x00, 0x00, 0x00, 0x01, 0x00, 0x00, 0x00, 0x00, 0x00, 0x00, 0x00, 0x3C, 
0x00, 0x00, 0x00, 0x0D, 0x00, 0x00, 0x00, 0x09, 0x00, 0x00, 0x00, 0x0A, 0x00, 0x00, 0x00, 0x0D, 
0x00, 0x00, 0x00, 0x00, 0x00, 0x00, 0x00, 0x00, 0x00, 0x00, 0x00, 0x3D, 0x00, 0x00, 0x00, 0x07, 
0x00, 0x00, 0x00, 0x0C, 0x00, 0x00, 0x00, 0x0D, 0x00, 0x00, 0x00, 0x0A, 0x00, 0x00, 0x00, 0x01, 
0x00, 0x00, 0x00, 0x00, 0x00, 0x00, 0x00, 0x3E, 0x00, 0x00, 0x00, 0x0C, 0x00, 0x00, 0x00, 0x0A, 
0x00, 0x00, 0x00, 0x0A, 0x00, 0x00, 0x00, 0x0C, 0x00, 0x00, 0x00, 0x01, 0x00, 0x00, 0x00, 0x00, 
0x00, 0x00, 0x00, 0x3F, 0x00, 0x00, 0x00, 0x0F, 0x00, 0x00, 0x00, 0x0E, 0x00, 0x00, 0x00, 0x0E, 
0x00, 0x00, 0x00, 0x0F, 0x00, 0x00, 0x00, 0x00, 0x00, 0x00, 0x00, 0x00, 0x00, 0x00, 0x00, 0x40, 
0x00, 0x00, 0x00, 0x0F, 0x00, 0x00, 0x00, 0x10, 0x00, 0x00, 0x00, 0x11, 0x00, 0x00, 0x00, 0x0F, 
0x00, 0x00, 0x00, 0x01, 0x00, 0x00, 0x00, 0x00, 0x00, 0x00, 0x00, 0x41, 0x00, 0x00, 0x00, 0x0F, 
0x00, 0x00, 0x00, 0x10, 0x00, 0x00, 0x00, 0x12, 0x00, 0x00, 0x00, 0x0F, 0x00, 0x00, 0x00, 0x01, 
0x00, 0x00, 0x00, 0x00, 0x00, 0x00, 0x00, 0x42, 0x00, 0x00, 0x00, 0x0F, 0x00, 0x00, 0x00, 0x10, 
0x00, 0x00, 0x00, 0x11, 0x00, 0x00, 0x00, 0x0F, 0x00, 0x00, 0x00, 0x01, 0x00, 0x00, 0x00, 0x00, 
0x00, 0x00, 0x00, 0x43, 0x00, 0x00, 0x00, 0x0F, 0x00, 0x00, 0x00, 0x10, 0x00, 0x00, 0x00, 0x11, 
0x00, 0x00, 0x00, 0x0F, 0x00, 0x00, 0x00, 0x01, 0x00, 0x00, 0x00, 0x00, 0x00, 0x00, 0x00, 0x44, 
0x00, 0x00, 0x00, 0x0F, 0x00, 0x00, 0x00, 0x10, 0x00, 0x00, 0x00, 0x12, 0x00, 0x00, 0x00, 0x0F, 
0x00, 0x00, 0x00, 0x01, 0x00, 0x00, 0x00, 0x00, 0x00, 0x00, 0x00, 0x45, 0x00, 0x00, 0x00, 0x0F, 
0x00, 0x00, 0x00, 0x0F, 0x00, 0x00, 0x00, 0x10, 0x00, 0x00, 0x00, 0x0F, 0x00, 0x00, 0x00, 0x01, 
0x00, 0x00, 0x00, 0x00, 0x00, 0x00, 0x00, 0x46, 0x00, 0x00, 0x00, 0x0F, 0x00, 0x00, 0x00, 0x0F, 
0x00, 0x00, 0x00, 0x0F, 0x00, 0x00, 0x00, 0x0F, 0x00, 0x00, 0x00, 0x01, 0x00, 0x00, 0x00, 0x00, 
0x00, 0x00, 0x00, 0x47, 0x00, 0x00, 0x00, 0x0F, 0x00, 0x00, 0x00, 0x10, 0x00, 0x00, 0x00, 0x11, 
0x00, 0x00, 0x00, 0x0F, 0x00, 0x00, 0x00, 0x01, 0x00, 0x00, 0x00, 0x00, 0x00, 0x00, 0x00, 0x48, 
0x00, 0x00, 0x00, 0x0F, 0x00, 0x00, 0x00, 0x10, 0x00, 0x00, 0x00, 0x12, 0x00, 0x00, 0x00, 0x0F, 
0x00, 0x00, 0x00, 0x01, 0x00, 0x00, 0x00, 0x00, 0x00, 0x00, 0x00, 0x49, 0x00, 0x00, 0x00, 0x0F, 
0x00, 0x00, 0x00, 0x03, 0x00, 0x00, 0x00, 0x05, 0x00, 0x00, 0x00, 0x0F, 0x00, 0x00, 0x00, 0x01, 
0x00, 0x00, 0x00, 0x00, 0x00, 0x00, 0x00, 0x4A, 0x00, 0x00, 0x00, 0x0F, 0x00, 0x00, 0x00, 0x10, 
0x00, 0x00, 0x00, 0x10, 0x00, 0x00, 0x00, 0x0F, 0x00, 0x00, 0x00, 0x00, 0x00, 0x00, 0x00, 0x00, 
0x00, 0x00, 0x00, 0x4B, 0x00, 0x00, 0x00, 0x0F, 0x00, 0x00, 0x00, 0x0F, 0x00, 0x00, 0x00, 0x11, 
0x00, 0x00, 0x00, 0x0F, 0x00, 0x00, 0x00, 0x01, 0x00, 0x00, 0x00, 0x00, 0x00, 0x00, 0x00, 0x4C, 
0x00, 0x00, 0x00, 0x0F, 0x00, 0x00, 0x00, 0x10, 0x00, 0x00, 0x00, 0x10, 0x00, 0x00, 0x00, 0x0F, 
0x00, 0x00, 0x00, 0x01, 0x00, 0x00, 0x00, 0x00, 0x00, 0x00, 0x00, 0x4D, 0x00, 0x00, 0x00, 0x0F, 
0x00, 0x00, 0x00, 0x12, 0x00, 0x00, 0x00, 0x13, 0x00, 0x00, 0x00, 0x0F, 0x00, 0x00, 0x00, 0x01, 
0x00, 0x00, 0x00, 0x00, 0x00, 0x00, 0x00, 0x4E, 0x00, 0x00, 0x00, 0x0F, 0x00, 0x00, 0x00, 0x10, 
0x00, 0x00, 0x00, 0x11, 0x00, 0x00, 0x00, 0x0F, 0x00, 0x00, 0x00, 0x01, 0x00, 0x00, 0x00, 0x00, 
0x00, 0x00, 0x00, 0x4F, 0x00, 0x00, 0x00, 0x0F, 0x00, 0x00, 0x00, 0x10, 0x00, 0x00, 0x00, 0x11, 
0x00, 0x00, 0x00, 0x0F, 0x00, 0x00, 0x00, 0x01, 0x00, 0x00, 0x00, 0x00, 0x00, 0x00, 0x00, 0x50, 
0x00, 0x00, 0x00, 0x0F, 0x00, 0x00, 0x00, 0x10, 0x00, 0x00, 0x00, 0x11, 0x00, 0x00, 0x00, 0x0F, 
0x00, 0x00, 0x00, 0x01, 0x00, 0x00, 0x00, 0x00, 0x00, 0x00, 0x00, 0x51, 0x00, 0x00, 0x00, 0x0F, 
0x00, 0x00, 0x00, 0x12, 0x00, 0x00, 0x00, 0x13, 0x00, 0x00, 0x00, 0x0F, 0x00, 0x00, 0x00, 0x01, 
0x00, 0x00, 0x00, 0x00, 0x00, 0x00, 0x00, 0x52, 0x00, 0x00, 0x00, 0x0F, 0x00, 0x00, 0x00, 0x10, 
0x00, 0x00, 0x00, 0x11, 0x00, 0x00, 0x00, 0x0F, 0x00, 0x00, 0x00, 0x01, 0x00, 0x00, 0x00, 0x00, 
0x00, 0x00, 0x00, 0x53, 0x00, 0x00, 0x00, 0x0F, 0x00, 0x00, 0x00, 0x10, 0x00, 0x00, 0x00, 0x11, 
0x00, 0x00, 0x00, 0x0F, 0x00, 0x00, 0x00, 0x01, 0x00, 0x00, 0x00, 0x00, 0x00, 0x00, 0x00, 0x54, 
0x00, 0x00, 0x00, 0x0F, 0x00, 0x00, 0x00, 0x10, 0x00, 0x00, 0x00, 0x10, 0x00, 0x00, 0x00, 0x0F, 
0x00, 0x00, 0x00, 0x00, 0x00, 0x00, 0x00, 0x00, 0x00, 0x00, 0x00, 0x55, 0x00, 0x00, 0x00, 0x0F, 
0x00, 0x00, 0x00, 0x10, 0x00, 0x00, 0x00, 0x11, 0x00, 0x00, 0x00, 0x0F, 0x00, 0x00, 0x00, 0x01, 
0x00, 0x00, 0x00, 0x00, 0x00, 0x00, 0x00, 0x56, 0x00, 0x00, 0x00, 0x0F, 0x00, 0x00, 0x00, 0x15, 
0x00, 0x00, 0x00, 0x15, 0x00, 0x00, 0x00, 0x0F, 0x00, 0x00, 0x00, 0x00, 0x00, 0x00, 0x00, 0x00, 
0x00, 0x00, 0x00, 0x57, 0x00, 0x00, 0x00, 0x0F, 0x00, 0x00, 0x00, 0x18, 0x00, 0x00, 0x00, 0x19, 
0x00, 0x00, 0x00, 0x0F, 0x00, 0x00, 0x00, 0x00, 0x00, 0x00, 0x00, 0x00, 0x00, 0x00, 0x00, 0x58, 
0x00, 0x00, 0x00, 0x0F, 0x00, 0x00, 0x00, 0x11, 0x00, 0x00, 0x00, 0x11, 0x00, 0x00, 0x00, 0x0F, 
0x00, 0x00, 0x00, 0x00, 0x00, 0x00, 0x00, 0x00, 0x00, 0x00, 0x00, 0x59, 0x00, 0x00, 0x00, 0x0F, 
0x00, 0x00, 0x00, 0x12, 0x00, 0x00, 0x00, 0x11, 0x00, 0x00, 0x00, 0x0F, 0x00, 0x00, 0x00, 0x00, 
0x00, 0x00, 0x00, 0x00, 0x00, 0x00, 0x00, 0x5A, 0x00, 0x00, 0x00, 0x0F, 0x00, 0x00, 0x00, 0x10, 
0x00, 0x00, 0x00, 0x11, 0x00, 0x00, 0x00, 0x0F, 0x00, 0x00, 0x00, 0x01, 0x00, 0x00, 0x00, 0x00, 
0x00, 0x00, 0x00, 0x5B, 0x00, 0x00, 0x00, 0x0F, 0x00, 0x00, 0x00, 0x05, 0x00, 0x00, 0x00, 0x06, 
0x00, 0x00, 0x00, 0x0F, 0x00, 0x00, 0x00, 0x01, 0x00, 0x00, 0x00, 0x00, 0x00, 0x00, 0x00, 0x5C, 
0x00, 0x00, 0x00, 0x0F, 0x00, 0x00, 0x00, 0x0B, 0x00, 0x00, 0x00, 0x0B, 0x00, 0x00, 0x00, 0x0F, 
0x00, 0x00, 0x00, 0x00, 0x00, 0x00, 0x00, 0x00, 0x00, 0x00, 0x00, 0x5D, 0x00, 0x00, 0x00, 0x0F, 
0x00, 0x00, 0x00, 0x05, 0x00, 0x00, 0x00, 0x06, 0x00, 0x00, 0x00, 0x0F, 0x00, 0x00, 0x00, 0x01, 
0x00, 0x00, 0x00, 0x00, 0x00, 0x00, 0x00, 0x5F, 0x00, 0x00, 0x00, 0x03, 0x00, 0x00, 0x00, 0x10, 
0x00, 0x00, 0x00, 0x11, 0x00, 0x00, 0x00, 0x00, 0x00, 0x00, 0x00, 0x01, 0x00, 0x00, 0x00, 0x00, 
0x00, 0x00, 0x00, 0x60, 0x00, 0x00, 0x00, 0x04, 0x00, 0x00, 0x00, 0x05, 0x00, 0x00, 0x00, 0x04, 
0x00, 0x00, 0x00, 0x14, 0x00, 0x00, 0x00, 0x00, 0x00, 0x00, 0x00, 0x00, 0x00, 0x00, 0x00, 0x61, 
0x00, 0x00, 0x00, 0x0C, 0x00, 0x00, 0x00, 0x0D, 0x00, 0x00, 0x00, 0x0F, 0x00, 0x00, 0x00, 0x0C, 
0x00, 0x00, 0x00, 0x01, 0x00, 0x00, 0x00, 0x00, 0x00, 0x00, 0x00, 0x62, 0x00, 0x00, 0x00, 0x10, 
0x00, 0x00, 0x00, 0x0D, 0x00, 0x00, 0x00, 0x0E, 0x00, 0x00, 0x00, 0x10, 0x00, 0x00, 0x00, 0x01, 
0x00, 0x00, 0x00, 0x00, 0x00, 0x00, 0x00, 0x63, 0x00, 0x00, 0x00, 0x0C, 0x00, 0x00, 0x00, 0x0D, 
0x00, 0x00, 0x00, 0x0F, 0x00, 0x00, 0x00, 0x0C, 0x00, 0x00, 0x00, 0x01, 0x00, 0x00, 0x00, 0x00, 
0x00, 0x00, 0x00, 0x64, 0x00, 0x00, 0x00, 0x10, 0x00, 0x00, 0x00, 0x0D, 0x00, 0x00, 0x00, 0x0E, 
0x00, 0x00, 0x00, 0x10, 0x00, 0x00, 0x00, 0x00, 0x00, 0x00, 0x00, 0x00, 0x00, 0x00, 0x00, 0x65, 
0x00, 0x00, 0x00, 0x0C, 0x00, 0x00, 0x00, 0x0D, 0x00, 0x00, 0x00, 0x0F, 0x00, 0x00, 0x00, 0x0C, 
0x00, 0x00, 0x00, 0x01, 0x00, 0x00, 0x00, 0x00, 0x00, 0x00, 0x00, 0x66, 0x00, 0x00, 0x00, 0x10, 
0x00, 0x00, 0x00, 0x08, 0x00, 0x00, 0x00, 0x09, 0x00, 0x00, 0x00, 0x10, 0x00, 0x00, 0x00, 0x01, 
0x00, 0x00, 0x00, 0x00, 0x00, 0x00, 0x00, 0x67, 0x00, 0x00, 0x00, 0x11, 0x00, 0x00, 0x00, 0x0E, 
0x00, 0x00, 0x00, 0x0E, 0x00, 0x00, 0x00, 0x0C, 0x00, 0x00, 0x00, 0x00, 0x00, 0x00, 0x00, 0x00, 
0x00, 0x00, 0x00, 0x68, 0x00, 0x00, 0x00, 0x10, 0x00, 0x00, 0x00, 0x0D, 0x00, 0x00, 0x00, 0x0E, 
0x00, 0x00, 0x00, 0x10, 0x00, 0x00, 0x00, 0x01, 0x00, 0x00, 0x00, 0x00, 0x00, 0x00, 0x00, 0x69, 
0x00, 0x00, 0x00, 0x10, 0x00, 0x00, 0x00, 0x03, 0x00, 0x00, 0x00, 0x05, 0x00, 0x00, 0x00, 0x10, 
0x00, 0x00, 0x00, 0x01, 0x00, 0x00, 0x00, 0x00, 0x00, 0x00, 0x00, 0x6A, 0x00, 0x00, 0x00, 0x15, 
0x00, 0x00, 0x00, 0x09, 0x00, 0x00, 0x00, 0x05, 0x00, 0x00, 0x00, 0x10, 0xFF, 0xFF, 0xFF, 0xFC, 
0x00, 0x00, 0x00, 0x00, 0x00, 0x00, 0x00, 0x6B, 0x00, 0x00, 0x00, 0x10, 0x00, 0x00, 0x00, 0x0D, 
0x00, 0x00, 0x00, 0x0E, 0x00, 0x00, 0x00, 0x10, 0x00, 0x00, 0x00, 0x01, 0x00, 0x00, 0x00, 0x00, 
0x00, 0x00, 0x00, 0x6C, 0x00, 0x00, 0x00, 0x10, 0x00, 0x00, 0x00, 0x06, 0x00, 0x00, 0x00, 0x07, 
0x00, 0x00, 0x00, 0x10, 0x00, 0x00, 0x00, 0x01, 0x00, 0x00, 0x00, 0x00, 0x00, 0x00, 0x00, 0x6D, 
0x00, 0x00, 0x00, 0x0C, 0x00, 0x00, 0x00, 0x13, 0x00, 0x00, 0x00, 0x15, 0x00, 0x00, 0x00, 0x0C, 
0x00, 0x00, 0x00, 0x01, 0x00, 0x00, 0x00, 0x00, 0x00, 0x00, 0x00, 0x6E, 0x00, 0x00, 0x00, 0x0C, 
0x00, 0x00, 0x00, 0x0D, 0x00, 0x00, 0x00, 0x0F, 0x00, 0x00, 0x00, 0x0C, 0x00, 0x00, 0x00, 0x01, 
0x00, 0x00, 0x00, 0x00, 0x00, 0x00, 0x00, 0x6F, 0x00, 0x00, 0x00, 0x0C, 0x00, 0x00, 0x00, 0x0D, 
0x00, 0x00, 0x00, 0x0F, 0x00, 0x00, 0x00, 0x0C, 0x00, 0x00, 0x00, 0x01, 0x00, 0x00, 0x00, 0x00, 
0x00, 0x00, 0x00, 0x70, 0x00, 0x00, 0x00, 0x11, 0x00, 0x00, 0x00, 0x0D, 0x00, 0x00, 0x00, 0x0E, 
0x00, 0x00, 0x00, 0x0C, 0x00, 0x00, 0x00, 0x01, 0x00, 0x00, 0x00, 0x00, 0x00, 0x00, 0x00, 0x71, 
0x00, 0x00, 0x00, 0x11, 0x00, 0x00, 0x00, 0x0D, 0x00, 0x00, 0x00, 0x0E, 0x00, 0x00, 0x00, 0x0C, 
0x00, 0x00, 0x00, 0x00, 0x00, 0x00, 0x00, 0x00, 0x00, 0x00, 0x00, 0x72, 0x00, 0x00, 0x00, 0x0C, 
0x00, 0x00, 0x00, 0x0A, 0x00, 0x00, 0x00, 0x0B, 0x00, 0x00, 0x00, 0x0C, 0x00, 0x00, 0x00, 0x01, 
0x00, 0x00, 0x00, 0x00, 0x00, 0x00, 0x00, 0x73, 0x00, 0x00, 0x00, 0x0C, 0x00, 0x00, 0x00, 0x0D, 
0x00, 0x00, 0x00, 0x0E, 0x00, 0x00, 0x00, 0x0C, 0x00, 0x00, 0x00, 0x01, 0x00, 0x00, 0x00, 0x00, 
0x00, 0x00, 0x00, 0x74, 0x00, 0x00, 0x00, 0x10, 0x00, 0x00, 0x00, 0x08, 0x00, 0x00, 0x00, 0x09, 
0x00, 0x00, 0x00, 0x10, 0x00, 0x00, 0x00, 0x01, 0x00, 0x00, 0x00, 0x00, 0x00, 0x00, 0x00, 0x75, 
0x00, 0x00, 0x00, 0x0C, 0x00, 0x00, 0x00, 0x0D, 0x00, 0x00, 0x00, 0x0F, 0x00, 0x00, 0x00, 0x0C, 
0x00, 0x00, 0x00, 0x01, 0x00, 0x00, 0x00, 0x00, 0x00, 0x00, 0x00, 0x76, 0x00, 0x00, 0x00, 0x0C, 
0x00, 0x00, 0x00, 0x11, 0x00, 0x00, 0x00, 0x11, 0x00, 0x00, 0x00, 0x0C, 0x00, 0x00, 0x00, 0x00, 
0x00, 0x00, 0x00, 0x00, 0x00, 0x00, 0x00, 0x77, 0x00, 0x00, 0x00, 0x0C, 0x00, 0x00, 0x00, 0x16, 
0x00, 0x00, 0x00, 0x16, 0x00, 0x00, 0x00, 0x0C, 0x00, 0x00, 0x00, 0x00, 0x00, 0x00, 0x00, 0x00, 
0x00, 0x00, 0x00, 0x78, 0x00, 0x00, 0x00, 0x0C, 0x00, 0x00, 0x00, 0x0E, 0x00, 0x00, 0x00, 0x0F, 
0x00, 0x00, 0x00, 0x0C, 0x00, 0x00, 0x00, 0x00, 0x00, 0x00, 0x00, 0x00, 0x00, 0x00, 0x00, 0x79, 
0x00, 0x00, 0x00, 0x11, 0x00, 0x00, 0x00, 0x0E, 0x00, 0x00, 0x00, 0x0E, 0x00, 0x00, 0x00, 0x0C, 
0x00, 0x00, 0x00, 0x00, 0x00, 0x00, 0x00, 0x00, 0x00, 0x00, 0x00, 0x7A, 0x00, 0x00, 0x00, 0x0C, 
0x00, 0x00, 0x00, 0x0D, 0x00, 0x00, 0x00, 0x0F, 0x00, 0x00, 0x00, 0x0C, 0x00, 0x00, 0x00, 0x01, 
0x00, 0x00, 0x00, 0x00, 0x00, 0x00, 0x00, 0x7B, 0x00, 0x00, 0x00, 0x0F, 0x00, 0x00, 0x00, 0x06, 
0x00, 0x00, 0x00, 0x06, 0x00, 0x00, 0x00, 0x0F, 0x00, 0x00, 0x00, 0x00, 0x00, 0x00, 0x00, 0x00, 
0x00, 0x00, 0x00, 0x7C, 0x00, 0x00, 0x00, 0x13, 0x00, 0x00, 0x00, 0x03, 0x00, 0x00, 0x00, 0x05, 
0x00, 0x00, 0x00, 0x11, 0x00, 0x00, 0x00, 0x01, 0x00, 0x00, 0x00, 0x00, 0x00, 0x00, 0x00, 0x7D, 
0x00, 0x00, 0x00, 0x0F, 0x00, 0x00, 0x00, 0x05, 0x00, 0x00, 0x00, 0x06, 0x00, 0x00, 0x00, 0x0F, 
0x00, 0x00, 0x00, 0x01, 0x00, 0x00, 0x00, 0x00, 0x00, 0x00, 0x00, 0x7E, 0x00, 0x00, 0x00, 0x04, 
0x00, 0x00, 0x00, 0x09, 0x00, 0x00, 0x00, 0x08, 0x00, 0x00, 0x00, 0x08, 0x00, 0x00, 0x00, 0x00, 
0x00, 0x00, 0x00, 0x00, 0x00, 0x00, 0x00, 0xA1, 0x00, 0x00, 0x00, 0x0F, 0x00, 0x00, 0x00, 0x03, 
0x00, 0x00, 0x00, 0x04, 0x00, 0x00, 0x00, 0x0F, 0x00, 0x00, 0x00, 0x01, 0x00, 0x00, 0x00, 0x00, 
0x00, 0x00, 0x00, 0xA2, 0x00, 0x00, 0x00, 0x11, 0x00, 0x00, 0x00, 0x0E, 0x00, 0x00, 0x00, 0x0D, 
0x00, 0x00, 0x00, 0x0F, 0x00, 0x00, 0x00, 0x00, 0x00, 0x00, 0x00, 0x00, 0x00, 0x00, 0x00, 0xA3, 
0x00, 0x00, 0x00, 0x0F, 0x00, 0x00, 0x00, 0x0F, 0x00, 0x00, 0x00, 0x0F, 0x00, 0x00, 0x00, 0x0F, 
0x00, 0x00, 0x00, 0x00, 0x00, 0x00, 0x00, 0x00, 0x00, 0x00, 0x00, 0xA8, 0x00, 0x00, 0x00, 0x03, 
0x00, 0x00, 0x00, 0x07, 0x00, 0x00, 0x00, 0x08, 0x00, 0x00, 0x00, 0x13, 0x00, 0x00, 0x00, 0x01, 
0x00, 0x00, 0x00, 0x00, 0x00, 0x00, 0x00, 0xB0, 0x00, 0x00, 0x00, 0x08, 0x00, 0x00, 0x00, 0x09, 
0x00, 0x00, 0x00, 0x09, 0x00, 0x00, 0x00, 0x0F, 0x00, 0x00, 0x00, 0x00, 0x00, 0x00, 0x00, 0x00, 
0x00, 0x00, 0x00, 0xB4, 0x00, 0x00, 0x00, 0x04, 0x00, 0x00, 0x00, 0x05, 0x00, 0x00, 0x00, 0x04, 
0x00, 0x00, 0x00, 0x14, 0x00, 0x00, 0x00, 0x00, 0x00, 0x00, 0x00, 0x00, 0x00, 0x00, 0x00, 0xB6, 
0x00, 0x00, 0x00, 0x0F, 0x00, 0x00, 0x00, 0x10, 0x00, 0x00, 0x00, 0x12, 0x00, 0x00, 0x00, 0x0F, 
0x00, 0x00, 0x00, 0x01, 0x00, 0x00, 0x00, 0x00, 0x00, 0x00, 0x00, 0xB8, 0x00, 0x00, 0x00, 0x04, 
0x00, 0x00, 0x00, 0x05, 0x00, 0x00, 0x00, 0x04, 0x00, 0x00, 0x00, 0x01, 0x00, 0x00, 0x00, 0x00, 
0x00, 0x00, 0x00, 0x00, 0x00, 0x00, 0x00, 0xBF, 0x00, 0x00, 0x00, 0x0F, 0x00, 0x00, 0x00, 0x0E, 
0x00, 0x00, 0x00, 0x0E, 0x00, 0x00, 0x00, 0x0F, 0x00, 0x00, 0x00, 0x00, 0x00, 0x00, 0x00, 0x00, 
0x00, 0x00, 0x00, 0xC0, 0x00, 0x00, 0x00, 0x14, 0x00, 0x00, 0x00, 0x10, 0x00, 0x00, 0x00, 0x12, 
0x00, 0x00, 0x00, 0x14, 0x00, 0x00, 0x00, 0x01, 0x00, 0x00, 0x00, 0x00, 0x00, 0x00, 0x00, 0xC1, 
0x00, 0x00, 0x00, 0x14, 0x00, 0x00, 0x00, 0x10, 0x00, 0x00, 0x00, 0x12, 0x00, 0x00, 0x00, 0x14, 
0x00, 0x00, 0x00, 0x01, 0x00, 0x00, 0x00, 0x00, 0x00, 0x00, 0x00, 0xC2, 0x00, 0x00, 0x00, 0x14, 
0x00, 0x00, 0x00, 0x10, 0x00, 0x00, 0x00, 0x12, 0x00, 0x00, 0x00, 0x14, 0x00, 0x00, 0x00, 0x01, 
0x00, 0x00, 0x00, 0x00, 0x00, 0x00, 0x00, 0xC3, 0x00, 0x00, 0x00, 0x14, 0x00, 0x00, 0x00, 0x10, 
0x00, 0x00, 0x00, 0x12, 0x00, 0x00, 0x00, 0x14, 0x00, 0x00, 0x00, 0x01, 0x00, 0x00, 0x00, 0x00, 
0x00, 0x00, 0x00, 0xC4, 0x00, 0x00, 0x00, 0x13, 0x00, 0x00, 0x00, 0x10, 0x00, 0x00, 0x00, 0x12, 
0x00, 0x00, 0x00, 0x13, 0x00, 0x00, 0x00, 0x01, 0x00, 0x00, 0x00, 0x00, 0x00, 0x00, 0x00, 0xC5, 
0x00, 0x00, 0x00, 0x14, 0x00, 0x00, 0x00, 0x10, 0x00, 0x00, 0x00, 0x12, 0x00, 0x00, 0x00, 0x14, 
0x00, 0x00, 0x00, 0x01, 0x00, 0x00, 0x00, 0x00, 0x00, 0x00, 0x00, 0xC6, 0x00, 0x00, 0x00, 0x0F, 
0x00, 0x00, 0x00, 0x1B, 0x00, 0x00, 0x00, 0x1D, 0x00, 0x00, 0x00, 0x0F, 0x00, 0x00, 0x00, 0x01, 
0x00, 0x00, 0x00, 0x00, 0x00, 0x00, 0x00, 0xC7, 0x00, 0x00, 0x00, 0x12, 0x00, 0x00, 0x00, 0x10, 
0x00, 0x00, 0x00, 0x11, 0x00, 0x00, 0x00, 0x0F, 0x00, 0x00, 0x00, 0x01, 0x00, 0x00, 0x00, 0x00, 
0x00, 0x00, 0x00, 0xC8, 0x00, 0x00, 0x00, 0x14, 0x00, 0x00, 0x00, 0x0F, 0x00, 0x00, 0x00, 0x10, 
0x00, 0x00, 0x00, 0x14, 0x00, 0x00, 0x00, 0x01, 0x00, 0x00, 0x00, 0x00, 0x00, 0x00, 0x00, 0xC9, 
0x00, 0x00, 0x00, 0x14, 0x00, 0x00, 0x00, 0x0F, 0x00, 0x00, 0x00, 0x10, 0x00, 0x00, 0x00, 0x14, 
0x00, 0x00, 0x00, 0x01, 0x00, 0x00, 0x00, 0x00, 0x00, 0x00, 0x00, 0xCA, 0x00, 0x00, 0x00, 0x14, 
0x00, 0x00, 0x00, 0x0F, 0x00, 0x00, 0x00, 0x10, 0x00, 0x00, 0x00, 0x14, 0x00, 0x00, 0x00, 0x01, 
0x00, 0x00, 0x00, 0x00, 0x00, 0x00, 0x00, 0xCB, 0x00, 0x00, 0x00, 0x13, 0x00, 0x00, 0x00, 0x0F, 
0x00, 0x00, 0x00, 0x10, 0x00, 0x00, 0x00, 0x13, 0x00, 0x00, 0x00, 0x01, 0x00, 0x00, 0x00, 0x00, 
0x00, 0x00, 0x00, 0xCC, 0x00, 0x00, 0x00, 0x14, 0x00, 0x00, 0x00, 0x05, 0x00, 0x00, 0x00, 0x05, 
0x00, 0x00, 0x00, 0x14, 0x00, 0x00, 0x00, 0x00, 0x00, 0x00, 0x00, 0x00, 0x00, 0x00, 0x00, 0xCD, 
0x00, 0x00, 0x00, 0x14, 0x00, 0x00, 0x00, 0x05, 0x00, 0x00, 0x00, 0x05, 0x00, 0x00, 0x00, 0x14, 
0x00, 0x00, 0x00, 0x00, 0x00, 0x00, 0x00, 0x00, 0x00, 0x00, 0x00, 0xCE, 0x00, 0x00, 0x00, 0x14, 
0x00, 0x00, 0x00, 0x07, 0x00, 0x00, 0x00, 0x05, 0x00, 0x00, 0x00, 0x14, 0xFF, 0xFF, 0xFF, 0xFF, 
0x00, 0x00, 0x00, 0x00, 0x00, 0x00, 0x00, 0xCF, 0x00, 0x00, 0x00, 0x13, 0x00, 0x00, 0x00, 0x07, 
0x00, 0x00, 0x00, 0x05, 0x00, 0x00, 0x00, 0x13, 0xFF, 0xFF, 0xFF, 0xFF, 0x00, 0x00, 0x00, 0x00, 
0x00, 0x00, 0x00, 0xD1, 0x00, 0x00, 0x00, 0x14, 0x00, 0x00, 0x00, 0x10, 0x00, 0x00, 0x00, 0x11, 
0x00, 0x00, 0x00, 0x14, 0x00, 0x00, 0x00, 0x01, 0x00, 0x00, 0x00, 0x00, 0x00, 0x00, 0x00, 0xD2, 
0x00, 0x00, 0x00, 0x14, 0x00, 0x00, 0x00, 0x10, 0x00, 0x00, 0x00, 0x11, 0x00, 0x00, 0x00, 0x14, 
0x00, 0x00, 0x00, 0x01, 0x00, 0x00, 0x00, 0x00, 0x00, 0x00, 0x00, 0xD3, 0x00, 0x00, 0x00, 0x14, 
0x00, 0x00, 0x00, 0x10, 0x00, 0x00, 0x00, 0x11, 0x00, 0x00, 0x00, 0x14, 0x00, 0x00, 0x00, 0x01, 
0x00, 0x00, 0x00, 0x00, 0x00, 0x00, 0x00, 0xD4, 0x00, 0x00, 0x00, 0x14, 0x00, 0x00, 0x00, 0x10, 
0x00, 0x00, 0x00, 0x11, 0x00, 0x00, 0x00, 0x14, 0x00, 0x00, 0x00, 0x01, 0x00, 0x00, 0x00, 0x00, 
0x00, 0x00, 0x00, 0xD5, 0x00, 0x00, 0x00, 0x14, 0x00, 0x00, 0x00, 0x10, 0x00, 0x00, 0x00, 0x11, 
0x00, 0x00, 0x00, 0x14, 0x00, 0x00, 0x00, 0x01, 0x00, 0x00, 0x00, 0x00, 0x00, 0x00, 0x00, 0xD6, 
0x00, 0x00, 0x00, 0x13, 0x00, 0x00, 0x00, 0x10, 0x00, 0x00, 0x00, 0x11, 0x00, 0x00, 0x00, 0x13, 
0x00, 0x00, 0x00, 0x01, 0x00, 0x00, 0x00, 0x00, 0x00, 0x00, 0x00, 0xD7, 0x00, 0x00, 0x00, 0x09, 
0x00, 0x00, 0x00, 0x0A, 0x00, 0x00, 0x00, 0x0B, 0x00, 0x00, 0x00, 0x0B, 0x00, 0x00, 0x00, 0x01, 
0x00, 0x00, 0x00, 0x00, 0x00, 0x00, 0x00, 0xD9, 0x00, 0x00, 0x00, 0x14, 0x00, 0x00, 0x00, 0x10, 
0x00, 0x00, 0x00, 0x11, 0x00, 0x00, 0x00, 0x14, 0x00, 0x00, 0x00, 0x01, 0x00, 0x00, 0x00, 0x00, 
0x00, 0x00, 0x00, 0xDA, 0x00, 0x00, 0x00, 0x14, 0x00, 0x00, 0x00, 0x10, 0x00, 0x00, 0x00, 0x11, 
0x00, 0x00, 0x00, 0x14, 0x00, 0x00, 0x00, 0x01, 0x00, 0x00, 0x00, 0x00, 0x00, 0x00, 0x00, 0xDB, 
0x00, 0x00, 0x00, 0x14, 0x00, 0x00, 0x00, 0x10, 0x00, 0x00, 0x00, 0x11, 0x00, 0x00, 0x00, 0x14, 
0x00, 0x00, 0x00, 0x01, 0x00, 0x00, 0x00, 0x00, 0x00, 0x00, 0x00, 0xDC, 0x00, 0x00, 0x00, 0x13, 
0x00, 0x00, 0x00, 0x10, 0x00, 0x00, 0x00, 0x11, 0x00, 0x00, 0x00, 0x13, 0x00, 0x00, 0x00, 0x01, 
0x00, 0x00, 0x00, 0x00, 0x00, 0x00, 0x00, 0xDD, 0x00, 0x00, 0x00, 0x14, 0x00, 0x00, 0x00, 0x12, 
0x00, 0x00, 0x00, 0x11, 0x00, 0x00, 0x00, 0x14, 0x00, 0x00, 0x00, 0x00, 0x00, 0x00, 0x00, 0x00, 
0x00, 0x00, 0x00, 0xDF, 0x00, 0x00, 0x00, 0x0F, 0x00, 0x00, 0x00, 0x10, 0x00, 0x00, 0x00, 0x12, 
0x00, 0x00, 0x00, 0x0F, 0x00, 0x00, 0x00, 0x01, 0x00, 0x00, 0x00, 0x00, 0x00, 0x00, 0x00, 0xE0, 
0x00, 0x00, 0x00, 0x12, 0x00, 0x00, 0x00, 0x0D, 0x00, 0x00, 0x00, 0x0F, 0x00, 0x00, 0x00, 0x12, 
0x00, 0x00, 0x00, 0x01, 0x00, 0x00, 0x00, 0x00, 0x00, 0x00, 0x00, 0xE1, 0x00, 0x00, 0x00, 0x12, 
0x00, 0x00, 0x00, 0x0D, 0x00, 0x00, 0x00, 0x0F, 0x00, 0x00, 0x00, 0x12, 0x00, 0x00, 0x00, 0x01, 
0x00, 0x00, 0x00, 0x00, 0x00, 0x00, 0x00, 0xE2, 0x00, 0x00, 0x00, 0x12, 0x00, 0x00, 0x00, 0x0D, 
0x00, 0x00, 0x00, 0x0F, 0x00, 0x00, 0x00, 0x12, 0x00, 0x00, 0x00, 0x01, 0x00, 0x00, 0x00, 0x00, 
0x00, 0x00, 0x00, 0xE3, 0x00, 0x00, 0x00, 0x12, 0x00, 0x00, 0x00, 0x0D, 0x00, 0x00, 0x00, 0x0F, 
0x00, 0x00, 0x00, 0x12, 0x00, 0x00, 0x00, 0x01, 0x00, 0x00, 0x00, 0x00, 0x00, 0x00, 0x00, 0xE4, 
0x00, 0x00, 0x00, 0x11, 0x00, 0x00, 0x00, 0x0D, 0x00, 0x00, 0x00, 0x0F, 0x00, 0x00, 0x00, 0x11, 
0x00, 0x00, 0x00, 0x01, 0x00, 0x00, 0x00, 0x00, 0x00, 0x00, 0x00, 0xE5, 0x00, 0x00, 0x00, 0x12, 
0x00, 0x00, 0x00, 0x0D, 0x00, 0x00, 0x00, 0x0F, 0x00, 0x00, 0x00, 0x12, 0x00, 0x00, 0x00, 0x01, 
0x00, 0x00, 0x00, 0x00, 0x00, 0x00, 0x00, 0xE6, 0x00, 0x00, 0x00, 0x0C, 0x00, 0x00, 0x00, 0x17, 
0x00, 0x00, 0x00, 0x19, 0x00, 0x00, 0x00, 0x0C, 0x00, 0x00, 0x00, 0x01, 0x00, 0x00, 0x00, 0x00, 
0x00, 0x00, 0x00, 0xE7, 0x00, 0x00, 0x00, 0x0F, 0x00, 0x00, 0x00, 0x0D, 0x00, 0x00, 0x00, 0x0F, 
0x00, 0x00, 0x00, 0x0C, 0x00, 0x00, 0x00, 0x01, 0x00, 0x00, 0x00, 0x00, 0x00, 0x00, 0x00, 0xE8, 
0x00, 0x00, 0x00, 0x12, 0x00, 0x00, 0x00, 0x0D, 0x00, 0x00, 0x00, 0x0D, 0x00, 0x00, 0x00, 0x12, 
0x00, 0x00, 0x00, 0x01, 0x00, 0x00, 0x00, 0x00, 0x00, 0x00, 0x00, 0xE9, 0x00, 0x00, 0x00, 0x12, 
0x00, 0x00, 0x00, 0x0D, 0x00, 0x00, 0x00, 0x0D, 0x00, 0x00, 0x00, 0x12, 0x00, 0x00, 0x00, 0x01, 
0x00, 0x00, 0x00, 0x00, 0x00, 0x00, 0x00, 0xEA, 0x00, 0x00, 0x00, 0x12, 0x00, 0x00, 0x00, 0x0D, 
0x00, 0x00, 0x00, 0x0D, 0x00, 0x00, 0x00, 0x12, 0x00, 0x00, 0x00, 0x01, 0x00, 0x00, 0x00, 0x00, 
0x00, 0x00, 0x00, 0xEB, 0x00, 0x00, 0x00, 0x11, 0x00, 0x00, 0x00, 0x0D, 0x00, 0x00, 0x00, 0x0D, 
0x00, 0x00, 0x00, 0x11, 0x00, 0x00, 0x00, 0x01, 0x00, 0x00, 0x00, 0x00, 0x00, 0x00, 0x00, 0xEC, 
0x00, 0x00, 0x00, 0x12, 0x00, 0x00, 0x00, 0x05, 0x00, 0x00, 0x00, 0x05, 0x00, 0x00, 0x00, 0x12, 
0x00, 0x00, 0x00, 0x00, 0x00, 0x00, 0x00, 0x00, 0x00, 0x00, 0x00, 0xED, 0x00, 0x00, 0x00, 0x12, 
0x00, 0x00, 0x00, 0x04, 0x00, 0x00, 0x00, 0x05, 0x00, 0x00, 0x00, 0x12, 0x00, 0x00, 0x00, 0x01, 
0x00, 0x00, 0x00, 0x00, 0x00, 0x00, 0x00, 0xEE, 0x00, 0x00, 0x00, 0x12, 0x00, 0x00, 0x00, 0x07, 
0x00, 0x00, 0x00, 0x05, 0x00, 0x00, 0x00, 0x12, 0xFF, 0xFF, 0xFF, 0xFF, 0x00, 0x00, 0x00, 0x00, 
0x00, 0x00, 0x00, 0xEF, 0x00, 0x00, 0x00, 0x11, 0x00, 0x00, 0x00, 0x07, 0x00, 0x00, 0x00, 0x05, 
0x00, 0x00, 0x00, 0x11, 0xFF, 0xFF, 0xFF, 0xFF, 0x00, 0x00, 0x00, 0x00, 0x00, 0x00, 0x00, 0xF1, 
0x00, 0x00, 0x00, 0x12, 0x00, 0x00, 0x00, 0x0D, 0x00, 0x00, 0x00, 0x0F, 0x00, 0x00, 0x00, 0x12, 
0x00, 0x00, 0x00, 0x01, 0x00, 0x00, 0x00, 0x00, 0x00, 0x00, 0x00, 0xF2, 0x00, 0x00, 0x00, 0x12, 
0x00, 0x00, 0x00, 0x0D, 0x00, 0x00, 0x00, 0x0F, 0x00, 0x00, 0x00, 0x12, 0x00, 0x00, 0x00, 0x01, 
0x00, 0x00, 0x00, 0x00, 0x00, 0x00, 0x00, 0xF3, 0x00, 0x00, 0x00, 0x12, 0x00, 0x00, 0x00, 0x0D, 
0x00, 0x00, 0x00, 0x0F, 0x00, 0x00, 0x00, 0x12, 0x00, 0x00, 0x00, 0x01, 0x00, 0x00, 0x00, 0x00, 
0x00, 0x00, 0x00, 0xF4, 0x00, 0x00, 0x00, 0x12, 0x00, 0x00, 0x00, 0x0D, 0x00, 0x00, 0x00, 0x0F, 
0x00, 0x00, 0x00, 0x12, 0x00, 0x00, 0x00, 0x01, 0x00, 0x00, 0x00, 0x00, 0x00, 0x00, 0x00, 0xF5, 
0x00, 0x00, 0x00, 0x12, 0x00, 0x00, 0x00, 0x0D, 0x00, 0x00, 0x00, 0x0F, 0x00, 0x00, 0x00, 0x12, 
0x00, 0x00, 0x00, 0x01, 0x00, 0x00, 0x00, 0x00, 0x00, 0x00, 0x00, 0xF6, 0x00, 0x00, 0x00, 0x11, 
0x00, 0x00, 0x00, 0x0D, 0x00, 0x00, 0x00, 0x0F, 0x00, 0x00, 0x00, 0x11, 0x00, 0x00, 0x00, 0x01, 
0x00, 0x00, 0x00, 0x00, 0x00, 0x00, 0x00, 0xF7, 0x00, 0x00, 0x00, 0x0C, 0x00, 0x00, 0x00, 0x0B, 
0x00, 0x00, 0x00, 0x0B, 0x00, 0x00, 0x00, 0x0C, 0x00, 0x00, 0x00, 0x00, 0x00, 0x00, 0x00, 0x00, 
0x00, 0x00, 0x00, 0xF9, 0x00, 0x00, 0x00, 0x12, 0x00, 0x00, 0x00, 0x0D, 0x00, 0x00, 0x00, 0x0F, 
0x00, 0x00, 0x00, 0x12, 0x00, 0x00, 0x00, 0x01, 0x00, 0x00, 0x00, 0x00, 0x00, 0x00, 0x00, 0xFA, 
0x00, 0x00, 0x00, 0x12, 0x00, 0x00, 0x00, 0x0D, 0x00, 0x00, 0x00, 0x0F, 0x00, 0x00, 0x00, 0x12, 
0x00, 0x00, 0x00, 0x01, 0x00, 0x00, 0x00, 0x00, 0x00, 0x00, 0x00, 0xFB, 0x00, 0x00, 0x00, 0x12, 
0x00, 0x00, 0x00, 0x0D, 0x00, 0x00, 0x00, 0x0F, 0x00, 0x00, 0x00, 0x12, 0x00, 0x00, 0x00, 0x01, 
0x00, 0x00, 0x00, 0x00, 0x00, 0x00, 0x00, 0xFC, 0x00, 0x00, 0x00, 0x11, 0x00, 0x00, 0x00, 0x0D, 
0x00, 0x00, 0x00, 0x0F, 0x00, 0x00, 0x00, 0x11, 0x00, 0x00, 0x00, 0x01, 0x00, 0x00, 0x00, 0x00, 
0x00, 0x00, 0x00, 0xFD, 0x00, 0x00, 0x00, 0x17, 0x00, 0x00, 0x00, 0x0E, 0x00, 0x00, 0x00, 0x0E, 
0x00, 0x00, 0x00, 0x12, 0x00, 0x00, 0x00, 0x00, 0x00, 0x00, 0x00, 0x00, 0x00, 0x00, 0x00, 0xFF, 
0x00, 0x00, 0x00, 0x16, 0x00, 0x00, 0x00, 0x0E, 0x00, 0x00, 0x00, 0x0E, 0x00, 0x00, 0x00, 0x11, 
0x00, 0x00, 0x00, 0x00, 0x00, 0x00, 0x00, 0x00, 0x00, 0x00, 0x01, 0x31, 0x00, 0x00, 0x00, 0x0C, 
0x00, 0x00, 0x00, 0x03, 0x00, 0x00, 0x00, 0x05, 0x00, 0x00, 0x00, 0x0C, 0x00, 0x00, 0x00, 0x01, 
0x00, 0x00, 0x00, 0x00, 0x00, 0x00, 0x01, 0x52, 0x00, 0x00, 0x00, 0x0F, 0x00, 0x00, 0x00, 0x1B, 
0x00, 0x00, 0x00, 0x1D, 0x00, 0x00, 0x00, 0x0F, 0x00, 0x00, 0x00, 0x01, 0x00, 0x00, 0x00, 0x00, 
0x00, 0x00, 0x01, 0x53, 0x00, 0x00, 0x00, 0x0C, 0x00, 0x00, 0x00, 0x17, 0x00, 0x00, 0x00, 0x19, 
0x00, 0x00, 0x00, 0x0C, 0x00, 0x00, 0x00, 0x01, 0x00, 0x00, 0x00, 0x00, 0x00, 0x00, 0x01, 0x60, 
0x00, 0x00, 0x00, 0x14, 0x00, 0x00, 0x00, 0x10, 0x00, 0x00, 0x00, 0x11, 0x00, 0x00, 0x00, 0x14, 
0x00, 0x00, 0x00, 0x01, 0x00, 0x00, 0x00, 0x00, 0x00, 0x00, 0x01, 0x61, 0x00, 0x00, 0x00, 0x12, 
0x00, 0x00, 0x00, 0x0D, 0x00, 0x00, 0x00, 0x0E, 0x00, 0x00, 0x00, 0x12, 0x00, 0x00, 0x00, 0x01, 
0x00, 0x00, 0x00, 0x00, 0x00, 0x00, 0x01, 0x78, 0x00, 0x00, 0x00, 0x13, 0x00, 0x00, 0x00, 0x12, 
0x00, 0x00, 0x00, 0x11, 0x00, 0x00, 0x00, 0x13, 0x00, 0x00, 0x00, 0x00, 0x00, 0x00, 0x00, 0x00, 
0x00, 0x00, 0x01, 0x7D, 0x00, 0x00, 0x00, 0x14, 0x00, 0x00, 0x00, 0x10, 0x00, 0x00, 0x00, 0x11, 
0x00, 0x00, 0x00, 0x14, 0x00, 0x00, 0x00, 0x01, 0x00, 0x00, 0x00, 0x00, 0x00, 0x00, 0x01, 0x7E, 
0x00, 0x00, 0x00, 0x12, 0x00, 0x00, 0x00, 0x0D, 0x00, 0x00, 0x00, 0x0F, 0x00, 0x00, 0x00, 0x12, 
0x00, 0x00, 0x00, 0x01, 0x00, 0x00, 0x00, 0x00, 0x00, 0x00, 0x02, 0xC6, 0x00, 0x00, 0x00, 0x04, 
0x00, 0x00, 0x00, 0x07, 0x00, 0x00, 0x00, 0x06, 0x00, 0x00, 0x00, 0x14, 0x00, 0x00, 0x00, 0x00, 
0x00, 0x00, 0x00, 0x00, 0x00, 0x00, 0x02, 0xC7, 0x00, 0x00, 0x00, 0x04, 0x00, 0x00, 0x00, 0x07, 
0x00, 0x00, 0x00, 0x06, 0x00, 0x00, 0x00, 0x14, 0x00, 0x00, 0x00, 0x00, 0x00, 0x00, 0x00, 0x00, 
0x00, 0x00, 0x02, 0xD8, 0x00, 0x00, 0x00, 0x03, 0x00, 0x00, 0x00, 0x06, 0x00, 0x00, 0x00, 0x06, 
0x00, 0x00, 0x00, 0x13, 0x00, 0x00, 0x00, 0x00, 0x00, 0x00, 0x00, 0x00, 0x00, 0x00, 0x02, 0xD9, 
0x00, 0x00, 0x00, 0x04, 0x00, 0x00, 0x00, 0x05, 0x00, 0x00, 0x00, 0x05, 0x00, 0x00, 0x00, 0x14, 
0x00, 0x00, 0x00, 0x00, 0x00, 0x00, 0x00, 0x00, 0x00, 0x00, 0x02, 0xDA, 0x00, 0x00, 0x00, 0x04, 
0x00, 0x00, 0x00, 0x05, 0x00, 0x00, 0x00, 0x05, 0x00, 0x00, 0x00, 0x14, 0x00, 0x00, 0x00, 0x00, 
0x00, 0x00, 0x00, 0x00, 0x00, 0x00, 0x02, 0xDC, 0x00, 0x00, 0x00, 0x04, 0x00, 0x00, 0x00, 0x09, 
0x00, 0x00, 0x00, 0x08, 0x00, 0x00, 0x00, 0x14, 0x00, 0x00, 0x00, 0x00, 0x00, 0x00, 0x00, 0x00, 
0x00, 0x00, 0x20, 0x13, 0x00, 0x00, 0x00, 0x03, 0x00, 0x00, 0x00, 0x0D, 0x00, 0x00, 0x00, 0x0F, 
0x00, 0x00, 0x00, 0x08, 0x00, 0x00, 0x00, 0x01, 0x00, 0x00, 0x00, 0x00, 0x00, 0x00, 0x20, 0x14, 
0x00, 0x00, 0x00, 0x03, 0x00, 0x00, 0x00, 0x0F, 0x00, 0x00, 0x00, 0x11, 0x00, 0x00, 0x00, 0x08, 
0x00, 0x00, 0x00, 0x01, 0x00, 0x00, 0x00, 0x00, 0x00, 0x00, 0x20, 0x18, 0x00, 0x00, 0x00, 0x05, 
0x00, 0x00, 0x00, 0x04, 0x00, 0x00, 0x00, 0x05, 0x00, 0x00, 0x00, 0x0F, 0x00, 0x00, 0x00, 0x00, 
0x00, 0x00, 0x00, 0x00, 0x00, 0x00, 0x20, 0x19, 0x00, 0x00, 0x00, 0x05, 0x00, 0x00, 0x00, 0x03, 
0x00, 0x00, 0x00, 0x05, 0x00, 0x00, 0x00, 0x0F, 0x00, 0x00, 0x00, 0x01, 0x00, 0x00, 0x00, 0x00, 
0x00, 0x00, 0x20, 0x1C, 0x00, 0x00, 0x00, 0x05, 0x00, 0x00, 0x00, 0x08, 0x00, 0x00, 0x00, 0x08, 
0x00, 0x00, 0x00, 0x0F, 0x00, 0x00, 0x00, 0x00, 0x00, 0x00, 0x00, 0x00, 0x00, 0x00, 0x20, 0x1D, 
0x00, 0x00, 0x00, 0x05, 0x00, 0x00, 0x00, 0x07, 0x00, 0x00, 0x00, 0x08, 0x00, 0x00, 0x00, 0x0F, 
0x00, 0x00, 0x00, 0x01, 0x00, 0x00, 0x00, 0x00, 0x00, 0x00, 0x20, 0x22, 0x00, 0x00, 0x00, 0x03, 
0x00, 0x00, 0x00, 0x04, 0x00, 0x00, 0x00, 0x08, 0x00, 0x00, 0x00, 0x09, 0x00, 0x00, 0x00, 0x02, 
0x00, 0x00, 0x00, 0x00, 0x00, 0x00, 0x20, 0x26, 0x00, 0x00, 0x00, 0x03, 0x00, 0x00, 0x00, 0x0B, 
0x00, 0x00, 0x00, 0x0C, 0x00, 0x00, 0x00, 0x03, 0x00, 0x00, 0x00, 0x01, 0x00, 0x00, 0x00, 0x00, 
0x00, 0x00, 0x20, 0xAC, 0x00, 0x00, 0x00, 0x0F, 0x00, 0x00, 0x00, 0x10, 0x00, 0x00, 0x00, 0x11, 
0x00, 0x00, 0x00, 0x0F, 0x00, 0x00, 0x00, 0x00, 0x00, 0x00, 0x00, 0x00, 0xCB, 0xFF, 0xF3, 0xCB, 
0xFF, 0xF3, 0xCB, 0xFF, 0xF3, 0xCB, 0xFF, 0xF3, 0xCB, 0xFF, 0xF3, 0xCB, 0xFF, 0xF3, 0xCB, 0xFF, 
0xF3, 0xCB, 0xFF, 0xF3, 0xCB, 0xFF, 0xF3, 0xCB, 0xFF, 0xF3, 0xB5, 0xE3, 0xD9, 0x00, 0x00, 0x00, 
0x98, 0xBF, 0xB6, 0xCB, 0xFF, 0xF3, 0xCB, 0xFF, 0xF3, 0xC3, 0xFF, 0xFF, 0x67, 0xFF, 0xFF, 0x57, 
0xC3, 0xFF, 0xFF, 0x67, 0xFF, 0xFF, 0x57, 0xC3, 0xFF, 0xFF, 0x67, 0xFF, 0xFF, 0x57, 0xA2, 0xD3, 
0xD3, 0x56, 0xD3, 0xD3, 0x48, 0x00, 0x00, 0x00, 0x00, 0x00, 0x0D, 0xF8, 0xFF, 0xC7, 0x00, 0x00, 
0x00, 0x8E, 0xFF, 0xFF, 0x3B, 0x00, 0x00, 0x00, 0x00, 0x00, 0x57, 0xFF, 0xFF, 0x71, 0x00, 0x00, 
0x00, 0xE0, 0xFF, 0xE4, 0x01, 0x00, 0x00, 0x00, 0x00, 0x00, 0xAA, 0xFF, 0xFE, 0x1D, 0x00, 0x00, 
0x35, 0xFF, 0xFF, 0x8F, 0x00, 0x00, 0x8C, 0xBF, 0xBF, 0xBF, 0xF7, 0xFF, 0xF9, 0xBF, 0xBF, 0xBF, 
0xDA, 0xFF, 0xFF, 0xD6, 0xAA, 0x00, 0xBB, 0xFF, 0xFF, 0xFF, 0xFF, 0xFF, 0xFF, 0xFF, 0xFF, 0xFF, 
0xFF, 0xFF, 0xFF, 0xFF, 0xE3, 0x00, 0xBB, 0xFF, 0xFF, 0xFF, 0xFF, 0xFF, 0xFF, 0xFF, 0xFF, 0xFF, 
0xFF, 0xFF, 0xFF, 0xFF, 0xE3, 0x00, 0x00, 0x00, 0x04, 0xED, 0xFF, 0xD1, 0x00, 0x00, 0x00, 0x81, 
0xFF, 0xFF, 0x45, 0x00, 0x00, 0x00, 0x00, 0x00, 0x44, 0xFF, 0xFF, 0x7F, 0x00, 0x00, 0x00, 0xD4, 
0xFF, 0xEE, 0x05, 0x00, 0x00, 0x00, 0x00, 0x00, 0x96, 0xFF, 0xFF, 0x2C, 0x00, 0x00, 0x26, 0xFF, 
0xFF, 0xA0, 0x00, 0x00, 0x00, 0x53, 0xFF, 0xFF, 0xFF, 0xFF, 0xFF, 0xFF, 0xFF, 0xFF, 0xFF, 0xFF, 
0xFF, 0xFF, 0xFF, 0xFF, 0x47, 0x53, 0xFF, 0xFF, 0xFF, 0xFF, 0xFF, 0xFF, 0xFF, 0xFF, 0xFF, 0xFF, 
0xFF, 0xFF, 0xFF, 0xFF, 0x47, 0x40, 0xC3, 0xE9, 0xFF, 0xFF, 0xCB, 0xC3, 0xC3, 0xCE, 0xFF, 0xFF, 
0xE6, 0xC3, 0xC3, 0xC3, 0x37, 0x00, 0x00, 0xD4, 0xFF, 0xEA, 0x02, 0x00, 0x00, 0x60, 0xFF, 0xFF, 
0x60, 0x00, 0x00, 0x00, 0x00, 0x00, 0x25, 0xFF, 0xFF, 0x9E, 0x00, 0x00, 0x00, 0xB1, 0xFF, 0xFC, 
0x13, 0x00, 0x00, 0x00, 0x00, 0x00, 0x77, 0xFF, 0xFF, 0x4F, 0x00, 0x00, 0x0B, 0xF7, 0xFF, 0xBF, 
0x00, 0x00, 0x00, 0x00, 0x00, 0x00, 0x00, 0x00, 0x00, 0x00, 0x00, 0x2F, 0xFF, 0xFF, 0x8F, 0x00, 
0x00, 0x00, 0x00, 0x00, 0x00, 0x00, 0x00, 0x00, 0x00, 0x00, 0x00, 0x2F, 0xFF, 0xFF, 0x8F, 0x00, 
0x00, 0x00, 0x00, 0x00, 0x00, 0x00, 0x22, 0xB7, 0xF6, 0xFF, 0xFF, 0xFF, 0xFF, 0xFF, 0xFF, 0xFF, 
0xFF, 0xFE, 0xD9, 0x5B, 0x00, 0x06, 0xD8, 0xFF, 0xFF, 0xFF, 0xFF, 0xFF, 0xFF, 0xFF, 0xFF, 0xFF, 
0xFF, 0xFF, 0xFF, 0xFE, 0x3F, 0x37, 0xFF, 0xFF, 0xE1, 0xC3, 0xC3, 0xCF, 0xFF, 0xFF, 0xE5, 0xC3, 
0xC3, 0xCA, 0xFF, 0xFF, 0x96, 0x4B, 0xFF, 0xFF, 0x73, 0x00, 0x00, 0x2F, 0xFF, 0xFF, 0x8F, 0x00, 
0x00, 0x13, 0xFF, 0xFF, 0xAB, 0x4B, 0xFF, 0xFF, 0x73, 0x00, 0x00, 0x2F, 0xFF, 0xFF, 0x8F, 0x00, 
0x00, 0x00, 0x07, 0x07, 0x05, 0x4B, 0xFF, 0xFF, 0x76, 0x00, 0x00, 0x2F, 0xFF, 0xFF, 0x8F, 0x00, 
0x00, 0x00, 0x00, 0x00, 0x00, 0x2B, 0xFF, 0xFF, 0xFF, 0xFF, 0xFF, 0xFF, 0xFF, 0xFF, 0xFF, 0xFF, 
0xFF, 0xFE, 0xD9, 0x5B, 0x00, 0x00, 0xB8, 0xFF, 0xFF, 0xFF, 0xFF, 0xFF, 0xFF, 0xFF, 0xFF, 0xFF, 
0xFF, 0xFF, 0xFF, 0xFE, 0x3F, 0x00, 0x08, 0x7D, 0xBA, 0xC3, 0xC3, 0xCF, 0xFF, 0xFF, 0xE5, 0xC3, 
0xC3, 0xCB, 0xFF, 0xFF, 0x96, 0x00, 0x00, 0x00, 0x00, 0x00, 0x00, 0x2F, 0xFF, 0xFF, 0x8F, 0x00, 
0x00, 0x13, 0xFF, 0xFF, 0xAB, 0x02, 0x07, 0x07, 0x03, 0x00, 0x00, 0x2F, 0xFF, 0xFF, 0x8F, 0x00, 
0x00, 0x13, 0xFF, 0xFF, 0xAB, 0x4B, 0xFF, 0xFF, 0x73, 0x00, 0x00, 0x2F, 0xFF, 0xFF, 0x8F, 0x00, 
0x00, 0x13, 0xFF, 0xFF, 0xAB, 0x37, 0xFF, 0xFF, 0xDF, 0xBF, 0xBF, 0xCB, 0xFF, 0xFF, 0xE3, 0xBF, 
0xBF, 0xC7, 0xFF, 0xFF, 0x97, 0x06, 0xD9, 0xFF, 0xFF, 0xFF, 0xFF, 0xFF, 0xFF, 0xFF, 0xFF, 0xFF, 
0xFF, 0xFF, 0xFF, 0xFE, 0x41, 0x00, 0x24, 0xB9, 0xF6, 0xFF, 0xFF, 0xFF, 0xFF, 0xFF, 0xFF, 0xFF, 
0xFF, 0xFE, 0xDA, 0x5D, 0x00, 0x00, 0x00, 0x00, 0x00, 0x00, 0x00, 0x2F, 0xFF, 0xFF, 0x8F, 0x00, 
0x00, 0x00, 0x00, 0x00, 0x00, 0x00, 0x00, 0x00, 0x00, 0x00, 0x00, 0x2F, 0xFF, 0xFF, 0x8F, 0x00, 
0x00, 0x00, 0x00, 0x00, 0x00, 0x09, 0x93, 0xEB, 0xFF, 0xFD, 0xD3, 0x4D, 0x00, 0x00, 0x00, 0x00, 
0x00, 0x00, 0x00, 0x05, 0x9C, 0xA7, 0x00, 0x92, 0xFF, 0xFF, 0xFF, 0xFF, 0xFF, 0xFB, 0x2E, 0x00, 
0x00, 0x00, 0x00, 0x00, 0x0F, 0xBC, 0xFF, 0xA7, 0x00, 0xEB, 0xFF, 0x99, 0x5B, 0x5B, 0xDB, 0xFF, 
0x82, 0x00, 0x00, 0x00, 0x00, 0x21, 0xD6, 0xFF, 0xFF, 0xA7, 0x00, 0xFF, 0xFF, 0x5B, 0x00, 0x00, 
0xC3, 0xFF, 0x97, 0x00, 0x00, 0x00, 0x38, 0xE9, 0xFF, 0xFF, 0xD6, 0x22, 0x00, 0xF9, 0xFF, 0x5E, 
0x00, 0x00, 0xC5, 0xFF, 0x90, 0x00, 0x00, 0x55, 0xF7, 0xFF, 0xFF, 0xBA, 0x0F, 0x00, 0x00, 0xC2, 
0xFF, 0xFF, 0xFF, 0xFF, 0xFF, 0xFF, 0x59, 0x00, 0x78, 0xFE, 0xFF, 0xFF, 0x97, 0x04, 0x00, 0x00, 
0x00, 0x2E, 0xE6, 0xFF, 0xFF, 0xFF, 0xFF, 0xAA, 0x07, 0x9D, 0xFF, 0xFF, 0xFD, 0x70, 0x00, 0x00, 
0x00, 0x00, 0x00, 0x00, 0x0E, 0x4B, 0x5F, 0x5D, 0x35, 0x10, 0xBD, 0xFF, 0xFF, 0xF2, 0x4B, 0x00, 
0x00, 0x00, 0x00, 0x00, 0x00, 0x00, 0x00, 0x00, 0x00, 0x00, 0x21, 0xD6, 0xFF, 0xFF, 0xE1, 0x2E, 
0x58, 0xD7, 0xFE, 0xFF, 0xE7, 0x88, 0x05, 0x00, 0x00, 0x00, 0x00, 0x39, 0xEA, 0xFF, 0xFF, 0xC8, 
0x17, 0x3E, 0xFE, 0xFF, 0xFF, 0xFF, 0xFF, 0xFF, 0x84, 0x00, 0x00, 0x00, 0x56, 0xF7, 0xFF, 0xFF, 
0xA9, 0x08, 0x00, 0x95, 0xFF, 0xD1, 0x5B, 0x5B, 0xA3, 0xFF, 0xDC, 0x00, 0x00, 0x79, 0xFE, 0xFF, 
0xFF, 0x83, 0x01, 0x00, 0x00, 0xA7, 0xFF, 0xB3, 0x00, 0x00, 0x6B, 0xFF, 0xEF, 0x00, 0x48, 0xFF, 
0xFF, 0xF8, 0x5C, 0x00, 0x00, 0x00, 0x00, 0x96, 0xFF, 0xD0, 0x57, 0x57, 0xA1, 0xFF, 0xDD, 0x00, 
0x4F, 0xFF, 0xEA, 0x3B, 0x00, 0x00, 0x00, 0x00, 0x00, 0x41, 0xFE, 0xFF, 0xFF, 0xFF, 0xFF, 0xFF, 
0x87, 0x00, 0x4F, 0xD5, 0x21, 0x00, 0x00, 0x00, 0x00, 0x00, 0x00, 0x00, 0x5A, 0xD9, 0xFE, 0xFF, 
0xE8, 0x8B, 0x06, 0x00, 0x10, 0xA0, 0xEF, 0xFF, 0xFF, 0xFF, 0xFF, 0xFF, 0xFF, 0xFF, 0xFC, 0xCD, 
0x40, 0x00, 0x00, 0x00, 0x00, 0x00, 0xAA, 0xFF, 0xFF, 0xFF, 0xFF, 0xFF, 0xFF, 0xFF, 0xFF, 0xFF, 
0xFF, 0xFF, 0xF5, 0x20, 0x00, 0x00, 0x00, 0x07, 0xFB, 0xFF, 0xEF, 0xC7, 0xC7, 0xC7, 0xC7, 0xC7, 
0xC7, 0xC7, 0xD9, 0xFF, 0xFF, 0x70, 0x00, 0x00, 0x00, 0x17, 0xFF, 0xFF, 0xA7, 0x00, 0x00, 0x00, 
0x00, 0x00, 0x00, 0x00, 0x47, 0xFF, 0xFF, 0x77, 0x00, 0x00, 0x00, 0x17, 0xFF, 0xFF, 0xA7, 0x00, 
0x00, 0x00, 0x00, 0x00, 0x00, 0x00, 0x0D, 0x2F, 0x2F, 0x16, 0x00, 0x00, 0x00, 0x08, 0xFC, 0xFF, 
0xCC, 0x1B, 0x00, 0x00, 0x00, 0x00, 0x00, 0x00, 0x00, 0x00, 0x00, 0x00, 0x00, 0x00, 0x00, 0x19, 
0xF0, 0xFF, 0xFF, 0xF8, 0x94, 0x1C, 0x00, 0x00, 0x00, 0x00, 0x00, 0x00, 0x00, 0x00, 0x00, 0x00, 
0x00, 0xB6, 0xFF, 0xFF, 0xFE, 0xFF, 0xFF, 0xF9, 0x96, 0x1D, 0x00, 0x00, 0x00, 0x4D, 0x73, 0x73, 
0x09, 0x00, 0x00, 0xE3, 0xFF, 0xDD, 0x27, 0xA3, 0xFC, 0xFF, 0xFF, 0xF9, 0x97, 0x1E, 0x00, 0xAB, 
0xFF, 0xFF, 0x13, 0x00, 0x00, 0xE3, 0xFF, 0xDB, 0x00, 0x00, 0x26, 0xA2, 0xFC, 0xFF, 0xFF, 0xF9, 
0x98, 0xC2, 0xFF, 0xFF, 0x13, 0x00, 0x00, 0xE3, 0xFF, 0xDB, 0x00, 0x00, 0x00, 0x00, 0x24, 0xA0, 
0xFB, 0xFF, 0xFF, 0xFF, 0xFF, 0xFF, 0x14, 0x00, 0x00, 0xE3, 0xFF, 0xDB, 0x00, 0x00, 0x00, 0x00, 
0x00, 0x00, 0x23, 0x9F, 0xFB, 0xFF, 0xFF, 0xFF, 0xD2, 0x49, 0x00, 0xCF, 0xFF, 0xF9, 0xBF, 0xBF, 
0xBF, 0xBF, 0xBF, 0xBF, 0xBF, 0xBF, 0xDF, 0xFF, 0xFF, 0xFF, 0xFF, 0xFF, 0x84, 0x78, 0xFF, 0xFF, 
0xFF, 0xFF, 0xFF, 0xFF, 0xFF, 0xFF, 0xFF, 0xFF, 0xFF, 0xFF, 0xFF, 0xC7, 0xE5, 0xFF, 0x9B, 0x03, 
0x84, 0xE6, 0xFF, 0xFF, 0xFF, 0xFF, 0xFF, 0xFF, 0xFF, 0xFF, 0xFF, 0xE8, 0x9B, 0x08, 0x08, 0x6F, 
0x83, 0xC3, 0xFF, 0xFB, 0xC3, 0xFF, 0xFB, 0xC3, 0xFF, 0xFB, 0xA2, 0xD3, 0xD0, 0x05, 0x8A, 0xE8, 
0xFF, 0x1B, 0x81, 0xFF, 0xFF, 0xFF, 0x1B, 0xD7, 0xFF, 0xF6, 0xBB, 0x14, 0xEB, 0xFF, 0xD3, 0x00, 
0x00, 0xEB, 0xFF, 0xD3, 0x00, 0x00, 0xEB, 0xFF, 0xD3, 0x00, 0x00, 0xEB, 0xFF, 0xD3, 0x00, 0x00, 
0xEB, 0xFF, 0xD3, 0x00, 0x00, 0xEB, 0xFF, 0xD3, 0x00, 0x00, 0xEB, 0xFF, 0xD3, 0x00, 0x00, 0xEB, 
0xFF, 0xD3, 0x00, 0x00, 0xEB, 0xFF, 0xD3, 0x00, 0x00, 0xD9, 0xFF, 0xF5, 0xB7, 0x14, 0x84, 0xFF, 
0xFF, 0xFF, 0x1B, 0x06, 0x8C, 0xE9, 0xFF, 0x1B, 0xD3, 0xF3, 0xAE, 0x1A, 0x00, 0xD3, 0xFF, 0xFF, 
0xC9, 0x00, 0x9B, 0xE3, 0xFF, 0xFF, 0x22, 0x00, 0x8B, 0xFF, 0xFF, 0x37, 0x00, 0x8B, 0xFF, 0xFF, 
0x37, 0x00, 0x8B, 0xFF, 0xFF, 0x37, 0x00, 0x8B, 0xFF, 0xFF, 0x37, 0x00, 0x8B, 0xFF, 0xFF, 0x37, 
0x00, 0x8B, 0xFF, 0xFF, 0x37, 0x00, 0x8B, 0xFF, 0xFF, 0x37, 0x00, 0x8B, 0xFF, 0xFF, 0x37, 0x00, 
0x8B, 0xFF, 0xFF, 0x37, 0x98, 0xE1, 0xFF, 0xFF, 0x23, 0xD3, 0xFF, 0xFF, 0xCB, 0x00, 0xD3, 0xF4, 
0xB1, 0x1C, 0x00, 0x00, 0x00, 0x00, 0x1B, 0xFF, 0xFF, 0xAB, 0x00, 0x00, 0x00, 0x00, 0x00, 0x0C, 
0x00, 0x1B, 0xFF, 0xFF, 0xAB, 0x00, 0x04, 0x08, 0x00, 0x00, 0xDA, 0xC9, 0x88, 0xFF, 0xFF, 0xCD, 
0x9C, 0xEC, 0x6C, 0x00, 0x2D, 0xFF, 0xFF, 0xFF, 0xFF, 0xFF, 0xFF, 0xFF, 0xFF, 0xC1, 0x00, 0x39, 
0xC4, 0xFD, 0xFF, 0xFF, 0xFF, 0xFF, 0xFF, 0xEF, 0xA1, 0x02, 0x00, 0x00, 0x40, 0xFF, 0xFF, 0xFF, 
0xFF, 0xCE, 0x05, 0x00, 0x00, 0x00, 0x08, 0xD0, 0xFF, 0xFF, 0xFC, 0xFF, 0xFF, 0x6E, 0x00, 0x00, 
0x00, 0x3E, 0xF7, 0xFF, 0xC7, 0x48, 0xFD, 0xFF, 0xC9, 0x03, 0x00, 0x00, 0x00, 0x2B, 0xC3, 0x20, 
0x00, 0x7F, 0x8E, 0x06, 0x00, 0x00, 0x00, 0x00, 0x00, 0xC7, 0xFF, 0xF7, 0x00, 0x00, 0x00, 0x00, 
0x00, 0x00, 0xC7, 0xFF, 0xF7, 0x00, 0x00, 0x00, 0x7D, 0xBF, 0xBF, 0xF1, 0xFF, 0xFD, 0xBF, 0xBF, 
0xB3, 0xA7, 0xFF, 0xFF, 0xFF, 0xFF, 0xFF, 0xFF, 0xFF, 0xEF, 0xA7, 0xFF, 0xFF, 0xFF, 0xFF, 0xFF, 
0xFF, 0xFF, 0xEF, 0x00, 0x00, 0x00, 0xC7, 0xFF, 0xF7, 0x00, 0x00, 0x00, 0x00, 0x00, 0x00, 0xC7, 
0xFF, 0xF7, 0x00, 0x00, 0x00, 0x00, 0x00, 0x00, 0xC7, 0xFF, 0xF7, 0x00, 0x00, 0x00, 0xDF, 0xFF, 
0xDF, 0xDF, 0xFF, 0xDF, 0xDF, 0xFF, 0xD1, 0xDF, 0xFF, 0x78, 0xC1, 0x74, 0x02, 0x92, 0xBF, 0xBF, 
0xBF, 0xBF, 0xBF, 0xBF, 0xBF, 0x9B, 0xC3, 0xFF, 0xFF, 0xFF, 0xFF, 0xFF, 0xFF, 0xFF, 0xCF, 0xC3, 
0xFF, 0xFF, 0xFF, 0xFF, 0xFF, 0xFF, 0xFF, 0xCF, 0xA7, 0xBF, 0xA7, 0xDF, 0xFF, 0xDF, 0xDF, 0xFF, 
0xDF, 0x00, 0x00, 0x00, 0x00, 0x00, 0x00, 0x00, 0x00, 0x00, 0x46, 0xE0, 0x00, 0x00, 0x00, 0x00, 
0x00, 0x00, 0x00, 0x00, 0x27, 0xEF, 0xE3, 0x00, 0x00, 0x00, 0x00, 0x00, 0x00, 0x00, 0x12, 0xDB, 
0xFF, 0xE3, 0x00, 0x00, 0x00, 0x00, 0x00, 0x00, 0x04, 0xBD, 0xFF, 0xFF, 0x6E, 0x00, 0x00, 0x00, 
0x00, 0x00, 0x00, 0x97, 0xFF, 0xFF, 0x99, 0x00, 0x00, 0x00, 0x00, 0x00, 0x00, 0x6C, 0xFF, 0xFF, 
0xBF, 0x05, 0x00, 0x00, 0x00, 0x00, 0x00, 0x45, 0xFC, 0xFF, 0xDC, 0x13, 0x00, 0x00, 0x00, 0x00, 
0x00, 0x27, 0xEF, 0xFF, 0xF1, 0x29, 0x00, 0x00, 0x00, 0x00, 0x00, 0x11, 0xDA, 0xFF, 0xFC, 0x48, 
0x00, 0x00, 0x00, 0x00, 0x00, 0x04, 0xBC, 0xFF, 0xFF, 0x6F, 0x00, 0x00, 0x00, 0x00, 0x00, 0x00, 
0x96, 0xFF, 0xFF, 0x9B, 0x00, 0x00, 0x00, 0x00, 0x00, 0x00, 0x6B, 0xFF, 0xFF, 0xC0, 0x05, 0x00, 
0x00, 0x00, 0x00, 0x00, 0x00, 0xDF, 0xFF, 0xDD, 0x13, 0x00, 0x00, 0x00, 0x00, 0x00, 0x00, 0x00, 
0xDF, 0xF1, 0x2A, 0x00, 0x00, 0x00, 0x00, 0x00, 0x00, 0x00, 0x00, 0xDC, 0x49, 0x00, 0x00, 0x00, 
0x00, 0x00, 0x00, 0x00, 0x00, 0x00, 0x00, 0x6F, 0xDE, 0xFF, 0xFF, 0xFF, 0xFF, 0xFF, 0xFF, 0xFF, 
0xFF, 0xFF, 0xF0, 0xA4, 0x12, 0x00, 0x5C, 0xFF, 0xFF, 0xFF, 0xFF, 0xFF, 0xFF, 0xFF, 0xFF, 0xFF, 
0xFF, 0xFF, 0xFF, 0xFF, 0xB3, 0x00, 0xB8, 0xFF, 0xFF, 0xD5, 0xD3, 0xD3, 0xD3, 0xD3, 0xD3, 0xD3, 
0xD4, 0xFC, 0xFF, 0xFF, 0xFE, 0x10, 0xCF, 0xFF, 0xEF, 0x00, 0x00, 0x00, 0x00, 0x00, 0x00, 0x06, 
0x9D, 0xFF, 0xFF, 0xFF, 0xFF, 0x27, 0xCF, 0xFF, 0xEF, 0x00, 0x00, 0x00, 0x00, 0x00, 0x15, 0xC3, 
0xFF, 0xFF, 0xFF, 0xFF, 0xFF, 0x27, 0xCF, 0xFF, 0xEF, 0x00, 0x00, 0x00, 0x00, 0x2E, 0xE0, 0xFF, 
0xFF, 0xF0, 0xCD, 0xFF, 0xFF, 0x27, 0xCF, 0xFF, 0xEF, 0x00, 0x00, 0x00, 0x50, 0xF3, 0xFF, 0xFF, 
0xDA, 0x28, 0x97, 0xFF, 0xFF, 0x27, 0xCF, 0xFF, 0xEF, 0x00, 0x00, 0x79, 0xFE, 0xFF, 0xFF, 0xBC, 
0x11, 0x00, 0x97, 0xFF, 0xFF, 0x27, 0xCF, 0xFF, 0xEF, 0x08, 0xA6, 0xFF, 0xFF, 0xFF, 0x95, 0x04, 
0x00, 0x00, 0x97, 0xFF, 0xFF, 0x27, 0xCF, 0xFF, 0xF6, 0xCA, 0xFF, 0xFF, 0xFB, 0x69, 0x00, 0x00, 
0x00, 0x00, 0x97, 0xFF, 0xFF, 0x27, 0xCF, 0xFF, 0xFF, 0xFF, 0xFF, 0xED, 0x42, 0x00, 0x00, 0x00, 
0x00, 0x00, 0x97, 0xFF, 0xFF, 0x27, 0xCF, 0xFF, 0xFF, 0xFF, 0xD7, 0x24, 0x00, 0x00, 0x00, 0x00, 
0x00, 0x00, 0x97, 0xFF, 0xFF, 0x27, 0xB8, 0xFF, 0xFF, 0xFF, 0xE0, 0xD3, 0xD3, 0xD3, 0xD3, 0xD3, 
0xD3, 0xD3, 0xF0, 0xFF, 0xFE, 0x10, 0x5C, 0xFF, 0xFF, 0xFF, 0xFF, 0xFF, 0xFF, 0xFF, 0xFF, 0xFF, 
0xFF, 0xFF, 0xFF, 0xFF, 0xB3, 0x00, 0x00, 0x70, 0xE0, 0xFF, 0xFF, 0xFF, 0xFF, 0xFF, 0xFF, 0xFF, 
0xFF, 0xFF, 0xF1, 0xA5, 0x12, 0x00, 0x00, 0x00, 0x00, 0x0B, 0xCF, 0xFF, 0xFF, 0x9B, 0x00, 0x00, 
0x02, 0xB0, 0xFF, 0xFF, 0xFF, 0x9B, 0x00, 0x00, 0x8A, 0xFF, 0xFF, 0xFF, 0xFF, 0x9B, 0x00, 0x62, 
0xFF, 0xFF, 0xFF, 0xFF, 0xFF, 0x9B, 0x3E, 0xFA, 0xFF, 0xFF, 0x8E, 0xFF, 0xFF, 0x9B, 0x54, 0x67, 
0x67, 0x54, 0x23, 0xFF, 0xFF, 0x9B, 0x00, 0x00, 0x00, 0x00, 0x23, 0xFF, 0xFF, 0x9B, 0x00, 0x00, 
0x00, 0x00, 0x23, 0xFF, 0xFF, 0x9B, 0x00, 0x00, 0x00, 0x00, 0x23, 0xFF, 0xFF, 0x9B, 0x00, 0x00, 
0x00, 0x00, 0x23, 0xFF, 0xFF, 0x9B, 0x00, 0x00, 0x00, 0x00, 0x23, 0xFF, 0xFF, 0x9B, 0x00, 0x00, 
0x00, 0x00, 0x23, 0xFF, 0xFF, 0x9B, 0x00, 0x00, 0x00, 0x00, 0x23, 0xFF, 0xFF, 0x9B, 0x00, 0x00, 
0x00, 0x00, 0x23, 0xFF, 0xFF, 0x9B, 0x00, 0x00, 0x00, 0x00, 0x23, 0xFF, 0xFF, 0x9B, 0x00, 0x75, 
0xE0, 0xFF, 0xFF, 0xFF, 0xFF, 0xFF, 0xFF, 0xFF, 0xFF, 0xFF, 0xF1, 0xA8, 0x15, 0x00, 0x62, 0xFF, 
0xFF, 0xFF, 0xFF, 0xFF, 0xFF, 0xFF, 0xFF, 0xFF, 0xFF, 0xFF, 0xFF, 0xFF, 0xB9, 0x00, 0xBB, 0xFF, 
0xFE, 0xC5, 0xC3, 0xC3, 0xC3, 0xC3, 0xC3, 0xC3, 0xC3, 0xC3, 0xEA, 0xFF, 0xFF, 0x12, 0xCF, 0xFF, 
0xEF, 0x00, 0x00, 0x00, 0x00, 0x00, 0x00, 0x00, 0x00, 0x00, 0x97, 0xFF, 0xFF, 0x27, 0x06, 0x07, 
0x07, 0x00, 0x00, 0x00, 0x00, 0x00, 0x00, 0x00, 0x00, 0x00, 0x97, 0xFF, 0xFF, 0x27, 0x00, 0x00, 
0x00, 0x00, 0x00, 0x00, 0x00, 0x00, 0x00, 0x00, 0x00, 0x00, 0x97, 0xFF, 0xFF, 0x27, 0x00, 0x3C, 
0xA4, 0xC3, 0xC3, 0xC3, 0xC3, 0xC3, 0xC3, 0xC3, 0xC3, 0xC3, 0xE9, 0xFF, 0xFF, 0x14, 0x40, 0xFD, 
0xFF, 0xFF, 0xFF, 0xFF, 0xFF, 0xFF, 0xFF, 0xFF, 0xFF, 0xFF, 0xFF, 0xFF, 0xBC, 0x00, 0xAF, 0xFF, 
0xFF, 0xFF, 0xFF, 0xFF, 0xFF, 0xFF, 0xFF, 0xFF, 0xFF, 0xFF, 0xF2, 0xA9, 0x16, 0x00, 0xCF, 0xFF, 
0xF1, 0x00, 0x00, 0x00, 0x00, 0x00, 0x00, 0x00, 0x00, 0x00, 0x00, 0x00, 0x00, 0x00, 0xCF, 0xFF, 
0xEF, 0x00, 0x00, 0x00, 0x00, 0x00, 0x00, 0x00, 0x00, 0x00, 0x00, 0x00, 0x00, 0x00, 0xCF, 0xFF, 
0xEF, 0x00, 0x00, 0x00, 0x00, 0x00, 0x00, 0x00, 0x00, 0x00, 0x00, 0x00, 0x00, 0x00, 0xCF, 0xFF, 
0xFD, 0xC0, 0xBF, 0xBF, 0xBF, 0xBF, 0xBF, 0xBF, 0xBF, 0xBF, 0xBF, 0xBF, 0xBF, 0x1D, 0xCF, 0xFF, 
0xFF, 0xFF, 0xFF, 0xFF, 0xFF, 0xFF, 0xFF, 0xFF, 0xFF, 0xFF, 0xFF, 0xFF, 0xFF, 0x27, 0xCF, 0xFF, 
0xFF, 0xFF, 0xFF, 0xFF, 0xFF, 0xFF, 0xFF, 0xFF, 0xFF, 0xFF, 0xFF, 0xFF, 0xFF, 0x27, 0x03, 0x82, 
0xE5, 0xFF, 0xFF, 0xFF, 0xFF, 0xFF, 0xFF, 0xFF, 0xFF, 0xFB, 0xCB, 0x3C, 0x00, 0x00, 0x76, 0xFF, 
0xFF, 0xFF, 0xFF, 0xFF, 0xFF, 0xFF, 0xFF, 0xFF, 0xFF, 0xFF, 0xFF, 0xF2, 0x1B, 0x00, 0xCF, 0xFF, 
0xFA, 0xC3, 0xC3, 0xC3, 0xC3, 0xC3, 0xC3, 0xC3, 0xC3, 0xD6, 0xFF, 0xFF, 0x66, 0x00, 0xE3, 0xFF, 
0xDB, 0x00, 0x00, 0x00, 0x00, 0x00, 0x00, 0x00, 0x00, 0x43, 0xFF, 0xFF, 0x7B, 0x00, 0x00, 0x00, 
0x00, 0x00, 0x00, 0x00, 0x00, 0x00, 0x00, 0x00, 0x00, 0x43, 0xFF, 0xFF, 0x7B, 0x00, 0x00, 0x00, 
0x00, 0x00, 0x00, 0x00, 0x00, 0x00, 0x00, 0x00, 0x00, 0x45, 0xFF, 0xFF, 0x7B, 0x00, 0x00, 0x00, 
0x4B, 0xFF, 0xFF, 0xFF, 0xFF, 0xFF, 0xFF, 0xFF, 0xFF, 0xFF, 0xFF, 0xFF, 0x5D, 0x00, 0x00, 0x00, 
0x4B, 0xFF, 0xFF, 0xFF, 0xFF, 0xFF, 0xFF, 0xFF, 0xFF, 0xFF, 0xFF, 0xFF, 0xA3, 0x00, 0x00, 0x00, 
0x3A, 0xC3, 0xC3, 0xC3, 0xC3, 0xC3, 0xC3, 0xC3, 0xC3, 0xC3, 0xEE, 0xFF, 0xF8, 0x05, 0x00, 0x00, 
0x00, 0x00, 0x00, 0x00, 0x00, 0x00, 0x00, 0x00, 0x00, 0x00, 0xAB, 0xFF, 0xFF, 0x13, 0x00, 0x00, 
0x00, 0x00, 0x00, 0x00, 0x00, 0x00, 0x00, 0x00, 0x00, 0x00, 0xAB, 0xFF, 0xFF, 0x13, 0xB5, 0xCB, 
0xAF, 0x00, 0x00, 0x00, 0x00, 0x00, 0x00, 0x00, 0x00, 0x00, 0xAB, 0xFF, 0xFF, 0x13, 0xCF, 0xFF, 
0xF9, 0xBF, 0xBF, 0xBF, 0xBF, 0xBF, 0xBF, 0xBF, 0xBF, 0xBF, 0xED, 0xFF, 0xF9, 0x06, 0x78, 0xFF, 
0xFF, 0xFF, 0xFF, 0xFF, 0xFF, 0xFF, 0xFF, 0xFF, 0xFF, 0xFF, 0xFF, 0xFF, 0xA9, 0x00, 0x03, 0x84, 
0xE6, 0xFF, 0xFF, 0xFF, 0xFF, 0xFF, 0xFF, 0xFF, 0xFF, 0xFF, 0xEF, 0xA1, 0x10, 0x00, 0x00, 0x00, 
0x00, 0x00, 0x00, 0x00, 0x00, 0x00, 0x0D, 0xB9, 0xFF, 0xFF, 0x5F, 0x00, 0x00, 0x00, 0x00, 0x00, 
0x00, 0x00, 0x00, 0x00, 0x1B, 0xD0, 0xFF, 0xFF, 0xFF, 0x5F, 0x00, 0x00, 0x00, 0x00, 0x00, 0x00, 
0x00, 0x00, 0x2E, 0xE3, 0xFF, 0xFF, 0xFF, 0xFF, 0x5F, 0x00, 0x00, 0x00, 0x00, 0x00, 0x00, 0x00, 
0x46, 0xF2, 0xFF, 0xFF, 0xFF, 0xFF, 0xFF, 0x5F, 0x00, 0x00, 0x00, 0x00, 0x00, 0x00, 0x63, 0xFB, 
0xFF, 0xFF, 0xED, 0xA2, 0xFF, 0xFF, 0x5F, 0x00, 0x00, 0x00, 0x00, 0x00, 0x83, 0xFF, 0xFF, 0xFF, 
0xCD, 0x20, 0x5F, 0xFF, 0xFF, 0x5F, 0x00, 0x00, 0x00, 0x06, 0xA4, 0xFF, 0xFF, 0xFF, 0x9D, 0x08, 
0x00, 0x5F, 0xFF, 0xFF, 0x5F, 0x00, 0x00, 0x10, 0xBF, 0xFF, 0xFF, 0xF8, 0x65, 0x00, 0x00, 0x00, 
0x5F, 0xFF, 0xFF, 0x5F, 0x00, 0x00, 0xC5, 0xFF, 0xFF, 0xFF, 0xE4, 0xBF, 0xBF, 0xBF, 0xBF, 0xD7, 
0xFF, 0xFF, 0xD7, 0xBF, 0x5F, 0xDF, 0xFF, 0xFF, 0xFF, 0xFF, 0xFF, 0xFF, 0xFF, 0xFF, 0xFF, 0xFF, 
0xFF, 0xFF, 0xFF, 0x7F, 0xDF, 0xFF, 0xFF, 0xFF, 0xFF, 0xFF, 0xFF, 0xFF, 0xFF, 0xFF, 0xFF, 0xFF, 
0xFF, 0xFF, 0x7F, 0x00, 0x00, 0x00, 0x00, 0x00, 0x00, 0x00, 0x00, 0x00, 0x5F, 0xFF, 0xFF, 0x5F, 
0x00, 0x00, 0x00, 0x00, 0x00, 0x00, 0x00, 0x00, 0x00, 0x00, 0x00, 0x5F, 0xFF, 0xFF, 0x5F, 0x00, 
0x00, 0x00, 0x00, 0x00, 0x00, 0x00, 0x00, 0x00, 0x00, 0x00, 0x5F, 0xFF, 0xFF, 0x5F, 0x00, 0x00, 
0x00, 0x00, 0x00, 0x00, 0x00, 0x00, 0x00, 0x00, 0x00, 0x5F, 0xFF, 0xFF, 0x5F, 0x00, 0x00, 0xCF, 
0xFF, 0xFF, 0xFF, 0xFF, 0xFF, 0xFF, 0xFF, 0xFF, 0xFF, 0xFF, 0xFF, 0xFF, 0xFF, 0xFF, 0x27, 0xCF, 
0xFF, 0xFF, 0xFF, 0xFF, 0xFF, 0xFF, 0xFF, 0xFF, 0xFF, 0xFF, 0xFF, 0xFF, 0xFF, 0xFF, 0x27, 0xCF, 
0xFF, 0xFE, 0xC5, 0xC3, 0xC3, 0xC3, 0xC3, 0xC3, 0xC3, 0xC3, 0xC3, 0xC3, 0xC3, 0xC3, 0x1E, 0xCF, 
0xFF, 0xEF, 0x00, 0x00, 0x00, 0x00, 0x00, 0x00, 0x00, 0x00, 0x00, 0x00, 0x00, 0x00, 0x00, 0xCF, 
0xFF, 0xEF, 0x00, 0x00, 0x00, 0x00, 0x00, 0x00, 0x00, 0x00, 0x00, 0x00, 0x00, 0x00, 0x00, 0xCF, 
0xFF, 0xF1, 0x00, 0x00, 0x00, 0x00, 0x00, 0x00, 0x00, 0x00, 0x00, 0x00, 0x00, 0x00, 0x00, 0xCF, 
0xFF, 0xFF, 0xFF, 0xFF, 0xFF, 0xFF, 0xFF, 0xFF, 0xFF, 0xFF, 0xFF, 0xF1, 0xA8, 0x15, 0x00, 0xCF, 
0xFF, 0xFF, 0xFF, 0xFF, 0xFF, 0xFF, 0xFF, 0xFF, 0xFF, 0xFF, 0xFF, 0xFF, 0xFF, 0xB9, 0x00, 0xA2, 
0xC7, 0xC7, 0xC7, 0xC7, 0xC7, 0xC7, 0xC7, 0xC7, 0xC7, 0xC7, 0xC7, 0xEB, 0xFF, 0xFF, 0x12, 0x00, 
0x00, 0x00, 0x00, 0x00, 0x00, 0x00, 0x00, 0x00, 0x00, 0x00, 0x00, 0x97, 0xFF, 0xFF, 0x27, 0x06, 
0x07, 0x07, 0x00, 0x00, 0x00, 0x00, 0x00, 0x00, 0x00, 0x00, 0x00, 0x97, 0xFF, 0xFF, 0x27, 0xCF, 
0xFF, 0xEF, 0x00, 0x00, 0x00, 0x00, 0x00, 0x00, 0x00, 0x00, 0x00, 0x97, 0xFF, 0xFF, 0x27, 0xBB, 
0xFF, 0xFD, 0xC0, 0xBF, 0xBF, 0xBF, 0xBF, 0xBF, 0xBF, 0xBF, 0xBF, 0xE8, 0xFF, 0xFF, 0x13, 0x64, 
0xFF, 0xFF, 0xFF, 0xFF, 0xFF, 0xFF, 0xFF, 0xFF, 0xFF, 0xFF, 0xFF, 0xFF, 0xFF, 0xBB, 0x00, 0x00, 
0x76, 0xE2, 0xFF, 0xFF, 0xFF, 0xFF, 0xFF, 0xFF, 0xFF, 0xFF, 0xFF, 0xF2, 0xA9, 0x16, 0x00, 0x00, 
0x75, 0xE0, 0xFF, 0xFF, 0xFF, 0xFF, 0xFF, 0xFF, 0xFF, 0xFF, 0xFF, 0xC3, 0x00, 0x00, 0x00, 0x62, 
0xFF, 0xFF, 0xFF, 0xFF, 0xFF, 0xFF, 0xFF, 0xFF, 0xFF, 0xFF, 0xFF, 0xC3, 0x00, 0x00, 0x00, 0xBB, 
0xFF, 0xFE, 0xC5, 0xC3, 0xC3, 0xC3, 0xC3, 0xC3, 0xC3, 0xC3, 0xC3, 0x96, 0x00, 0x00, 0x00, 0xCF, 
0xFF, 0xEF, 0x00, 0x00, 0x00, 0x00, 0x00, 0x00, 0x00, 0x00, 0x00, 0x00, 0x00, 0x00, 0x00, 0xCF, 
0xFF, 0xEF, 0x00, 0x00, 0x00, 0x00, 0x00, 0x00, 0x00, 0x00, 0x00, 0x00, 0x00, 0x00, 0x00, 0xCF, 
0xFF, 0xF1, 0x00, 0x00, 0x00, 0x00, 0x00, 0x00, 0x00, 0x00, 0x00, 0x00, 0x00, 0x00, 0x00, 0xCF, 
0xFF, 0xFF, 0xFF, 0xFF, 0xFF, 0xFF, 0xFF, 0xFF, 0xFF, 0xFF, 0xFF, 0xF1, 0xA8, 0x15, 0x00, 0xCF, 
0xFF, 0xFF, 0xFF, 0xFF, 0xFF, 0xFF, 0xFF, 0xFF, 0xFF, 0xFF, 0xFF, 0xFF, 0xFF, 0xB9, 0x00, 0xCF, 
0xFF, 0xFC, 0xC7, 0xC7, 0xC7, 0xC7, 0xC7, 0xC7, 0xC7, 0xC7, 0xC7, 0xEB, 0xFF, 0xFF, 0x12, 0xCF, 
0xFF, 0xEF, 0x00, 0x00, 0x00, 0x00, 0x00, 0x00, 0x00, 0x00, 0x00, 0x97, 0xFF, 0xFF, 0x27, 0xCF, 
0xFF, 0xEF, 0x00, 0x00, 0x00, 0x00, 0x00, 0x00, 0x00, 0x00, 0x00, 0x97, 0xFF, 0xFF, 0x27, 0xCF, 
0xFF, 0xEF, 0x00, 0x00, 0x00, 0x00, 0x00, 0x00, 0x00, 0x00, 0x00, 0x97, 0xFF, 0xFF, 0x27, 0xBB, 
0xFF, 0xFD, 0xC0, 0xBF, 0xBF, 0xBF, 0xBF, 0xBF, 0xBF, 0xBF, 0xBF, 0xE8, 0xFF, 0xFF, 0x13, 0x64, 
0xFF, 0xFF, 0xFF, 0xFF, 0xFF, 0xFF, 0xFF, 0xFF, 0xFF, 0xFF, 0xFF, 0xFF, 0xFF, 0xBB, 0x00, 0x00, 
0x76, 0xE2, 0xFF, 0xFF, 0xFF, 0xFF, 0xFF, 0xFF, 0xFF, 0xFF, 0xFF, 0xF2, 0xA9, 0x16, 0x00, 0xEF, 
0xFF, 0xFF, 0xFF, 0xFF, 0xFF, 0xFF, 0xFF, 0xFF, 0xFE, 0xD6, 0x52, 0x00, 0xEF, 0xFF, 0xFF, 0xFF, 
0xFF, 0xFF, 0xFF, 0xFF, 0xFF, 0xFF, 0xFF, 0xFC, 0x35, 0xB7, 0xC3, 0xC3, 0xC3, 0xC3, 0xC3, 0xC3, 
0xC3, 0xC3, 0xCE, 0xFF, 0xFF, 0x8A, 0x00, 0x00, 0x00, 0x00, 0x00, 0x00, 0x00, 0x00, 0x00, 0x1F, 
0xFF, 0xFF, 0x9F, 0x00, 0x00, 0x00, 0x00, 0x00, 0x00, 0x00, 0x00, 0x00, 0x1F, 0xFF, 0xFF, 0x9F, 
0x00, 0x00, 0x00, 0x00, 0x00, 0x00, 0x00, 0x00, 0x00, 0x1F, 0xFF, 0xFF, 0x9F, 0x00, 0x00, 0x00, 
0x00, 0x00, 0x00, 0x00, 0x00, 0x00, 0x1F, 0xFF, 0xFF, 0x9F, 0x00, 0x00, 0x00, 0x00, 0x00, 0x00, 
0x00, 0x00, 0x00, 0x1F, 0xFF, 0xFF, 0x9F, 0x00, 0x00, 0x00, 0x00, 0x00, 0x00, 0x00, 0x00, 0x00, 
0x1F, 0xFF, 0xFF, 0x9F, 0x00, 0x00, 0x00, 0x00, 0x00, 0x00, 0x00, 0x00, 0x00, 0x1F, 0xFF, 0xFF, 
0x9F, 0x00, 0x00, 0x00, 0x00, 0x00, 0x00, 0x00, 0x00, 0x00, 0x1F, 0xFF, 0xFF, 0x9F, 0x00, 0x00, 
0x00, 0x00, 0x00, 0x00, 0x00, 0x00, 0x00, 0x1F, 0xFF, 0xFF, 0x9F, 0x00, 0x00, 0x00, 0x00, 0x00, 
0x00, 0x00, 0x00, 0x00, 0x1F, 0xFF, 0xFF, 0x9F, 0x00, 0x00, 0x00, 0x00, 0x00, 0x00, 0x00, 0x00, 
0x00, 0x1F, 0xFF, 0xFF, 0x9F, 0x00, 0x00, 0x00, 0x00, 0x00, 0x00, 0x00, 0x00, 0x00, 0x1F, 0xFF, 
0xFF, 0x9F, 0x00, 0x75, 0xE0, 0xFF, 0xFF, 0xFF, 0xFF, 0xFF, 0xFF, 0xFF, 0xFF, 0xFF, 0xF3, 0xAC, 
0x18, 0x00, 0x63, 0xFF, 0xFF, 0xFF, 0xFF, 0xFF, 0xFF, 0xFF, 0xFF, 0xFF, 0xFF, 0xFF, 0xFF, 0xFF, 
0xC5, 0x00, 0xBB, 0xFF, 0xFE, 0xC9, 0xC7, 0xC7, 0xC7, 0xC7, 0xC7, 0xC7, 0xC7, 0xC7, 0xEB, 0xFF, 
0xFF, 0x20, 0xCF, 0xFF, 0xEF, 0x00, 0x00, 0x00, 0x00, 0x00, 0x00, 0x00, 0x00, 0x00, 0x97, 0xFF, 
0xFF, 0x27, 0xCF, 0xFF, 0xEF, 0x00, 0x00, 0x00, 0x00, 0x00, 0x00, 0x00, 0x00, 0x00, 0x97, 0xFF, 
0xFF, 0x27, 0xCC, 0xFF, 0xF1, 0x00, 0x00, 0x00, 0x00, 0x00, 0x00, 0x00, 0x00, 0x00, 0x9A, 0xFF, 
0xFF, 0x24, 0x94, 0xFF, 0xFF, 0xFF, 0xFF, 0xFF, 0xFF, 0xFF, 0xFF, 0xFF, 0xFF, 0xFF, 0xFF, 0xFF, 
0xE9, 0x01, 0x7E, 0xFF, 0xFF, 0xFF, 0xFF, 0xFF, 0xFF, 0xFF, 0xFF, 0xFF, 0xFF, 0xFF, 0xFF, 0xFF, 
0xD6, 0x00, 0xC0, 0xFF, 0xFA, 0x8C, 0x8B, 0x8B, 0x8B, 0x8B, 0x8B, 0x8B, 0x8B, 0x8B, 0xD3, 0xFF, 
0xFF, 0x18, 0xCF, 0xFF, 0xEF, 0x00, 0x00, 0x00, 0x00, 0x00, 0x00, 0x00, 0x00, 0x00, 0x97, 0xFF, 
0xFF, 0x27, 0xCF, 0xFF, 0xEF, 0x00, 0x00, 0x00, 0x00, 0x00, 0x00, 0x00, 0x00, 0x00, 0x97, 0xFF, 
0xFF, 0x27, 0xCF, 0xFF, 0xEF, 0x00, 0x00, 0x00, 0x00, 0x00, 0x00, 0x00, 0x00, 0x00, 0x97, 0xFF, 
0xFF, 0x27, 0xBB, 0xFF, 0xFD, 0xC0, 0xBF, 0xBF, 0xBF, 0xBF, 0xBF, 0xBF, 0xBF, 0xBF, 0xE8, 0xFF, 
0xFF, 0x13, 0x64, 0xFF, 0xFF, 0xFF, 0xFF, 0xFF, 0xFF, 0xFF, 0xFF, 0xFF, 0xFF, 0xFF, 0xFF, 0xFF, 
0xBB, 0x00, 0x00, 0x76, 0xE2, 0xFF, 0xFF, 0xFF, 0xFF, 0xFF, 0xFF, 0xFF, 0xFF, 0xFF, 0xF2, 0xA9, 
0x16, 0x00, 0x04, 0x85, 0xE6, 0xFF, 0xFF, 0xFF, 0xFF, 0xFF, 0xFF, 0xFF, 0xFF, 0xFF, 0xED, 0x9B, 
0x0D, 0x00, 0x7E, 0xFF, 0xFF, 0xFF, 0xFF, 0xFF, 0xFF, 0xFF, 0xFF, 0xFF, 0xFF, 0xFF, 0xFF, 0xFF, 
0x9F, 0x00, 0xD7, 0xFF, 0xF9, 0xC3, 0xC3, 0xC3, 0xC3, 0xC3, 0xC3, 0xC3, 0xC3, 0xC3, 0xF0, 0xFF, 
0xF4, 0x02, 0xEB, 0xFF, 0xDB, 0x00, 0x00, 0x00, 0x00, 0x00, 0x00, 0x00, 0x00, 0x00, 0xB3, 0xFF, 
0xFF, 0x0B, 0xEB, 0xFF, 0xDB, 0x00, 0x00, 0x00, 0x00, 0x00, 0x00, 0x00, 0x00, 0x00, 0xB3, 0xFF, 
0xFF, 0x0B, 0xEB, 0xFF, 0xDB, 0x00, 0x00, 0x00, 0x00, 0x00, 0x00, 0x00, 0x00, 0x00, 0xB3, 0xFF, 
0xFF, 0x0B, 0xD7, 0xFF, 0xF9, 0xC3, 0xC3, 0xC3, 0xC3, 0xC3, 0xC3, 0xC3, 0xC3, 0xC3, 0xEE, 0xFF, 
0xFF, 0x0B, 0x80, 0xFF, 0xFF, 0xFF, 0xFF, 0xFF, 0xFF, 0xFF, 0xFF, 0xFF, 0xFF, 0xFF, 0xFF, 0xFF, 
0xFF, 0x0B, 0x05, 0x87, 0xE7, 0xFF, 0xFF, 0xFF, 0xFF, 0xFF, 0xFF, 0xFF, 0xFF, 0xFF, 0xFF, 0xFF, 
0xFF, 0x0B, 0x00, 0x00, 0x00, 0x00, 0x00, 0x00, 0x00, 0x00, 0x00, 0x00, 0x00, 0x00, 0xB6, 0xFF, 
0xFF, 0x0B, 0x00, 0x00, 0x00, 0x00, 0x00, 0x00, 0x00, 0x00, 0x00, 0x00, 0x00, 0x00, 0xB3, 0xFF, 
0xFF, 0x0B, 0x00, 0x00, 0x00, 0x00, 0x00, 0x00, 0x00, 0x00, 0x00, 0x00, 0x00, 0x00, 0xB3, 0xFF, 
0xFF, 0x0B, 0x9B, 0xBF, 0xBF, 0xBF, 0xBF, 0xBF, 0xBF, 0xBF, 0xBF, 0xBF, 0xBF, 0xBF, 0xEF, 0xFF, 
0xF4, 0x02, 0x6C, 0xFF, 0xFF, 0xFF, 0xFF, 0xFF, 0xFF, 0xFF, 0xFF, 0xFF, 0xFF, 0xFF, 0xFF, 0xFF, 
0xA1, 0x00, 0x00, 0x7B, 0xE7, 0xFF, 0xFF, 0xFF, 0xFF, 0xFF, 0xFF, 0xFF, 0xFF, 0xFF, 0xEE, 0x9D, 
0x0E, 0x00, 0xDF, 0xFF, 0xDF, 0xDF, 0xFF, 0xDF, 0xAE, 0xC7, 0xAE, 0x00, 0x00, 0x00, 0x00, 0x00, 
0x00, 0x00, 0x00, 0x00, 0x00, 0x00, 0x00, 0x00, 0x00, 0x00, 0x00, 0x00, 0x00, 0xA7, 0xBF, 0xA7, 
0xDF, 0xFF, 0xDF, 0xDF, 0xFF, 0xDF, 0xEF, 0xFF, 0xCF, 0xEF, 0xFF, 0xCF, 0xBB, 0xC7, 0xA2, 0x00, 
0x00, 0x00, 0x00, 0x00, 0x00, 0x00, 0x00, 0x00, 0x00, 0x00, 0x00, 0x00, 0x00, 0x00, 0x00, 0x00, 
0x00, 0x3F, 0x43, 0x37, 0xEF, 0xFF, 0xCF, 0xEF, 0xFF, 0xCF, 0xEF, 0xFF, 0xBB, 0xEF, 0xFF, 0x5A, 
0xCB, 0x61, 0x00, 0x00, 0x00, 0x00, 0x00, 0x00, 0x00, 0x00, 0x2F, 0xA7, 0x00, 0x00, 0x00, 0x00, 
0x00, 0x11, 0x93, 0xFC, 0xE3, 0x00, 0x00, 0x00, 0x02, 0x64, 0xEB, 0xFF, 0xFF, 0xE3, 0x00, 0x00, 
0x37, 0xCB, 0xFF, 0xFF, 0xFF, 0xF5, 0x75, 0x15, 0x9C, 0xFE, 0xFF, 0xFF, 0xFF, 0xAA, 0x1D, 0x00, 
0xDD, 0xFF, 0xFF, 0xFF, 0xD4, 0x42, 0x00, 0x00, 0x00, 0xE7, 0xFF, 0xFF, 0xCD, 0x0A, 0x00, 0x00, 
0x00, 0x00, 0xDA, 0xFF, 0xFF, 0xFF, 0xD9, 0x47, 0x00, 0x00, 0x00, 0x12, 0x97, 0xFD, 0xFF, 0xFF, 
0xFF, 0xAE, 0x20, 0x00, 0x00, 0x00, 0x32, 0xC7, 0xFF, 0xFF, 0xFF, 0xF6, 0x78, 0x00, 0x00, 0x00, 
0x01, 0x61, 0xE9, 0xFF, 0xFF, 0xE3, 0x00, 0x00, 0x00, 0x00, 0x00, 0x10, 0x93, 0xFC, 0xE3, 0x00, 
0x00, 0x00, 0x00, 0x00, 0x00, 0x00, 0x2F, 0xA7, 0x92, 0xBF, 0xBF, 0xBF, 0xBF, 0xBF, 0xBF, 0xBF, 
0xBF, 0xBF, 0xBF, 0x29, 0xC3, 0xFF, 0xFF, 0xFF, 0xFF, 0xFF, 0xFF, 0xFF, 0xFF, 0xFF, 0xFF, 0x37, 
0xC3, 0xFF, 0xFF, 0xFF, 0xFF, 0xFF, 0xFF, 0xFF, 0xFF, 0xFF, 0xFF, 0x37, 0x00, 0x00, 0x00, 0x00, 
0x00, 0x00, 0x00, 0x00, 0x00, 0x00, 0x00, 0x00, 0x92, 0xBF, 0xBF, 0xBF, 0xBF, 0xBF, 0xBF, 0xBF, 
0xBF, 0xBF, 0xBF, 0x29, 0xC3, 0xFF, 0xFF, 0xFF, 0xFF, 0xFF, 0xFF, 0xFF, 0xFF, 0xFF, 0xFF, 0x37, 
0xC3, 0xFF, 0xFF, 0xFF, 0xFF, 0xFF, 0xFF, 0xFF, 0xFF, 0xFF, 0xFF, 0x37, 0x9A, 0x4E, 0x00, 0x00, 
0x00, 0x00, 0x00, 0x00, 0x00, 0x00, 0xC3, 0xFF, 0xC2, 0x37, 0x00, 0x00, 0x00, 0x00, 0x00, 0x00, 
0xC3, 0xFF, 0xFF, 0xFF, 0xAA, 0x24, 0x00, 0x00, 0x00, 0x00, 0x2C, 0xB4, 0xFF, 0xFF, 0xFF, 0xFA, 
0x93, 0x15, 0x00, 0x00, 0x00, 0x00, 0x40, 0xCA, 0xFF, 0xFF, 0xFF, 0xF2, 0x7B, 0x02, 0x00, 0x00, 
0x00, 0x01, 0x56, 0xDC, 0xFF, 0xFF, 0xFF, 0x0B, 0x00, 0x00, 0x00, 0x01, 0x5C, 0xE1, 0xFF, 0xFF, 
0xFF, 0x0B, 0x00, 0x00, 0x42, 0xCE, 0xFF, 0xFF, 0xFF, 0xEF, 0x75, 0x02, 0x2C, 0xB5, 0xFF, 0xFF, 
0xFF, 0xF9, 0x8E, 0x12, 0x00, 0x00, 0xC3, 0xFF, 0xFF, 0xFE, 0xA8, 0x21, 0x00, 0x00, 0x00, 0x00, 
0xC3, 0xFF, 0xC0, 0x35, 0x00, 0x00, 0x00, 0x00, 0x00, 0x00, 0x9B, 0x4E, 0x00, 0x00, 0x00, 0x00, 
0x00, 0x00, 0x00, 0x00, 0x5B, 0xFF, 0xFF, 0xFF, 0xFF, 0xFF, 0xFF, 0xFF, 0xFF, 0xFF, 0xFF, 0xDD, 
0x69, 0x00, 0x5B, 0xFF, 0xFF, 0xFF, 0xFF, 0xFF, 0xFF, 0xFF, 0xFF, 0xFF, 0xFF, 0xFF, 0xFF, 0x51, 
0x46, 0xC3, 0xC3, 0xC3, 0xC3, 0xC3, 0xC3, 0xC3, 0xC3, 0xC3, 0xC6, 0xFF, 0xFF, 0xA9, 0x00, 0x00, 
0x00, 0x00, 0x00, 0x00, 0x00, 0x00, 0x00, 0x00, 0x00, 0xFF, 0xFF, 0xBF, 0x00, 0x00, 0x00, 0x00, 
0x00, 0x00, 0x00, 0x00, 0x00, 0x00, 0x00, 0xFF, 0xFF, 0xBF, 0x00, 0x00, 0x00, 0x00, 0x00, 0x00, 
0x00, 0x00, 0x00, 0x00, 0x00, 0xFF, 0xFF, 0xBF, 0x00, 0x00, 0x00, 0x00, 0x0D, 0x3F, 0x4B, 0x4B, 
0x4B, 0x4B, 0x4E, 0xFF, 0xFF, 0xBF, 0x00, 0x00, 0x00, 0x46, 0xED, 0xFF, 0xFF, 0xFF, 0xFF, 0xFF, 
0xFF, 0xFF, 0xFF, 0x9F, 0x00, 0x00, 0x06, 0xEB, 0xFF, 0xFF, 0xFF, 0xFF, 0xFF, 0xFF, 0xFF, 0xFF, 
0xFB, 0x36, 0x00, 0x00, 0x2F, 0xFF, 0xFF, 0xE4, 0xC7, 0xC7, 0xC7, 0xC7, 0xC7, 0xA6, 0x37, 0x00, 
0x00, 0x00, 0x37, 0xFF, 0xFF, 0x8F, 0x00, 0x00, 0x00, 0x00, 0x00, 0x00, 0x00, 0x00, 0x00, 0x00, 
0x00, 0x00, 0x00, 0x00, 0x00, 0x00, 0x00, 0x00, 0x00, 0x00, 0x00, 0x00, 0x00, 0x00, 0x29, 0xBF, 
0xBF, 0x6B, 0x00, 0x00, 0x00, 0x00, 0x00, 0x00, 0x00, 0x00, 0x00, 0x00, 0x37, 0xFF, 0xFF, 0x8F, 
0x00, 0x00, 0x00, 0x00, 0x00, 0x00, 0x00, 0x00, 0x00, 0x00, 0x37, 0xFF, 0xFF, 0x8F, 0x00, 0x00, 
0x00, 0x00, 0x00, 0x00, 0x00, 0x00, 0x00, 0x75, 0xE0, 0xFF, 0xFF, 0xFF, 0xFF, 0xFF, 0xFF, 0xFF, 
0xFF, 0xFF, 0xF1, 0xA8, 0x15, 0x00, 0x62, 0xFF, 0xFF, 0xFF, 0xFF, 0xFF, 0xFF, 0xFF, 0xFF, 0xFF, 
0xFF, 0xFF, 0xFF, 0xFF, 0xB9, 0x00, 0xBB, 0xFF, 0xFE, 0xC5, 0xC3, 0xC3, 0xC3, 0xC3, 0xC3, 0xC3, 
0xC3, 0xC3, 0xEA, 0xFF, 0xFF, 0x12, 0xCF, 0xFF, 0xEF, 0x00, 0x00, 0x00, 0x00, 0x00, 0x00, 0x00, 
0x00, 0x00, 0x97, 0xFF, 0xFF, 0x27, 0xCF, 0xFF, 0xEF, 0x00, 0x04, 0x86, 0xE6, 0xFF, 0xF5, 0xB6, 
0x20, 0x00, 0x97, 0xFF, 0xFF, 0x27, 0xCF, 0xFF, 0xEF, 0x00, 0x7C, 0xFF, 0xFF, 0xFF, 0xFF, 0xFF, 
0xD2, 0x02, 0x97, 0xFF, 0xFF, 0x27, 0xCF, 0xFF, 0xEF, 0x00, 0xD3, 0xFF, 0x5D, 0x27, 0x28, 0xEA, 
0xFF, 0x2A, 0x97, 0xFF, 0xFF, 0x27, 0xCF, 0xFF, 0xEF, 0x00, 0xE7, 0xFF, 0x3B, 0x00, 0x00, 0xE3, 
0xFF, 0x3F, 0x97, 0xFF, 0xFF, 0x27, 0xCF, 0xFF, 0xEF, 0x00, 0xD3, 0xFF, 0x82, 0x57, 0x57, 0xED, 
0xFF, 0x81, 0xBB, 0xFF, 0xFF, 0x27, 0xCF, 0xFF, 0xEF, 0x00, 0x7E, 0xFF, 0xFF, 0xFF, 0xFF, 0xFF, 
0xFF, 0xFF, 0xFF, 0xFF, 0xFF, 0x27, 0xCF, 0xFF, 0xEF, 0x00, 0x05, 0x88, 0xE7, 0xFF, 0xFF, 0xFF, 
0xFF, 0xFF, 0xFF, 0xFF, 0xFF, 0x27, 0xCF, 0xFF, 0xEF, 0x00, 0x00, 0x00, 0x00, 0x00, 0x00, 0x00, 
0x00, 0x00, 0x00, 0x00, 0x00, 0x00, 0xBC, 0xFF, 0xFD, 0xC0, 0xBF, 0xBF, 0xBF, 0xBF, 0xBF, 0xBF, 
0xBF, 0xBF, 0xBF, 0xBF, 0xBF, 0x1D, 0x65, 0xFF, 0xFF, 0xFF, 0xFF, 0xFF, 0xFF, 0xFF, 0xFF, 0xFF, 
0xFF, 0xFF, 0xFF, 0xFF, 0xFF, 0x27, 0x01, 0x77, 0xE2, 0xFF, 0xFF, 0xFF, 0xFF, 0xFF, 0xFF, 0xFF, 
0xFF, 0xFF, 0xFF, 0xFF, 0xFF, 0x27, 0x00, 0x70, 0xDE, 0xFF, 0xFF, 0xFF, 0xFF, 0xFF, 0xFF, 0xFF, 
0xFF, 0xFF, 0xF6, 0xB8, 0x24, 0x00, 0x5D, 0xFF, 0xFF, 0xFF, 0xFF, 0xFF, 0xFF, 0xFF, 0xFF, 0xFF, 
0xFF, 0xFF, 0xFF, 0xFF, 0xDA, 0x07, 0xB6, 0xFF, 0xFF, 0xCA, 0xC7, 0xC7, 0xC7, 0xC7, 0xC7, 0xC7, 
0xC7, 0xC7, 0xE4, 0xFF, 0xFF, 0x3D, 0xCB, 0xFF, 0xFB, 0x00, 0x00, 0x00, 0x00, 0x00, 0x00, 0x00, 
0x00, 0x00, 0x77, 0xFF, 0xFF, 0x53, 0xCB, 0xFF, 0xFB, 0x00, 0x00, 0x00, 0x00, 0x00, 0x00, 0x00, 
0x00, 0x00, 0x77, 0xFF, 0xFF, 0x53, 0xCB, 0xFF, 0xFB, 0x00, 0x00, 0x00, 0x00, 0x00, 0x00, 0x00, 
0x00, 0x00, 0x77, 0xFF, 0xFF, 0x53, 0xCB, 0xFF, 0xFB, 0x00, 0x00, 0x00, 0x00, 0x00, 0x00, 0x00, 
0x00, 0x00, 0x77, 0xFF, 0xFF, 0x53, 0xCB, 0xFF, 0xFF, 0xC3, 0xC3, 0xC3, 0xC3, 0xC3, 0xC3, 0xC3, 
0xC3, 0xC3, 0xE0, 0xFF, 0xFF, 0x53, 0xCB, 0xFF, 0xFF, 0xFF, 0xFF, 0xFF, 0xFF, 0xFF, 0xFF, 0xFF, 
0xFF, 0xFF, 0xFF, 0xFF, 0xFF, 0x53, 0xCB, 0xFF, 0xFF, 0xFF, 0xFF, 0xFF, 0xFF, 0xFF, 0xFF, 0xFF, 
0xFF, 0xFF, 0xFF, 0xFF, 0xFF, 0x53, 0xCB, 0xFF, 0xFB, 0x00, 0x00, 0x00, 0x00, 0x00, 0x00, 0x00, 
0x00, 0x00, 0x77, 0xFF, 0xFF, 0x53, 0xCB, 0xFF, 0xFB, 0x00, 0x00, 0x00, 0x00, 0x00, 0x00, 0x00, 
0x00, 0x00, 0x77, 0xFF, 0xFF, 0x53, 0xCB, 0xFF, 0xFB, 0x00, 0x00, 0x00, 0x00, 0x00, 0x00, 0x00, 
0x00, 0x00, 0x77, 0xFF, 0xFF, 0x53, 0xCB, 0xFF, 0xFB, 0x00, 0x00, 0x00, 0x00, 0x00, 0x00, 0x00, 
0x00, 0x00, 0x77, 0xFF, 0xFF, 0x53, 0xCB, 0xFF, 0xFB, 0x00, 0x00, 0x00, 0x00, 0x00, 0x00, 0x00, 
0x00, 0x00, 0x77, 0xFF, 0xFF, 0x53, 0xC3, 0xFF, 0xFF, 0xFF, 0xFF, 0xFF, 0xFF, 0xFF, 0xFF, 0xFF, 
0xFF, 0xFF, 0xDC, 0x64, 0x00, 0x00, 0xC3, 0xFF, 0xFF, 0xFF, 0xFF, 0xFF, 0xFF, 0xFF, 0xFF, 0xFF, 
0xFF, 0xFF, 0xFF, 0xFF, 0x4C, 0x00, 0xC3, 0xFF, 0xFF, 0xCA, 0xC7, 0xC7, 0xC7, 0xC7, 0xC7, 0xC7, 
0xC7, 0xCC, 0xFF, 0xFF, 0xA5, 0x00, 0xC3, 0xFF, 0xFF, 0x00, 0x00, 0x00, 0x00, 0x00, 0x00, 0x00, 
0x00, 0x0B, 0xFF, 0xFF, 0xBB, 0x00, 0xC3, 0xFF, 0xFF, 0x00, 0x00, 0x00, 0x00, 0x00, 0x00, 0x00, 
0x00, 0x0B, 0xFF, 0xFF, 0xBB, 0x00, 0xC3, 0xFF, 0xFF, 0x02, 0x00, 0x00, 0x00, 0x00, 0x00, 0x00, 
0x00, 0x0E, 0xFF, 0xFF, 0xBB, 0x00, 0xC3, 0xFF, 0xFF, 0xFF, 0xFF, 0xFF, 0xFF, 0xFF, 0xFF, 0xFF, 
0xFF, 0xFF, 0xFF, 0xFF, 0x9D, 0x00, 0xC3, 0xFF, 0xFF, 0xFF, 0xFF, 0xFF, 0xFF, 0xFF, 0xFF, 0xFF, 
0xFF, 0xFF, 0xFF, 0xFF, 0xDB, 0x08, 0xC3, 0xFF, 0xFF, 0xCE, 0xCB, 0xCB, 0xCB, 0xCB, 0xCB, 0xCB, 
0xCB, 0xCB, 0xE5, 0xFF, 0xFF, 0x40, 0xC3, 0xFF, 0xFF, 0x00, 0x00, 0x00, 0x00, 0x00, 0x00, 0x00, 
0x00, 0x00, 0x6F, 0xFF, 0xFF, 0x57, 0xC3, 0xFF, 0xFF, 0x00, 0x00, 0x00, 0x00, 0x00, 0x00, 0x00, 
0x00, 0x00, 0x6F, 0xFF, 0xFF, 0x57, 0xC3, 0xFF, 0xFF, 0x00, 0x00, 0x00, 0x00, 0x00, 0x00, 0x00, 
0x00, 0x00, 0x6F, 0xFF, 0xFF, 0x57, 0xC3, 0xFF, 0xFF, 0xC6, 0xC3, 0xC3, 0xC3, 0xC3, 0xC3, 0xC3, 
0xC3, 0xC3, 0xE1, 0xFF, 0xFF, 0x42, 0xC3, 0xFF, 0xFF, 0xFF, 0xFF, 0xFF, 0xFF, 0xFF, 0xFF, 0xFF, 
0xFF, 0xFF, 0xFF, 0xFF, 0xE0, 0x0A, 0xC3, 0xFF, 0xFF, 0xFF, 0xFF, 0xFF, 0xFF, 0xFF, 0xFF, 0xFF, 
0xFF, 0xFF, 0xF7, 0xBC, 0x28, 0x00, 0x01, 0x76, 0xE0, 0xFF, 0xFF, 0xFF, 0xFF, 0xFF, 0xFF, 0xFF, 
0xFF, 0xFF, 0xFF, 0xFF, 0xFF, 0x3F, 0x65, 0xFF, 0xFF, 0xFF, 0xFF, 0xFF, 0xFF, 0xFF, 0xFF, 0xFF, 
0xFF, 0xFF, 0xFF, 0xFF, 0xFF, 0x3F, 0xBE, 0xFF, 0xFE, 0xC9, 0xC7, 0xC7, 0xC7, 0xC7, 0xC7, 0xC7, 
0xC7, 0xC7, 0xC7, 0xC7, 0xC7, 0x31, 0xD3, 0xFF, 0xEF, 0x00, 0x00, 0x00, 0x00, 0x00, 0x00, 0x00, 
0x00, 0x00, 0x00, 0x00, 0x00, 0x00, 0xD3, 0xFF, 0xEF, 0x00, 0x00, 0x00, 0x00, 0x00, 0x00, 0x00, 
0x00, 0x00, 0x00, 0x00, 0x00, 0x00, 0xD3, 0xFF, 0xEF, 0x00, 0x00, 0x00, 0x00, 0x00, 0x00, 0x00, 
0x00, 0x00, 0x00, 0x00, 0x00, 0x00, 0xD3, 0xFF, 0xEF, 0x00, 0x00, 0x00, 0x00, 0x00, 0x00, 0x00, 
0x00, 0x00, 0x00, 0x00, 0x00, 0x00, 0xD3, 0xFF, 0xEF, 0x00, 0x00, 0x00, 0x00, 0x00, 0x00, 0x00, 
0x00, 0x00, 0x00, 0x00, 0x00, 0x00, 0xD3, 0xFF, 0xEF, 0x00, 0x00, 0x00, 0x00, 0x00, 0x00, 0x00, 
0x00, 0x00, 0x00, 0x00, 0x00, 0x00, 0xD3, 0xFF, 0xEF, 0x00, 0x00, 0x00, 0x00, 0x00, 0x00, 0x00, 
0x00, 0x00, 0x00, 0x00, 0x00, 0x00, 0xD3, 0xFF, 0xEF, 0x00, 0x00, 0x00, 0x00, 0x00, 0x00, 0x00, 
0x00, 0x00, 0x00, 0x00, 0x00, 0x00, 0xD3, 0xFF, 0xEF, 0x00, 0x00, 0x00, 0x00, 0x00, 0x00, 0x00, 
0x00, 0x00, 0x00, 0x00, 0x00, 0x00, 0xBF, 0xFF, 0xFE, 0xC4, 0xC3, 0xC3, 0xC3, 0xC3, 0xC3, 0xC3, 
0xC3, 0xC3, 0xC3, 0xC3, 0xC3, 0x30, 0x68, 0xFF, 0xFF, 0xFF, 0xFF, 0xFF, 0xFF, 0xFF, 0xFF, 0xFF, 
0xFF, 0xFF, 0xFF, 0xFF, 0xFF, 0x3F, 0x01, 0x78, 0xE2, 0xFF, 0xFF, 0xFF, 0xFF, 0xFF, 0xFF, 0xFF, 
0xFF, 0xFF, 0xFF, 0xFF, 0xFF, 0x3F, 0xCB, 0xFF, 0xFF, 0xFF, 0xFF, 0xFF, 0xFF, 0xFF, 0xFF, 0xFF, 
0xFF, 0xFF, 0xF6, 0xB8, 0x24, 0x00, 0xCB, 0xFF, 0xFF, 0xFF, 0xFF, 0xFF, 0xFF, 0xFF, 0xFF, 0xFF, 
0xFF, 0xFF, 0xFF, 0xFF, 0xDA, 0x07, 0xCB, 0xFF, 0xFF, 0xCA, 0xC7, 0xC7, 0xC7, 0xC7, 0xC7, 0xC7, 
0xC7, 0xC7, 0xE4, 0xFF, 0xFF, 0x3D, 0xCB, 0xFF, 0xFB, 0x00, 0x00, 0x00, 0x00, 0x00, 0x00, 0x00, 
0x00, 0x00, 0x77, 0xFF, 0xFF, 0x53, 0xCB, 0xFF, 0xFB, 0x00, 0x00, 0x00, 0x00, 0x00, 0x00, 0x00, 
0x00, 0x00, 0x77, 0xFF, 0xFF, 0x53, 0xCB, 0xFF, 0xFB, 0x00, 0x00, 0x00, 0x00, 0x00, 0x00, 0x00, 
0x00, 0x00, 0x77, 0xFF, 0xFF, 0x53, 0xCB, 0xFF, 0xFB, 0x00, 0x00, 0x00, 0x00, 0x00, 0x00, 0x00, 
0x00, 0x00, 0x77, 0xFF, 0xFF, 0x53, 0xCB, 0xFF, 0xFB, 0x00, 0x00, 0x00, 0x00, 0x00, 0x00, 0x00, 
0x00, 0x00, 0x77, 0xFF, 0xFF, 0x53, 0xCB, 0xFF, 0xFB, 0x00, 0x00, 0x00, 0x00, 0x00, 0x00, 0x00, 
0x00, 0x00, 0x77, 0xFF, 0xFF, 0x53, 0xCB, 0xFF, 0xFB, 0x00, 0x00, 0x00, 0x00, 0x00, 0x00, 0x00, 
0x00, 0x00, 0x77, 0xFF, 0xFF, 0x53, 0xCB, 0xFF, 0xFB, 0x00, 0x00, 0x00, 0x00, 0x00, 0x00, 0x00, 
0x00, 0x00, 0x77, 0xFF, 0xFF, 0x53, 0xCB, 0xFF, 0xFB, 0x00, 0x00, 0x00, 0x00, 0x00, 0x00, 0x00, 
0x00, 0x00, 0x77, 0xFF, 0xFF, 0x53, 0xCB, 0xFF, 0xFF, 0xC5, 0xC3, 0xC3, 0xC3, 0xC3, 0xC3, 0xC3, 
0xC3, 0xC3, 0xE2, 0xFF, 0xFF, 0x3E, 0xCB, 0xFF, 0xFF, 0xFF, 0xFF, 0xFF, 0xFF, 0xFF, 0xFF, 0xFF, 
0xFF, 0xFF, 0xFF, 0xFF, 0xDC, 0x08, 0xCB, 0xFF, 0xFF, 0xFF, 0xFF, 0xFF, 0xFF, 0xFF, 0xFF, 0xFF, 
0xFF, 0xFF, 0xF6, 0xBA, 0x26, 0x00, 0xCB, 0xFF, 0xFF, 0xFF, 0xFF, 0xFF, 0xFF, 0xFF, 0xFF, 0xFF, 
0xFF, 0xFF, 0xFF, 0xFF, 0x1B, 0xCB, 0xFF, 0xFF, 0xFF, 0xFF, 0xFF, 0xFF, 0xFF, 0xFF, 0xFF, 0xFF, 
0xFF, 0xFF, 0xFF, 0x1B, 0xCB, 0xFF, 0xFF, 0xC7, 0xC7, 0xC7, 0xC7, 0xC7, 0xC7, 0xC7, 0xC7, 0xC7, 
0xC7, 0xC7, 0x15, 0xCB, 0xFF, 0xFF, 0x00, 0x00, 0x00, 0x00, 0x00, 0x00, 0x00, 0x00, 0x00, 0x00, 
0x00, 0x00, 0xCB, 0xFF, 0xFF, 0x00, 0x00, 0x00, 0x00, 0x00, 0x00, 0x00, 0x00, 0x00, 0x00, 0x00, 
0x00, 0xCB, 0xFF, 0xFF, 0x00, 0x00, 0x00, 0x00, 0x00, 0x00, 0x00, 0x00, 0x00, 0x00, 0x00, 0x00, 
0xCB, 0xFF, 0xFF, 0xC3, 0xC3, 0xC3, 0xC3, 0xC3, 0xC3, 0xC3, 0xC3, 0xBA, 0x00, 0x00, 0x00, 0xCB, 
0xFF, 0xFF, 0xFF, 0xFF, 0xFF, 0xFF, 0xFF, 0xFF, 0xFF, 0xFF, 0xF3, 0x00, 0x00, 0x00, 0xCB, 0xFF, 
0xFF, 0xFF, 0xFF, 0xFF, 0xFF, 0xFF, 0xFF, 0xFF, 0xFF, 0xF3, 0x00, 0x00, 0x00, 0xCB, 0xFF, 0xFF, 
0x00, 0x00, 0x00, 0x00, 0x00, 0x00, 0x00, 0x00, 0x00, 0x00, 0x00, 0x00, 0xCB, 0xFF, 0xFF, 0x00, 
0x00, 0x00, 0x00, 0x00, 0x00, 0x00, 0x00, 0x00, 0x00, 0x00, 0x00, 0xCB, 0xFF, 0xFF, 0x00, 0x00, 
0x00, 0x00, 0x00, 0x00, 0x00, 0x00, 0x00, 0x00, 0x00, 0x00, 0xCB, 0xFF, 0xFF, 0xC3, 0xC3, 0xC3, 
0xC3, 0xC3, 0xC3, 0xC3, 0xC3, 0xC3, 0xC3, 0xC3, 0x15, 0xCB, 0xFF, 0xFF, 0xFF, 0xFF, 0xFF, 0xFF, 
0xFF, 0xFF, 0xFF, 0xFF, 0xFF, 0xFF, 0xFF, 0x1B, 0xCB, 0xFF, 0xFF, 0xFF, 0xFF, 0xFF, 0xFF, 0xFF, 
0xFF, 0xFF, 0xFF, 0xFF, 0xFF, 0xFF, 0x1B, 0xCB, 0xFF, 0xFF, 0xFF, 0xFF, 0xFF, 0xFF, 0xFF, 0xFF, 
0xFF, 0xFF, 0xFF, 0xFF, 0xFF, 0x1B, 0xCB, 0xFF, 0xFF, 0xFF, 0xFF, 0xFF, 0xFF, 0xFF, 0xFF, 0xFF, 
0xFF, 0xFF, 0xFF, 0xFF, 0x1B, 0xCB, 0xFF, 0xFF, 0xC7, 0xC7, 0xC7, 0xC7, 0xC7, 0xC7, 0xC7, 0xC7, 
0xC7, 0xC7, 0xC7, 0x15, 0xCB, 0xFF, 0xFF, 0x00, 0x00, 0x00, 0x00, 0x00, 0x00, 0x00, 0x00, 0x00, 
0x00, 0x00, 0x00, 0xCB, 0xFF, 0xFF, 0x00, 0x00, 0x00, 0x00, 0x00, 0x00, 0x00, 0x00, 0x00, 0x00, 
0x00, 0x00, 0xCB, 0xFF, 0xFF, 0x00, 0x00, 0x00, 0x00, 0x00, 0x00, 0x00, 0x00, 0x00, 0x00, 0x00, 
0x00, 0xCB, 0xFF, 0xFF, 0xC3, 0xC3, 0xC3, 0xC3, 0xC3, 0xC3, 0xC3, 0xC3, 0xBA, 0x00, 0x00, 0x00, 
0xCB, 0xFF, 0xFF, 0xFF, 0xFF, 0xFF, 0xFF, 0xFF, 0xFF, 0xFF, 0xFF, 0xF3, 0x00, 0x00, 0x00, 0xCB, 
0xFF, 0xFF, 0xFF, 0xFF, 0xFF, 0xFF, 0xFF, 0xFF, 0xFF, 0xFF, 0xF3, 0x00, 0x00, 0x00, 0xCB, 0xFF, 
0xFF, 0x00, 0x00, 0x00, 0x00, 0x00, 0x00, 0x00, 0x00, 0x00, 0x00, 0x00, 0x00, 0xCB, 0xFF, 0xFF, 
0x00, 0x00, 0x00, 0x00, 0x00, 0x00, 0x00, 0x00, 0x00, 0x00, 0x00, 0x00, 0xCB, 0xFF, 0xFF, 0x00, 
0x00, 0x00, 0x00, 0x00, 0x00, 0x00, 0x00, 0x00, 0x00, 0x00, 0x00, 0xCB, 0xFF, 0xFF, 0x00, 0x00, 
0x00, 0x00, 0x00, 0x00, 0x00, 0x00, 0x00, 0x00, 0x00, 0x00, 0xCB, 0xFF, 0xFF, 0x00, 0x00, 0x00, 
0x00, 0x00, 0x00, 0x00, 0x00, 0x00, 0x00, 0x00, 0x00, 0xCB, 0xFF, 0xFF, 0x00, 0x00, 0x00, 0x00, 
0x00, 0x00, 0x00, 0x00, 0x00, 0x00, 0x00, 0x00, 0x01, 0x76, 0xE0, 0xFF, 0xFF, 0xFF, 0xFF, 0xFF, 
0xFF, 0xFF, 0xFF, 0xFF, 0xF4, 0xB4, 0x20, 0x00, 0x65, 0xFF, 0xFF, 0xFF, 0xFF, 0xFF, 0xFF, 0xFF, 
0xFF, 0xFF, 0xFF, 0xFF, 0xFF, 0xFF, 0xD3, 0x04, 0xBE, 0xFF, 0xFE, 0xC9, 0xC7, 0xC7, 0xC7, 0xC7, 
0xC7, 0xC7, 0xC7, 0xC7, 0xE6, 0xFF, 0xFF, 0x31, 0xD3, 0xFF, 0xEF, 0x00, 0x00, 0x00, 0x00, 0x00, 
0x00, 0x00, 0x00, 0x00, 0x7F, 0xFF, 0xFF, 0x47, 0xD3, 0xFF, 0xEF, 0x00, 0x00, 0x00, 0x00, 0x00, 
0x00, 0x00, 0x00, 0x00, 0x0D, 0x1B, 0x1B, 0x07, 0xD3, 0xFF, 0xEF, 0x00, 0x00, 0x00, 0x00, 0x00, 
0x00, 0x00, 0x00, 0x00, 0x00, 0x00, 0x00, 0x00, 0xD3, 0xFF, 0xEF, 0x00, 0x00, 0x00, 0x00, 0x00, 
0x00, 0xB4, 0xC3, 0xC3, 0xC3, 0xC3, 0xC3, 0x37, 0xD3, 0xFF, 0xEF, 0x00, 0x00, 0x00, 0x00, 0x00, 
0x00, 0xEB, 0xFF, 0xFF, 0xFF, 0xFF, 0xFF, 0x47, 0xD3, 0xFF, 0xEF, 0x00, 0x00, 0x00, 0x00, 0x00, 
0x00, 0xEB, 0xFF, 0xFF, 0xFF, 0xFF, 0xFF, 0x47, 0xD3, 0xFF, 0xEF, 0x00, 0x00, 0x00, 0x00, 0x00, 
0x00, 0x00, 0x00, 0x00, 0x7F, 0xFF, 0xFF, 0x47, 0xD3, 0xFF, 0xEF, 0x00, 0x00, 0x00, 0x00, 0x00, 
0x00, 0x00, 0x00, 0x00, 0x7F, 0xFF, 0xFF, 0x47, 0xD3, 0xFF, 0xEF, 0x00, 0x00, 0x00, 0x00, 0x00, 
0x00, 0x00, 0x00, 0x00, 0x7F, 0xFF, 0xFF, 0x47, 0xBE, 0xFF, 0xFE, 0xC5, 0xC3, 0xC3, 0xC3, 0xC3, 
0xC3, 0xC3, 0xC3, 0xC3, 0xE5, 0xFF, 0xFF, 0x31, 0x67, 0xFF, 0xFF, 0xFF, 0xFF, 0xFF, 0xFF, 0xFF, 
0xFF, 0xFF, 0xFF, 0xFF, 0xFF, 0xFF, 0xD4, 0x04, 0x01, 0x78, 0xE2, 0xFF, 0xFF, 0xFF, 0xFF, 0xFF, 
0xFF, 0xFF, 0xFF, 0xFF, 0xF5, 0xB5, 0x21, 0x00, 0xCF, 0xFF, 0xF3, 0x00, 0x00, 0x00, 0x00, 0x00, 
0x00, 0x00, 0x00, 0x00, 0x1F, 0xFF, 0xFF, 0xA3, 0xCF, 0xFF, 0xF3, 0x00, 0x00, 0x00, 0x00, 0x00, 
0x00, 0x00, 0x00, 0x00, 0x1F, 0xFF, 0xFF, 0xA3, 0xCF, 0xFF, 0xF3, 0x00, 0x00, 0x00, 0x00, 0x00, 
0x00, 0x00, 0x00, 0x00, 0x1F, 0xFF, 0xFF, 0xA3, 0xCF, 0xFF, 0xF3, 0x00, 0x00, 0x00, 0x00, 0x00, 
0x00, 0x00, 0x00, 0x00, 0x1F, 0xFF, 0xFF, 0xA3, 0xCF, 0xFF, 0xF3, 0x00, 0x00, 0x00, 0x00, 0x00, 
0x00, 0x00, 0x00, 0x00, 0x1F, 0xFF, 0xFF, 0xA3, 0xCF, 0xFF, 0xF3, 0x00, 0x00, 0x00, 0x00, 0x00, 
0x00, 0x00, 0x00, 0x00, 0x1F, 0xFF, 0xFF, 0xA3, 0xCF, 0xFF, 0xFD, 0xC3, 0xC3, 0xC3, 0xC3, 0xC3, 
0xC3, 0xC3, 0xC3, 0xC3, 0xCB, 0xFF, 0xFF, 0xA3, 0xCF, 0xFF, 0xFF, 0xFF, 0xFF, 0xFF, 0xFF, 0xFF, 
0xFF, 0xFF, 0xFF, 0xFF, 0xFF, 0xFF, 0xFF, 0xA3, 0xCF, 0xFF, 0xFF, 0xFF, 0xFF, 0xFF, 0xFF, 0xFF, 
0xFF, 0xFF, 0xFF, 0xFF, 0xFF, 0xFF, 0xFF, 0xA3, 0xCF, 0xFF, 0xF3, 0x00, 0x00, 0x00, 0x00, 0x00, 
0x00, 0x00, 0x00, 0x00, 0x1F, 0xFF, 0xFF, 0xA3, 0xCF, 0xFF, 0xF3, 0x00, 0x00, 0x00, 0x00, 0x00, 
0x00, 0x00, 0x00, 0x00, 0x1F, 0xFF, 0xFF, 0xA3, 0xCF, 0xFF, 0xF3, 0x00, 0x00, 0x00, 0x00, 0x00, 
0x00, 0x00, 0x00, 0x00, 0x1F, 0xFF, 0xFF, 0xA3, 0xCF, 0xFF, 0xF3, 0x00, 0x00, 0x00, 0x00, 0x00, 
0x00, 0x00, 0x00, 0x00, 0x1F, 0xFF, 0xFF, 0xA3, 0xCF, 0xFF, 0xF3, 0x00, 0x00, 0x00, 0x00, 0x00, 
0x00, 0x00, 0x00, 0x00, 0x1F, 0xFF, 0xFF, 0xA3, 0xCF, 0xFF, 0xF3, 0x00, 0x00, 0x00, 0x00, 0x00, 
0x00, 0x00, 0x00, 0x00, 0x1F, 0xFF, 0xFF, 0xA3, 0xCF, 0xFF, 0xF3, 0xCF, 0xFF, 0xF3, 0xCF, 0xFF, 
0xF3, 0xCF, 0xFF, 0xF3, 0xCF, 0xFF, 0xF3, 0xCF, 0xFF, 0xF3, 0xCF, 0xFF, 0xF3, 0xCF, 0xFF, 0xF3, 
0xCF, 0xFF, 0xF3, 0xCF, 0xFF, 0xF3, 0xCF, 0xFF, 0xF3, 0xCF, 0xFF, 0xF3, 0xCF, 0xFF, 0xF3, 0xCF, 
0xFF, 0xF3, 0xCF, 0xFF, 0xF3, 0x00, 0x00, 0x00, 0x00, 0x00, 0x00, 0x00, 0x00, 0x00, 0x00, 0x00, 
0x00, 0x97, 0xFF, 0xFF, 0x2F, 0x00, 0x00, 0x00, 0x00, 0x00, 0x00, 0x00, 0x00, 0x00, 0x00, 0x00, 
0x00, 0x97, 0xFF, 0xFF, 0x2F, 0x00, 0x00, 0x00, 0x00, 0x00, 0x00, 0x00, 0x00, 0x00, 0x00, 0x00, 
0x00, 0x97, 0xFF, 0xFF, 0x2F, 0x00, 0x00, 0x00, 0x00, 0x00, 0x00, 0x00, 0x00, 0x00, 0x00, 0x00, 
0x00, 0x97, 0xFF, 0xFF, 0x2F, 0x00, 0x00, 0x00, 0x00, 0x00, 0x00, 0x00, 0x00, 0x00, 0x00, 0x00, 
0x00, 0x97, 0xFF, 0xFF, 0x2F, 0x00, 0x00, 0x00, 0x00, 0x00, 0x00, 0x00, 0x00, 0x00, 0x00, 0x00, 
0x00, 0x97, 0xFF, 0xFF, 0x2F, 0x00, 0x00, 0x00, 0x00, 0x00, 0x00, 0x00, 0x00, 0x00, 0x00, 0x00, 
0x00, 0x97, 0xFF, 0xFF, 0x2F, 0x00, 0x00, 0x00, 0x00, 0x00, 0x00, 0x00, 0x00, 0x00, 0x00, 0x00, 
0x00, 0x97, 0xFF, 0xFF, 0x2F, 0x00, 0x00, 0x00, 0x00, 0x00, 0x00, 0x00, 0x00, 0x00, 0x00, 0x00, 
0x00, 0x97, 0xFF, 0xFF, 0x2F, 0x00, 0x00, 0x00, 0x00, 0x00, 0x00, 0x00, 0x00, 0x00, 0x00, 0x00, 
0x00, 0x97, 0xFF, 0xFF, 0x2F, 0x93, 0x9F, 0x86, 0x00, 0x00, 0x00, 0x00, 0x00, 0x00, 0x00, 0x00, 
0x00, 0x97, 0xFF, 0xFF, 0x2F, 0xEB, 0xFF, 0xD7, 0x00, 0x00, 0x00, 0x00, 0x00, 0x00, 0x00, 0x00, 
0x00, 0x97, 0xFF, 0xFF, 0x2F, 0xD7, 0xFF, 0xF9, 0xC3, 0xC3, 0xC3, 0xC3, 0xC3, 0xC3, 0xC3, 0xC3, 
0xC3, 0xE9, 0xFF, 0xFF, 0x1A, 0x80, 0xFF, 0xFF, 0xFF, 0xFF, 0xFF, 0xFF, 0xFF, 0xFF, 0xFF, 0xFF, 
0xFF, 0xFF, 0xFF, 0xC2, 0x00, 0x05, 0x88, 0xE6, 0xFF, 0xFF, 0xFF, 0xFF, 0xFF, 0xFF, 0xFF, 0xFF, 
0xFF, 0xF2, 0xAC, 0x18, 0x00, 0xCF, 0xFF, 0xFB, 0x00, 0x00, 0x00, 0x00, 0x00, 0x00, 0x00, 0x01, 
0xB0, 0xFF, 0xFF, 0xBD, 0xCF, 0xFF, 0xFB, 0x00, 0x00, 0x00, 0x00, 0x00, 0x00, 0x00, 0x86, 0xFF, 
0xFF, 0xF4, 0x2F, 0xCF, 0xFF, 0xFB, 0x00, 0x00, 0x00, 0x00, 0x00, 0x00, 0x5B, 0xFF, 0xFF, 0xFE, 
0x50, 0x00, 0xCF, 0xFF, 0xFB, 0x00, 0x00, 0x00, 0x00, 0x00, 0x37, 0xF7, 0xFF, 0xFF, 0x79, 0x00, 
0x00, 0xCF, 0xFF, 0xFB, 0x00, 0x00, 0x00, 0x00, 0x1C, 0xE7, 0xFF, 0xFF, 0xA4, 0x00, 0x00, 0x00, 
0xCF, 0xFF, 0xFB, 0x00, 0x00, 0x00, 0x0A, 0xCD, 0xFF, 0xFF, 0xC8, 0x08, 0x00, 0x00, 0x00, 0xCF, 
0xFF, 0xFF, 0xC3, 0xC3, 0xC3, 0xD9, 0xFF, 0xFF, 0xE3, 0x18, 0x00, 0x00, 0x00, 0x00, 0xCF, 0xFF, 
0xFF, 0xFF, 0xFF, 0xFF, 0xFF, 0xFF, 0xFF, 0x44, 0x00, 0x00, 0x00, 0x00, 0x00, 0xCF, 0xFF, 0xFF, 
0xFF, 0xFF, 0xFF, 0xFF, 0xFF, 0xFF, 0xC4, 0x07, 0x00, 0x00, 0x00, 0x00, 0xCF, 0xFF, 0xFB, 0x00, 
0x00, 0x00, 0x1E, 0xE7, 0xFF, 0xFF, 0xA5, 0x00, 0x00, 0x00, 0x00, 0xCF, 0xFF, 0xFB, 0x00, 0x00, 
0x00, 0x00, 0x34, 0xF5, 0xFF, 0xFF, 0x82, 0x00, 0x00, 0x00, 0xCF, 0xFF, 0xFB, 0x00, 0x00, 0x00, 
0x00, 0x00, 0x4F, 0xFD, 0xFF, 0xFF, 0x5D, 0x00, 0x00, 0xCF, 0xFF, 0xFB, 0x00, 0x00, 0x00, 0x00, 
0x00, 0x00, 0x70, 0xFF, 0xFF, 0xF9, 0x3F, 0x00, 0xCF, 0xFF, 0xFB, 0x00, 0x00, 0x00, 0x00, 0x00, 
0x00, 0x00, 0x93, 0xFF, 0xFF, 0xED, 0x26, 0xCF, 0xFF, 0xFB, 0x00, 0x00, 0x00, 0x00, 0x00, 0x00, 
0x00, 0x03, 0xB3, 0xFF, 0xFF, 0xBA, 0xCF, 0xFF, 0xF3, 0x00, 0x00, 0x00, 0x00, 0x00, 0x00, 0x00, 
0x00, 0x00, 0x00, 0x00, 0x00, 0x00, 0xCF, 0xFF, 0xF3, 0x00, 0x00, 0x00, 0x00, 0x00, 0x00, 0x00, 
0x00, 0x00, 0x00, 0x00, 0x00, 0x00, 0xCF, 0xFF, 0xF3, 0x00, 0x00, 0x00, 0x00, 0x00, 0x00, 0x00, 
0x00, 0x00, 0x00, 0x00, 0x00, 0x00, 0xCF, 0xFF, 0xF3, 0x00, 0x00, 0x00, 0x00, 0x00, 0x00, 0x00, 
0x00, 0x00, 0x00, 0x00, 0x00, 0x00, 0xCF, 0xFF, 0xF3, 0x00, 0x00, 0x00, 0x00, 0x00, 0x00, 0x00, 
0x00, 0x00, 0x00, 0x00, 0x00, 0x00, 0xCF, 0xFF, 0xF3, 0x00, 0x00, 0x00, 0x00, 0x00, 0x00, 0x00, 
0x00, 0x00, 0x00, 0x00, 0x00, 0x00, 0xCF, 0xFF, 0xF3, 0x00, 0x00, 0x00, 0x00, 0x00, 0x00, 0x00, 
0x00, 0x00, 0x00, 0x00, 0x00, 0x00, 0xCF, 0xFF, 0xF3, 0x00, 0x00, 0x00, 0x00, 0x00, 0x00, 0x00, 
0x00, 0x00, 0x00, 0x00, 0x00, 0x00, 0xCF, 0xFF, 0xF3, 0x00, 0x00, 0x00, 0x00, 0x00, 0x00, 0x00, 
0x00, 0x00, 0x00, 0x00, 0x00, 0x00, 0xCF, 0xFF, 0xF3, 0x00, 0x00, 0x00, 0x00, 0x00, 0x00, 0x00, 
0x00, 0x00, 0x00, 0x00, 0x00, 0x00, 0xCF, 0xFF, 0xF3, 0x00, 0x00, 0x00, 0x00, 0x00, 0x00, 0x00, 
0x00, 0x00, 0x00, 0x00, 0x00, 0x00, 0xCF, 0xFF, 0xF3, 0x00, 0x00, 0x00, 0x00, 0x00, 0x00, 0x00, 
0x00, 0x00, 0x00, 0x00, 0x00, 0x00, 0xCF, 0xFF, 0xFD, 0xC3, 0xC3, 0xC3, 0xC3, 0xC3, 0xC3, 0xC3, 
0xC3, 0xC3, 0xC3, 0xC3, 0xC3, 0x3D, 0xCF, 0xFF, 0xFF, 0xFF, 0xFF, 0xFF, 0xFF, 0xFF, 0xFF, 0xFF, 
0xFF, 0xFF, 0xFF, 0xFF, 0xFF, 0x4F, 0xCF, 0xFF, 0xFF, 0xFF, 0xFF, 0xFF, 0xFF, 0xFF, 0xFF, 0xFF, 
0xFF, 0xFF, 0xFF, 0xFF, 0xFF, 0x4F, 0xD3, 0xFF, 0xFF, 0x9B, 0x00, 0x00, 0x00, 0x00, 0x00, 0x00, 
0x00, 0x00, 0x00, 0x44, 0xFB, 0xFF, 0xFF, 0x37, 0xD3, 0xFF, 0xFF, 0xFF, 0x73, 0x00, 0x00, 0x00, 
0x00, 0x00, 0x00, 0x00, 0x27, 0xEF, 0xFF, 0xFF, 0xFF, 0x37, 0xD3, 0xFF, 0xFF, 0xFF, 0xFD, 0x4E, 
0x00, 0x00, 0x00, 0x00, 0x00, 0x13, 0xDB, 0xFF, 0xFF, 0xFF, 0xFF, 0x37, 0xD3, 0xFF, 0xFF, 0xFF, 
0xFF, 0xF4, 0x30, 0x00, 0x00, 0x00, 0x05, 0xC0, 0xFF, 0xFF, 0xFF, 0xFF, 0xFF, 0x37, 0xD3, 0xFF, 
0xF0, 0xA5, 0xFF, 0xFF, 0xE2, 0x18, 0x00, 0x00, 0x9D, 0xFF, 0xFF, 0xE6, 0xB0, 0xFF, 0xFF, 0x37, 
0xD3, 0xFF, 0xEF, 0x07, 0xC5, 0xFF, 0xFF, 0xCA, 0x09, 0x75, 0xFF, 0xFF, 0xF5, 0x34, 0x93, 0xFF, 
0xFF, 0x37, 0xD3, 0xFF, 0xEF, 0x00, 0x15, 0xDE, 0xFF, 0xFF, 0xC8, 0xFD, 0xFF, 0xFE, 0x52, 0x00, 
0x93, 0xFF, 0xFF, 0x37, 0xD3, 0xFF, 0xEF, 0x00, 0x00, 0x29, 0xF0, 0xFF, 0xFF, 0xFF, 0xFF, 0x77, 
0x00, 0x00, 0x93, 0xFF, 0xFF, 0x37, 0xD3, 0xFF, 0xEF, 0x00, 0x00, 0x00, 0x45, 0xFB, 0xFF, 0xFF, 
0x9E, 0x00, 0x00, 0x00, 0x93, 0xFF, 0xFF, 0x37, 0xD3, 0xFF, 0xEF, 0x00, 0x00, 0x00, 0x00, 0x67, 
0xFF, 0xC0, 0x05, 0x00, 0x00, 0x00, 0x93, 0xFF, 0xFF, 0x37, 0xD3, 0xFF, 0xEF, 0x00, 0x00, 0x00, 
0x00, 0x00, 0x72, 0x12, 0x00, 0x00, 0x00, 0x00, 0x93, 0xFF, 0xFF, 0x37, 0xD3, 0xFF, 0xEF, 0x00, 
0x00, 0x00, 0x00, 0x00, 0x00, 0x00, 0x00, 0x00, 0x00, 0x00, 0x93, 0xFF, 0xFF, 0x37, 0xD3, 0xFF, 
0xEF, 0x00, 0x00, 0x00, 0x00, 0x00, 0x00, 0x00, 0x00, 0x00, 0x00, 0x00, 0x93, 0xFF, 0xFF, 0x37, 
0xD3, 0xFF, 0xEF, 0x00, 0x00, 0x00, 0x00, 0x00, 0x00, 0x00, 0x00, 0x00, 0x00, 0x00, 0x93, 0xFF, 
0xFF, 0x37, 0xD3, 0xFF, 0xEF, 0x00, 0x00, 0x00, 0x00, 0x00, 0x00, 0x00, 0x00, 0x00, 0x00, 0x00, 
0x93, 0xFF, 0xFF, 0x37, 0xD3, 0xFF, 0xFF, 0x9B, 0x00, 0x00, 0x00, 0x00, 0x00, 0x00, 0x00, 0x00, 
0x7F, 0xFF, 0xFF, 0x47, 0xD3, 0xFF, 0xFF, 0xFF, 0x73, 0x00, 0x00, 0x00, 0x00, 0x00, 0x00, 0x00, 
0x7F, 0xFF, 0xFF, 0x47, 0xD3, 0xFF, 0xFF, 0xFF, 0xFD, 0x4F, 0x00, 0x00, 0x00, 0x00, 0x00, 0x00, 
0x7F, 0xFF, 0xFF, 0x47, 0xD3, 0xFF, 0xFF, 0xFF, 0xFF, 0xF4, 0x30, 0x00, 0x00, 0x00, 0x00, 0x00, 
0x7F, 0xFF, 0xFF, 0x47, 0xD3, 0xFF, 0xF0, 0xA5, 0xFF, 0xFF, 0xE3, 0x19, 0x00, 0x00, 0x00, 0x00, 
0x7F, 0xFF, 0xFF, 0x47, 0xD3, 0xFF, 0xEF, 0x07, 0xC5, 0xFF, 0xFF, 0xCB, 0x0A, 0x00, 0x00, 0x00, 
0x7F, 0xFF, 0xFF, 0x47, 0xD3, 0xFF, 0xEF, 0x00, 0x15, 0xDE, 0xFF, 0xFF, 0xAC, 0x01, 0x00, 0x00, 
0x7F, 0xFF, 0xFF, 0x47, 0xD3, 0xFF, 0xEF, 0x00, 0x00, 0x2A, 0xF0, 0xFF, 0xFF, 0x86, 0x00, 0x00, 
0x7F, 0xFF, 0xFF, 0x47, 0xD3, 0xFF, 0xEF, 0x00, 0x00, 0x00, 0x45, 0xFB, 0xFF, 0xFF, 0x5F, 0x00, 
0x7F, 0xFF, 0xFF, 0x47, 0xD3, 0xFF, 0xEF, 0x00, 0x00, 0x00, 0x00, 0x68, 0xFF, 0xFF, 0xF9, 0x3E, 
0x7F, 0xFF, 0xFF, 0x47, 0xD3, 0xFF, 0xEF, 0x00, 0x00, 0x00, 0x00, 0x00, 0x8E, 0xFF, 0xFF, 0xEC, 
0xA3, 0xFF, 0xFF, 0x47, 0xD3, 0xFF, 0xEF, 0x00, 0x00, 0x00, 0x00, 0x00, 0x02, 0xB2, 0xFF, 0xFF, 
0xFF, 0xFF, 0xFF, 0x47, 0xD3, 0xFF, 0xEF, 0x00, 0x00, 0x00, 0x00, 0x00, 0x00, 0x0C, 0xCF, 0xFF, 
0xFF, 0xFF, 0xFF, 0x47, 0xD3, 0xFF, 0xEF, 0x00, 0x00, 0x00, 0x00, 0x00, 0x00, 0x00, 0x1C, 0xE6, 
0xFF, 0xFF, 0xFF, 0x47, 0xD3, 0xFF, 0xEF, 0x00, 0x00, 0x00, 0x00, 0x00, 0x00, 0x00, 0x00, 0x33, 
0xF5, 0xFF, 0xFF, 0x47, 0x02, 0x7E, 0xE3, 0xFF, 0xFF, 0xFF, 0xFF, 0xFF, 0xFF, 0xFF, 0xFF, 0xFF, 
0xF3, 0xB0, 0x1C, 0x00, 0x71, 0xFF, 0xFF, 0xFF, 0xFF, 0xFF, 0xFF, 0xFF, 0xFF, 0xFF, 0xFF, 0xFF, 
0xFF, 0xFF, 0xCC, 0x02, 0xCA, 0xFF, 0xFC, 0xC8, 0xC7, 0xC7, 0xC7, 0xC7, 0xC7, 0xC7, 0xC7, 0xC7, 
0xE8, 0xFF, 0xFF, 0x29, 0xDF, 0xFF, 0xE3, 0x00, 0x00, 0x00, 0x00, 0x00, 0x00, 0x00, 0x00, 0x00, 
0x8B, 0xFF, 0xFF, 0x3F, 0xDF, 0xFF, 0xE3, 0x00, 0x00, 0x00, 0x00, 0x00, 0x00, 0x00, 0x00, 0x00, 
0x8B, 0xFF, 0xFF, 0x3F, 0xDF, 0xFF, 0xE3, 0x00, 0x00, 0x00, 0x00, 0x00, 0x00, 0x00, 0x00, 0x00, 
0x8B, 0xFF, 0xFF, 0x3F, 0xDF, 0xFF, 0xE3, 0x00, 0x00, 0x00, 0x00, 0x00, 0x00, 0x00, 0x00, 0x00, 
0x8B, 0xFF, 0xFF, 0x3F, 0xDF, 0xFF, 0xE3, 0x00, 0x00, 0x00, 0x00, 0x00, 0x00, 0x00, 0x00, 0x00, 
0x8B, 0xFF, 0xFF, 0x3F, 0xDF, 0xFF, 0xE3, 0x00, 0x00, 0x00, 0x00, 0x00, 0x00, 0x00, 0x00, 0x00, 
0x8B, 0xFF, 0xFF, 0x3F, 0xDF, 0xFF, 0xE3, 0x00, 0x00, 0x00, 0x00, 0x00, 0x00, 0x00, 0x00, 0x00, 
0x8B, 0xFF, 0xFF, 0x3F, 0xDF, 0xFF, 0xE3, 0x00, 0x00, 0x00, 0x00, 0x00, 0x00, 0x00, 0x00, 0x00, 
0x8B, 0xFF, 0xFF, 0x3F, 0xDF, 0xFF, 0xE3, 0x00, 0x00, 0x00, 0x00, 0x00, 0x00, 0x00, 0x00, 0x00, 
0x8B, 0xFF, 0xFF, 0x3F, 0xCB, 0xFF, 0xFB, 0xC4, 0xC3, 0xC3, 0xC3, 0xC3, 0xC3, 0xC3, 0xC3, 0xC3, 
0xE7, 0xFF, 0xFF, 0x2A, 0x74, 0xFF, 0xFF, 0xFF, 0xFF, 0xFF, 0xFF, 0xFF, 0xFF, 0xFF, 0xFF, 0xFF, 
0xFF, 0xFF, 0xCF, 0x02, 0x03, 0x80, 0xE4, 0xFF, 0xFF, 0xFF, 0xFF, 0xFF, 0xFF, 0xFF, 0xFF, 0xFF, 
0xF4, 0xB2, 0x1E, 0x00, 0xD3, 0xFF, 0xFF, 0xFF, 0xFF, 0xFF, 0xFF, 0xFF, 0xFF, 0xFF, 0xFF, 0xFF, 
0xF4, 0xB3, 0x1F, 0x00, 0xD3, 0xFF, 0xFF, 0xFF, 0xFF, 0xFF, 0xFF, 0xFF, 0xFF, 0xFF, 0xFF, 0xFF, 
0xFF, 0xFF, 0xD3, 0x04, 0xD3, 0xFF, 0xFE, 0xC9, 0xC7, 0xC7, 0xC7, 0xC7, 0xC7, 0xC7, 0xC7, 0xC7, 
0xE6, 0xFF, 0xFF, 0x31, 0xD3, 0xFF, 0xEF, 0x00, 0x00, 0x00, 0x00, 0x00, 0x00, 0x00, 0x00, 0x00, 
0x7F, 0xFF, 0xFF, 0x47, 0xD3, 0xFF, 0xEF, 0x00, 0x00, 0x00, 0x00, 0x00, 0x00, 0x00, 0x00, 0x00, 
0x7F, 0xFF, 0xFF, 0x47, 0xD3, 0xFF, 0xEF, 0x00, 0x00, 0x00, 0x00, 0x00, 0x00, 0x00, 0x00, 0x00, 
0x7F, 0xFF, 0xFF, 0x47, 0xD3, 0xFF, 0xF1, 0x00, 0x00, 0x00, 0x00, 0x00, 0x00, 0x00, 0x00, 0x00, 
0x82, 0xFF, 0xFF, 0x47, 0xD3, 0xFF, 0xFF, 0xFF, 0xFF, 0xFF, 0xFF, 0xFF, 0xFF, 0xFF, 0xFF, 0xFF, 
0xFF, 0xFF, 0xFF, 0x26, 0xD3, 0xFF, 0xFF, 0xFF, 0xFF, 0xFF, 0xFF, 0xFF, 0xFF, 0xFF, 0xFF, 0xFF, 
0xFF, 0xFF, 0xB3, 0x00, 0xD3, 0xFF, 0xFC, 0xCB, 0xCB, 0xCB, 0xCA, 0xCA, 0xC9, 0xC9, 0xC9, 0xC8, 
0xBD, 0x7C, 0x07, 0x00, 0xD3, 0xFF, 0xEF, 0x00, 0x00, 0x00, 0x00, 0x00, 0x00, 0x00, 0x00, 0x00, 
0x00, 0x00, 0x00, 0x00, 0xD3, 0xFF, 0xEF, 0x00, 0x00, 0x00, 0x00, 0x00, 0x00, 0x00, 0x00, 0x00, 
0x00, 0x00, 0x00, 0x00, 0xD3, 0xFF, 0xEF, 0x00, 0x00, 0x00, 0x00, 0x00, 0x00, 0x00, 0x00, 0x00, 
0x00, 0x00, 0x00, 0x00, 0xD3, 0xFF, 0xEF, 0x00, 0x00, 0x00, 0x00, 0x00, 0x00, 0x00, 0x00, 0x00, 
0x00, 0x00, 0x00, 0x00, 0xD3, 0xFF, 0xEF, 0x00, 0x00, 0x00, 0x00, 0x00, 0x00, 0x00, 0x00, 0x00, 
0x00, 0x00, 0x00, 0x00, 0x02, 0x7E, 0xE3, 0xFF, 0xFF, 0xFF, 0xFF, 0xFF, 0xFF, 0xFF, 0xFF, 0xFF, 
0xF2, 0xAF, 0x1B, 0x00, 0x00, 0x00, 0x71, 0xFF, 0xFF, 0xFF, 0xFF, 0xFF, 0xFF, 0xFF, 0xFF, 0xFF, 
0xFF, 0xFF, 0xFF, 0xFF, 0xCC, 0x02, 0x00, 0x00, 0xCA, 0xFF, 0xFC, 0xC8, 0xC7, 0xC7, 0xC7, 0xC7, 
0xC7, 0xC7, 0xC7, 0xC7, 0xE9, 0xFF, 0xFF, 0x29, 0x00, 0x00, 0xDF, 0xFF, 0xE3, 0x00, 0x00, 0x00, 
0x00, 0x00, 0x00, 0x00, 0x00, 0x00, 0x8B, 0xFF, 0xFF, 0x3F, 0x00, 0x00, 0xDF, 0xFF, 0xE3, 0x00, 
0x00, 0x00, 0x00, 0x00, 0x00, 0x00, 0x00, 0x00, 0x8B, 0xFF, 0xFF, 0x3F, 0x00, 0x00, 0xDF, 0xFF, 
0xE3, 0x00, 0x00, 0x00, 0x00, 0x00, 0x00, 0x00, 0x00, 0x00, 0x8B, 0xFF, 0xFF, 0x3F, 0x00, 0x00, 
0xDF, 0xFF, 0xE3, 0x00, 0x00, 0x00, 0x00, 0x00, 0x00, 0x00, 0x00, 0x00, 0x8B, 0xFF, 0xFF, 0x3F, 
0x00, 0x00, 0xDF, 0xFF, 0xE3, 0x00, 0x00, 0x00, 0x00, 0x00, 0x00, 0x00, 0x00, 0x00, 0x8B, 0xFF, 
0xFF, 0x3F, 0x00, 0x00, 0xDF, 0xFF, 0xE3, 0x00, 0x00, 0x00, 0x00, 0x00, 0x00, 0x00, 0x00, 0x00, 
0x8B, 0xFF, 0xFF, 0x3F, 0x00, 0x00, 0xDF, 0xFF, 0xE3, 0x00, 0x00, 0x00, 0x00, 0x00, 0x00, 0x00, 
0x00, 0x00, 0x8B, 0xFF, 0xFF, 0x3F, 0x00, 0x00, 0xDF, 0xFF, 0xE3, 0x00, 0x00, 0x00, 0x00, 0x00, 
0x00, 0x00, 0x00, 0x00, 0x8B, 0xFF, 0xFF, 0x3F, 0x00, 0x00, 0xDF, 0xFF, 0xE3, 0x00, 0x00, 0x00, 
0x00, 0x00, 0x00, 0x00, 0x00, 0x00, 0x8B, 0xFF, 0xFF, 0x3F, 0x00, 0x00, 0xCB, 0xFF, 0xFB, 0xC4, 
0xC3, 0xC3, 0xC3, 0xC3, 0xC3, 0xC3, 0xC3, 0xC3, 0xE7, 0xFF, 0xFF, 0xD2, 0xC3, 0x09, 0x74, 0xFF, 
0xFF, 0xFF, 0xFF, 0xFF, 0xFF, 0xFF, 0xFF, 0xFF, 0xFF, 0xFF, 0xFF, 0xFF, 0xFF, 0xFF, 0xFF, 0x0B, 
0x03, 0x80, 0xE4, 0xFF, 0xFF, 0xFF, 0xFF, 0xFF, 0xFF, 0xFF, 0xFF, 0xFF, 0xFF, 0xFF, 0xFF, 0xFF, 
0xFF, 0x0B, 0xDB, 0xFF, 0xFF, 0xFF, 0xFF, 0xFF, 0xFF, 0xFF, 0xFF, 0xFF, 0xFF, 0xFF, 0xF3, 0xB0, 
0x1D, 0x00, 0xDB, 0xFF, 0xFF, 0xFF, 0xFF, 0xFF, 0xFF, 0xFF, 0xFF, 0xFF, 0xFF, 0xFF, 0xFF, 0xFF, 
0xCE, 0x02, 0xDB, 0xFF, 0xFD, 0xC8, 0xC7, 0xC7, 0xC7, 0xC7, 0xC7, 0xC7, 0xC7, 0xC7, 0xE8, 0xFF, 
0xFF, 0x2D, 0xDB, 0xFF, 0xEB, 0x00, 0x00, 0x00, 0x00, 0x00, 0x00, 0x00, 0x00, 0x00, 0x87, 0xFF, 
0xFF, 0x43, 0xDB, 0xFF, 0xEB, 0x00, 0x00, 0x00, 0x00, 0x00, 0x00, 0x00, 0x00, 0x00, 0x87, 0xFF, 
0xFF, 0x43, 0xDB, 0xFF, 0xEB, 0x00, 0x00, 0x00, 0x00, 0x00, 0x00, 0x00, 0x00, 0x00, 0x87, 0xFF, 
0xFF, 0x43, 0xDB, 0xFF, 0xED, 0x00, 0x00, 0x00, 0x00, 0x00, 0x00, 0x00, 0x00, 0x00, 0x8A, 0xFF, 
0xFF, 0x43, 0xDB, 0xFF, 0xFF, 0xFF, 0xFF, 0xFF, 0xFF, 0xFF, 0xFF, 0xFF, 0xFF, 0xFF, 0xFF, 0xFF, 
0xFF, 0x21, 0xDB, 0xFF, 0xFF, 0xFF, 0xFF, 0xFF, 0xFF, 0xFF, 0xFF, 0xFF, 0xFF, 0xFF, 0xFF, 0xFF, 
0xAE, 0x00, 0xDB, 0xFF, 0xFB, 0xC7, 0xC7, 0xC7, 0xC7, 0xCA, 0xFF, 0xFF, 0xFF, 0xE9, 0xBC, 0x7A, 
0x06, 0x00, 0xDB, 0xFF, 0xEB, 0x00, 0x00, 0x00, 0x00, 0x00, 0x86, 0xFF, 0xFF, 0xF0, 0x29, 0x00, 
0x00, 0x00, 0xDB, 0xFF, 0xEB, 0x00, 0x00, 0x00, 0x00, 0x00, 0x01, 0xAE, 0xFF, 0xFF, 0xDC, 0x13, 
0x00, 0x00, 0xDB, 0xFF, 0xEB, 0x00, 0x00, 0x00, 0x00, 0x00, 0x00, 0x0B, 0xCF, 0xFF, 0xFF, 0xC0, 
0x05, 0x00, 0xDB, 0xFF, 0xEB, 0x00, 0x00, 0x00, 0x00, 0x00, 0x00, 0x00, 0x1D, 0xE7, 0xFF, 0xFF, 
0x9C, 0x00, 0xDB, 0xFF, 0xEB, 0x00, 0x00, 0x00, 0x00, 0x00, 0x00, 0x00, 0x00, 0x37, 0xF7, 0xFF, 
0xFF, 0x3B, 0x05, 0x87, 0xE6, 0xFF, 0xFF, 0xFF, 0xFF, 0xFF, 0xFF, 0xFF, 0xFF, 0xFF, 0xF1, 0xA9, 
0x16, 0x00, 0x81, 0xFF, 0xFF, 0xFF, 0xFF, 0xFF, 0xFF, 0xFF, 0xFF, 0xFF, 0xFF, 0xFF, 0xFF, 0xFF, 
0xBF, 0x00, 0xDA, 0xFF, 0xF9, 0xC7, 0xC7, 0xC7, 0xC7, 0xC7, 0xC7, 0xC7, 0xC7, 0xC7, 0xEC, 0xFF, 
0xFF, 0x19, 0xEF, 0xFF, 0xD3, 0x00, 0x00, 0x00, 0x00, 0x00, 0x00, 0x00, 0x00, 0x00, 0x9B, 0xFF, 
0xFF, 0x2F, 0xEF, 0xFF, 0xD3, 0x00, 0x00, 0x00, 0x00, 0x00, 0x00, 0x00, 0x00, 0x00, 0x0C, 0x13, 
0x13, 0x03, 0xEF, 0xFF, 0xD3, 0x00, 0x00, 0x00, 0x00, 0x00, 0x00, 0x00, 0x00, 0x00, 0x00, 0x00, 
0x00, 0x00, 0xDA, 0xFF, 0xF8, 0xC3, 0xC3, 0xC3, 0xC3, 0xC3, 0xC3, 0xC3, 0xC3, 0xC3, 0xB5, 0x6D, 
0x03, 0x00, 0x83, 0xFF, 0xFF, 0xFF, 0xFF, 0xFF, 0xFF, 0xFF, 0xFF, 0xFF, 0xFF, 0xFF, 0xFF, 0xFF, 
0x9A, 0x00, 0x05, 0x89, 0xE7, 0xFF, 0xFF, 0xFF, 0xFF, 0xFF, 0xFF, 0xFF, 0xFF, 0xFF, 0xFF, 0xFF, 
0xFE, 0x0F, 0x00, 0x00, 0x00, 0x00, 0x00, 0x00, 0x00, 0x00, 0x00, 0x00, 0x00, 0x00, 0x9E, 0xFF, 
0xFF, 0x2F, 0x0E, 0x0F, 0x0D, 0x00, 0x00, 0x00, 0x00, 0x00, 0x00, 0x00, 0x00, 0x00, 0x9B, 0xFF, 
0xFF, 0x2F, 0xEF, 0xFF, 0xD3, 0x00, 0x00, 0x00, 0x00, 0x00, 0x00, 0x00, 0x00, 0x00, 0x9B, 0xFF, 
0xFF, 0x2F, 0xDB, 0xFF, 0xF8, 0xC3, 0xC3, 0xC3, 0xC3, 0xC3, 0xC3, 0xC3, 0xC3, 0xC3, 0xEA, 0xFF, 
0xFF, 0x1A, 0x84, 0xFF, 0xFF, 0xFF, 0xFF, 0xFF, 0xFF, 0xFF, 0xFF, 0xFF, 0xFF, 0xFF, 0xFF, 0xFF, 
0xC1, 0x00, 0x06, 0x8A, 0xE7, 0xFF, 0xFF, 0xFF, 0xFF, 0xFF, 0xFF, 0xFF, 0xFF, 0xFF, 0xF2, 0xAA, 
0x17, 0x00, 0x97, 0xFF, 0xFF, 0xFF, 0xFF, 0xFF, 0xFF, 0xFF, 0xFF, 0xFF, 0xFF, 0xFF, 0xFF, 0xFF, 
0xFF, 0x87, 0x97, 0xFF, 0xFF, 0xFF, 0xFF, 0xFF, 0xFF, 0xFF, 0xFF, 0xFF, 0xFF, 0xFF, 0xFF, 0xFF, 
0xFF, 0x87, 0x76, 0xC7, 0xC7, 0xC7, 0xC7, 0xC7, 0xDF, 0xFF, 0xFF, 0xDC, 0xC7, 0xC7, 0xC7, 0xC7, 
0xC7, 0x6A, 0x00, 0x00, 0x00, 0x00, 0x00, 0x00, 0x6B, 0xFF, 0xFF, 0x5F, 0x00, 0x00, 0x00, 0x00, 
0x00, 0x00, 0x00, 0x00, 0x00, 0x00, 0x00, 0x00, 0x6B, 0xFF, 0xFF, 0x5F, 0x00, 0x00, 0x00, 0x00, 
0x00, 0x00, 0x00, 0x00, 0x00, 0x00, 0x00, 0x00, 0x6B, 0xFF, 0xFF, 0x5F, 0x00, 0x00, 0x00, 0x00, 
0x00, 0x00, 0x00, 0x00, 0x00, 0x00, 0x00, 0x00, 0x6B, 0xFF, 0xFF, 0x5F, 0x00, 0x00, 0x00, 0x00, 
0x00, 0x00, 0x00, 0x00, 0x00, 0x00, 0x00, 0x00, 0x6B, 0xFF, 0xFF, 0x5F, 0x00, 0x00, 0x00, 0x00, 
0x00, 0x00, 0x00, 0x00, 0x00, 0x00, 0x00, 0x00, 0x6B, 0xFF, 0xFF, 0x5F, 0x00, 0x00, 0x00, 0x00, 
0x00, 0x00, 0x00, 0x00, 0x00, 0x00, 0x00, 0x00, 0x6B, 0xFF, 0xFF, 0x5F, 0x00, 0x00, 0x00, 0x00, 
0x00, 0x00, 0x00, 0x00, 0x00, 0x00, 0x00, 0x00, 0x6B, 0xFF, 0xFF, 0x5F, 0x00, 0x00, 0x00, 0x00, 
0x00, 0x00, 0x00, 0x00, 0x00, 0x00, 0x00, 0x00, 0x6B, 0xFF, 0xFF, 0x5F, 0x00, 0x00, 0x00, 0x00, 
0x00, 0x00, 0x00, 0x00, 0x00, 0x00, 0x00, 0x00, 0x6B, 0xFF, 0xFF, 0x5F, 0x00, 0x00, 0x00, 0x00, 
0x00, 0x00, 0x00, 0x00, 0x00, 0x00, 0x00, 0x00, 0x6B, 0xFF, 0xFF, 0x5F, 0x00, 0x00, 0x00, 0x00, 
0x00, 0x00, 0x00, 0x00, 0x00, 0x00, 0x00, 0x00, 0x6B, 0xFF, 0xFF, 0x5F, 0x00, 0x00, 0x00, 0x00, 
0x00, 0x00, 0xDF, 0xFF, 0xE3, 0x00, 0x00, 0x00, 0x00, 0x00, 0x00, 0x00, 0x00, 0x00, 0x8B, 0xFF, 
0xFF, 0x3F, 0xDF, 0xFF, 0xE3, 0x00, 0x00, 0x00, 0x00, 0x00, 0x00, 0x00, 0x00, 0x00, 0x8B, 0xFF, 
0xFF, 0x3F, 0xDF, 0xFF, 0xE3, 0x00, 0x00, 0x00, 0x00, 0x00, 0x00, 0x00, 0x00, 0x00, 0x8B, 0xFF, 
0xFF, 0x3F, 0xDF, 0xFF, 0xE3, 0x00, 0x00, 0x00, 0x00, 0x00, 0x00, 0x00, 0x00, 0x00, 0x8B, 0xFF, 
0xFF, 0x3F, 0xDF, 0xFF, 0xE3, 0x00, 0x00, 0x00, 0x00, 0x00, 0x00, 0x00, 0x00, 0x00, 0x8B, 0xFF, 
0xFF, 0x3F, 0xDF, 0xFF, 0xE3, 0x00, 0x00, 0x00, 0x00, 0x00, 0x00, 0x00, 0x00, 0x00, 0x8B, 0xFF, 
0xFF, 0x3F, 0xDF, 0xFF, 0xE3, 0x00, 0x00, 0x00, 0x00, 0x00, 0x00, 0x00, 0x00, 0x00, 0x8B, 0xFF, 
0xFF, 0x3F, 0xDF, 0xFF, 0xE3, 0x00, 0x00, 0x00, 0x00, 0x00, 0x00, 0x00, 0x00, 0x00, 0x8B, 0xFF, 
0xFF, 0x3F, 0xDF, 0xFF, 0xE3, 0x00, 0x00, 0x00, 0x00, 0x00, 0x00, 0x00, 0x00, 0x00, 0x8B, 0xFF, 
0xFF, 0x3F, 0xDF, 0xFF, 0xE3, 0x00, 0x00, 0x00, 0x00, 0x00, 0x00, 0x00, 0x00, 0x00, 0x8B, 0xFF, 
0xFF, 0x3F, 0xDF, 0xFF, 0xE3, 0x00, 0x00, 0x00, 0x00, 0x00, 0x00, 0x00, 0x00, 0x00, 0x8B, 0xFF, 
0xFF, 0x3F, 0xDF, 0xFF, 0xE3, 0x00, 0x00, 0x00, 0x00, 0x00, 0x00, 0x00, 0x00, 0x00, 0x8B, 0xFF, 
0xFF, 0x3F, 0xCB, 0xFF, 0xFB, 0xC4, 0xC3, 0xC3, 0xC3, 0xC3, 0xC3, 0xC3, 0xC3, 0xC3, 0xE7, 0xFF, 
0xFF, 0x2A, 0x74, 0xFF, 0xFF, 0xFF, 0xFF, 0xFF, 0xFF, 0xFF, 0xFF, 0xFF, 0xFF, 0xFF, 0xFF, 0xFF, 
0xCF, 0x02, 0x03, 0x80, 0xE4, 0xFF, 0xFF, 0xFF, 0xFF, 0xFF, 0xFF, 0xFF, 0xFF, 0xFF, 0xF4, 0xB2, 
0x1E, 0x00, 0x0F, 0xEA, 0xFF, 0xFF, 0x3A, 0x00, 0x00, 0x00, 0x00, 0x00, 0x00, 0x00, 0x00, 0x00, 
0x00, 0x00, 0x02, 0xCC, 0xFF, 0xFF, 0x64, 0x00, 0x64, 0xFF, 0xFF, 0xCC, 0x02, 0x00, 0x00, 0x00, 
0x00, 0x00, 0x00, 0x00, 0x00, 0x00, 0x00, 0x62, 0xFF, 0xFF, 0xCD, 0x02, 0x00, 0x02, 0xCD, 0xFF, 
0xFF, 0x63, 0x00, 0x00, 0x00, 0x00, 0x00, 0x00, 0x00, 0x00, 0x00, 0x0E, 0xE8, 0xFF, 0xFF, 0x3B, 
0x00, 0x00, 0x00, 0x3B, 0xFF, 0xFF, 0xE9, 0x0E, 0x00, 0x00, 0x00, 0x00, 0x00, 0x00, 0x00, 0x00, 
0x8B, 0xFF, 0xFF, 0xA5, 0x00, 0x00, 0x00, 0x00, 0x00, 0xA5, 0xFF, 0xFF, 0x8C, 0x00, 0x00, 0x00, 
0x00, 0x00, 0x00, 0x00, 0x25, 0xF9, 0xFF, 0xF4, 0x1C, 0x00, 0x00, 0x00, 0x00, 0x00, 0x1B, 0xF4, 
0xFF, 0xFA, 0x27, 0x00, 0x00, 0x00, 0x00, 0x00, 0x00, 0xB4, 0xFF, 0xFF, 0x7B, 0x00, 0x00, 0x00, 
0x00, 0x00, 0x00, 0x00, 0x7B, 0xFF, 0xFF, 0xB6, 0x00, 0x00, 0x00, 0x00, 0x00, 0x48, 0xFF, 0xFF, 
0xDE, 0x08, 0x00, 0x00, 0x00, 0x00, 0x00, 0x00, 0x00, 0x08, 0xDE, 0xFF, 0xFF, 0x4A, 0x00, 0x00, 
0x00, 0x05, 0xD7, 0xFF, 0xFF, 0x51, 0x00, 0x00, 0x00, 0x00, 0x00, 0x00, 0x00, 0x00, 0x00, 0x51, 
0xFF, 0xFF, 0xD9, 0x05, 0x00, 0x00, 0x71, 0xFF, 0xFF, 0xBC, 0x00, 0x00, 0x00, 0x00, 0x00, 0x00, 
0x00, 0x00, 0x00, 0x00, 0x00, 0xBC, 0xFF, 0xFF, 0x74, 0x00, 0x15, 0xF0, 0xFF, 0xFB, 0x2B, 0x00, 
0x00, 0x00, 0x00, 0x00, 0x00, 0x00, 0x00, 0x00, 0x00, 0x00, 0x2B, 0xFB, 0xFF, 0xF1, 0x17, 0x9A, 
0xFF, 0xFF, 0x92, 0x00, 0x00, 0x00, 0x00, 0x00, 0x00, 0x00, 0x00, 0x00, 0x00, 0x00, 0x00, 0x00, 
0x92, 0xFF, 0xFF, 0xBF, 0xFD, 0xFF, 0xEC, 0x11, 0x00, 0x00, 0x00, 0x00, 0x00, 0x00, 0x00, 0x00, 
0x00, 0x00, 0x00, 0x00, 0x00, 0x11, 0xEB, 0xFF, 0xFF, 0xFF, 0xFF, 0x68, 0x00, 0x00, 0x00, 0x00, 
0x00, 0x00, 0x00, 0x00, 0x00, 0x00, 0x00, 0x00, 0x00, 0x00, 0x00, 0x68, 0xFF, 0xFF, 0xFF, 0xD0, 
0x03, 0x00, 0x00, 0x00, 0x00, 0x00, 0x00, 0x00, 0x00, 0x00, 0x00, 0x00, 0x00, 0x00, 0x00, 0x00, 
0x02, 0xCF, 0xFF, 0xFF, 0x3F, 0x00, 0x00, 0x00, 0x00, 0x00, 0x00, 0x00, 0x00, 0x19, 0xFC, 0xFF, 
0xD9, 0x00, 0x00, 0x00, 0x00, 0x00, 0x00, 0x37, 0xFF, 0xFF, 0xDD, 0x01, 0x00, 0x00, 0x00, 0x00, 
0x00, 0x33, 0xFF, 0xFF, 0xBC, 0x00, 0xB7, 0xFF, 0xFF, 0x38, 0x00, 0x00, 0x00, 0x00, 0x00, 0x95, 
0xFF, 0xFF, 0xFF, 0x3C, 0x00, 0x00, 0x00, 0x00, 0x00, 0x91, 0xFF, 0xFF, 0x5E, 0x00, 0x59, 0xFF, 
0xFF, 0x96, 0x00, 0x00, 0x00, 0x00, 0x06, 0xED, 0xFF, 0xFF, 0xFF, 0x9A, 0x00, 0x00, 0x00, 0x00, 
0x05, 0xEA, 0xFF, 0xF4, 0x0C, 0x00, 0x09, 0xF2, 0xFF, 0xEE, 0x06, 0x00, 0x00, 0x00, 0x52, 0xFF, 
0xFF, 0xFF, 0xFF, 0xF0, 0x08, 0x00, 0x00, 0x00, 0x4E, 0xFF, 0xFF, 0xA2, 0x00, 0x00, 0x00, 0x9D, 
0xFF, 0xFF, 0x52, 0x00, 0x00, 0x00, 0xB1, 0xFF, 0xFF, 0xD9, 0xFF, 0xFF, 0x56, 0x00, 0x00, 0x00, 
0xAD, 0xFF, 0xFF, 0x44, 0x00, 0x00, 0x00, 0x3F, 0xFF, 0xFF, 0xB0, 0x00, 0x00, 0x14, 0xFA, 0xFF, 
0xE2, 0x46, 0xFF, 0xFF, 0xB4, 0x00, 0x00, 0x12, 0xF9, 0xFF, 0xE4, 0x02, 0x00, 0x00, 0x00, 0x01, 
0xE0, 0xFF, 0xFA, 0x14, 0x00, 0x6E, 0xFF, 0xFF, 0x85, 0x02, 0xE3, 0xFF, 0xFB, 0x17, 0x00, 0x6A, 
0xFF, 0xFF, 0x88, 0x00, 0x00, 0x00, 0x00, 0x00, 0x84, 0xFF, 0xFF, 0x6C, 0x00, 0xCC, 0xFF, 0xFF, 
0x27, 0x00, 0x86, 0xFF, 0xFF, 0x70, 0x00, 0xC8, 0xFF, 0xFF, 0x2B, 0x00, 0x00, 0x00, 0x00, 0x00, 
0x27, 0xFF, 0xFF, 0xCA, 0x2B, 0xFF, 0xFF, 0xC8, 0x00, 0x00, 0x28, 0xFF, 0xFF, 0xCE, 0x27, 0xFF, 
0xFF, 0xCD, 0x00, 0x00, 0x00, 0x00, 0x00, 0x00, 0x00, 0xC8, 0xFF, 0xFF, 0xB2, 0xFF, 0xFF, 0x6A, 
0x00, 0x00, 0x00, 0xC9, 0xFF, 0xFF, 0xB2, 0xFF, 0xFF, 0x6F, 0x00, 0x00, 0x00, 0x00, 0x00, 0x00, 
0x00, 0x6A, 0xFF, 0xFF, 0xFF, 0xFF, 0xF9, 0x12, 0x00, 0x00, 0x00, 0x6A, 0xFF, 0xFF, 0xFF, 0xFF, 
0xFB, 0x16, 0x00, 0x00, 0x00, 0x00, 0x00, 0x00, 0x00, 0x13, 0xF9, 0xFF, 0xFF, 0xFF, 0xAD, 0x00, 
0x00, 0x00, 0x00, 0x12, 0xF9, 0xFF, 0xFF, 0xFF, 0xB3, 0x00, 0x00, 0x00, 0x00, 0x00, 0x00, 0x00, 
0x00, 0x00, 0xAE, 0xFF, 0xFF, 0xFF, 0x4F, 0x00, 0x00, 0x00, 0x00, 0x00, 0xAD, 0xFF, 0xFF, 0xFF, 
0x55, 0x00, 0x00, 0x00, 0x00, 0x00, 0x00, 0x00, 0x00, 0x00, 0x50, 0xFF, 0xFF, 0xEB, 0x05, 0x00, 
0x00, 0x00, 0x00, 0x00, 0x4E, 0xFF, 0xFF, 0xF0, 0x08, 0x00, 0x00, 0x00, 0x00, 0x00, 0x00, 0x00, 
0x00, 0x00, 0x06, 0xEC, 0xFF, 0x92, 0x00, 0x00, 0x00, 0x00, 0x00, 0x00, 0x05, 0xEA, 0xFF, 0x9A, 
0x00, 0x00, 0x00, 0x00, 0x00, 0x09, 0xFB, 0xFF, 0xFF, 0x6B, 0x00, 0x00, 0x00, 0x00, 0x00, 0x00, 
0x00, 0x64, 0xFF, 0xFF, 0xFC, 0x0F, 0x00, 0x66, 0xFF, 0xFF, 0xFC, 0x48, 0x00, 0x00, 0x00, 0x00, 
0x00, 0x42, 0xFA, 0xFF, 0xFF, 0x6D, 0x00, 0x00, 0x00, 0x8E, 0xFF, 0xFF, 0xF1, 0x2B, 0x00, 0x00, 
0x00, 0x27, 0xEE, 0xFF, 0xFF, 0x94, 0x00, 0x00, 0x00, 0x00, 0x02, 0xB3, 0xFF, 0xFF, 0xDF, 0x16, 
0x00, 0x13, 0xDB, 0xFF, 0xFF, 0xB8, 0x03, 0x00, 0x00, 0x00, 0x00, 0x00, 0x0C, 0xD0, 0xFF, 0xFF, 
0xC7, 0x0E, 0xC1, 0xFF, 0xFF, 0xD4, 0x0E, 0x00, 0x00, 0x00, 0x00, 0x00, 0x00, 0x00, 0x1D, 0xE7, 
0xFF, 0xFF, 0xE8, 0xFF, 0xFF, 0xE9, 0x20, 0x00, 0x00, 0x00, 0x00, 0x00, 0x00, 0x00, 0x00, 0x00, 
0x35, 0xF6, 0xFF, 0xFF, 0xFF, 0xF7, 0x38, 0x00, 0x00, 0x00, 0x00, 0x00, 0x00, 0x00, 0x00, 0x00, 
0x00, 0x00, 0x86, 0xFF, 0xFF, 0xFF, 0x8A, 0x00, 0x00, 0x00, 0x00, 0x00, 0x00, 0x00, 0x00, 0x00, 
0x00, 0x00, 0x31, 0xF4, 0xFF, 0xFF, 0xFF, 0xF5, 0x33, 0x00, 0x00, 0x00, 0x00, 0x00, 0x00, 0x00, 
0x00, 0x00, 0x1A, 0xE4, 0xFF, 0xFF, 0xEC, 0xFF, 0xFF, 0xE6, 0x1C, 0x00, 0x00, 0x00, 0x00, 0x00, 
0x00, 0x00, 0x0A, 0xCD, 0xFF, 0xFF, 0xCB, 0x12, 0xC6, 0xFF, 0xFF, 0xD0, 0x0C, 0x00, 0x00, 0x00, 
0x00, 0x00, 0x01, 0xAE, 0xFF, 0xFF, 0xE2, 0x19, 0x00, 0x15, 0xDE, 0xFF, 0xFF, 0xB3, 0x02, 0x00, 
0x00, 0x00, 0x00, 0x89, 0xFF, 0xFF, 0xF2, 0x2E, 0x00, 0x00, 0x00, 0x29, 0xF0, 0xFF, 0xFF, 0x8F, 
0x00, 0x00, 0x00, 0x62, 0xFF, 0xFF, 0xFC, 0x4A, 0x00, 0x00, 0x00, 0x00, 0x00, 0x44, 0xFB, 0xFF, 
0xFF, 0x69, 0x00, 0x08, 0xFA, 0xFF, 0xFF, 0x6C, 0x00, 0x00, 0x00, 0x00, 0x00, 0x00, 0x00, 0x65, 
0xFF, 0xFF, 0xFB, 0x0F, 0x4A, 0xFE, 0xFF, 0xEA, 0x1E, 0x00, 0x00, 0x00, 0x00, 0x00, 0x00, 0x00, 
0x00, 0x9D, 0xFF, 0xFF, 0xBA, 0x02, 0x00, 0x8A, 0xFF, 0xFF, 0xCD, 0x08, 0x00, 0x00, 0x00, 0x00, 
0x00, 0x00, 0x67, 0xFF, 0xFF, 0xE7, 0x16, 0x00, 0x00, 0x04, 0xC7, 0xFF, 0xFF, 0xA1, 0x00, 0x00, 
0x00, 0x00, 0x00, 0x38, 0xF9, 0xFF, 0xFD, 0x42, 0x00, 0x00, 0x00, 0x00, 0x1F, 0xEE, 0xFF, 0xFF, 
0x6D, 0x00, 0x00, 0x00, 0x17, 0xE4, 0xFF, 0xFF, 0x80, 0x00, 0x00, 0x00, 0x00, 0x00, 0x00, 0x4F, 
0xFF, 0xFF, 0xFB, 0x3E, 0x00, 0x04, 0xC1, 0xFF, 0xFF, 0xBF, 0x02, 0x00, 0x00, 0x00, 0x00, 0x00, 
0x00, 0x00, 0x90, 0xFF, 0xFF, 0xE9, 0x1C, 0x90, 0xFF, 0xFF, 0xEA, 0x19, 0x00, 0x00, 0x00, 0x00, 
0x00, 0x00, 0x00, 0x00, 0x06, 0xCB, 0xFF, 0xFF, 0xE1, 0xFF, 0xFF, 0xFE, 0x47, 0x00, 0x00, 0x00, 
0x00, 0x00, 0x00, 0x00, 0x00, 0x00, 0x00, 0x22, 0xF0, 0xFF, 0xFF, 0xFF, 0xFF, 0x86, 0x00, 0x00, 
0x00, 0x00, 0x00, 0x00, 0x00, 0x00, 0x00, 0x00, 0x00, 0x00, 0x55, 0xFF, 0xFF, 0xFF, 0xC4, 0x04, 
0x00, 0x00, 0x00, 0x00, 0x00, 0x00, 0x00, 0x00, 0x00, 0x00, 0x00, 0x00, 0x00, 0xB7, 0xFF, 0xFF, 
0x2B, 0x00, 0x00, 0x00, 0x00, 0x00, 0x00, 0x00, 0x00, 0x00, 0x00, 0x00, 0x00, 0x00, 0x00, 0xA7, 
0xFF, 0xFF, 0x1B, 0x00, 0x00, 0x00, 0x00, 0x00, 0x00, 0x00, 0x00, 0x00, 0x00, 0x00, 0x00, 0x00, 
0x00, 0xA7, 0xFF, 0xFF, 0x1B, 0x00, 0x00, 0x00, 0x00, 0x00, 0x00, 0x00, 0x00, 0x00, 0x00, 0x00, 
0x00, 0x00, 0x00, 0xA7, 0xFF, 0xFF, 0x1B, 0x00, 0x00, 0x00, 0x00, 0x00, 0x00, 0x00, 0x00, 0x00, 
0x00, 0x00, 0x00, 0x00, 0x00, 0xA7, 0xFF, 0xFF, 0x1B, 0x00, 0x00, 0x00, 0x00, 0x00, 0x00, 0x00, 
0x00, 0x00, 0x00, 0x00, 0x00, 0x00, 0x00, 0xA7, 0xFF, 0xFF, 0x1B, 0x00, 0x00, 0x00, 0x00, 0x00, 
0x00, 0x00, 0xEF, 0xFF, 0xFF, 0xFF, 0xFF, 0xFF, 0xFF, 0xFF, 0xFF, 0xFF, 0xFF, 0xFF, 0xFF, 0xFF, 
0xFF, 0x2F, 0xEF, 0xFF, 0xFF, 0xFF, 0xFF, 0xFF, 0xFF, 0xFF, 0xFF, 0xFF, 0xFF, 0xFF, 0xFF, 0xFF, 
0xFF, 0x2F, 0xBB, 0xC7, 0xC7, 0xC7, 0xC7, 0xC7, 0xC7, 0xC7, 0xC7, 0xC7, 0xC9, 0xFD, 0xFF, 0xFF, 
0xFF, 0x2F, 0x00, 0x00, 0x00, 0x00, 0x00, 0x00, 0x00, 0x00, 0x00, 0x0A, 0xAB, 0xFF, 0xFF, 0xFF, 
0x9A, 0x05, 0x00, 0x00, 0x00, 0x00, 0x00, 0x00, 0x00, 0x00, 0x1C, 0xCE, 0xFF, 0xFF, 0xFC, 0x6E, 
0x00, 0x00, 0x00, 0x00, 0x00, 0x00, 0x00, 0x00, 0x00, 0x37, 0xE7, 0xFF, 0xFF, 0xEF, 0x46, 0x00, 
0x00, 0x00, 0x00, 0x00, 0x00, 0x00, 0x00, 0x00, 0x5B, 0xF7, 0xFF, 0xFF, 0xDA, 0x27, 0x00, 0x00, 
0x00, 0x00, 0x00, 0x00, 0x00, 0x00, 0x01, 0x85, 0xFF, 0xFF, 0xFF, 0xBB, 0x11, 0x00, 0x00, 0x00, 
0x00, 0x00, 0x00, 0x00, 0x00, 0x0C, 0xB0, 0xFF, 0xFF, 0xFF, 0x94, 0x04, 0x00, 0x00, 0x00, 0x00, 
0x00, 0x00, 0x00, 0x00, 0x1F, 0xD1, 0xFF, 0xFF, 0xFB, 0x68, 0x00, 0x00, 0x00, 0x00, 0x00, 0x00, 
0x00, 0x00, 0x00, 0x3B, 0xEA, 0xFF, 0xFF, 0xED, 0x41, 0x00, 0x00, 0x00, 0x00, 0x00, 0x00, 0x00, 
0x00, 0x00, 0x61, 0xF9, 0xFF, 0xFF, 0xD6, 0x23, 0x00, 0x00, 0x00, 0x00, 0x00, 0x00, 0x00, 0x00, 
0x00, 0x00, 0xEF, 0xFF, 0xFF, 0xFF, 0xD2, 0xC3, 0xC3, 0xC3, 0xC3, 0xC3, 0xC3, 0xC3, 0xC3, 0xC3, 
0xC3, 0x24, 0xEF, 0xFF, 0xFF, 0xFF, 0xFF, 0xFF, 0xFF, 0xFF, 0xFF, 0xFF, 0xFF, 0xFF, 0xFF, 0xFF, 
0xFF, 0x2F, 0xEF, 0xFF, 0xFF, 0xFF, 0xFF, 0xFF, 0xFF, 0xFF, 0xFF, 0xFF, 0xFF, 0xFF, 0xFF, 0xFF, 
0xFF, 0x2F, 0xDF, 0xFF, 0xFF, 0xFF, 0x27, 0xDF, 0xFF, 0xFF, 0xFF, 0x27, 0xDF, 0xFF, 0xF8, 0xC3, 
0x1E, 0xDF, 0xFF, 0xDF, 0x00, 0x00, 0xDF, 0xFF, 0xDF, 0x00, 0x00, 0xDF, 0xFF, 0xDF, 0x00, 0x00, 
0xDF, 0xFF, 0xDF, 0x00, 0x00, 0xDF, 0xFF, 0xDF, 0x00, 0x00, 0xDF, 0xFF, 0xDF, 0x00, 0x00, 0xDF, 
0xFF, 0xDF, 0x00, 0x00, 0xDF, 0xFF, 0xDF, 0x00, 0x00, 0xDF, 0xFF, 0xDF, 0x00, 0x00, 0xDF, 0xFF, 
0xF7, 0xBF, 0x1D, 0xDF, 0xFF, 0xFF, 0xFF, 0x27, 0xDF, 0xFF, 0xFF, 0xFF, 0x27, 0xE3, 0x42, 0x00, 
0x00, 0x00, 0x00, 0x00, 0x00, 0x00, 0x00, 0x00, 0xE7, 0xED, 0x24, 0x00, 0x00, 0x00, 0x00, 0x00, 
0x00, 0x00, 0x00, 0xE7, 0xFF, 0xD7, 0x0F, 0x00, 0x00, 0x00, 0x00, 0x00, 0x00, 0x00, 0x73, 0xFF, 
0xFF, 0xB8, 0x03, 0x00, 0x00, 0x00, 0x00, 0x00, 0x00, 0x00, 0x9D, 0xFF, 0xFF, 0x91, 0x00, 0x00, 
0x00, 0x00, 0x00, 0x00, 0x00, 0x06, 0xC2, 0xFF, 0xFF, 0x66, 0x00, 0x00, 0x00, 0x00, 0x00, 0x00, 
0x00, 0x14, 0xDE, 0xFF, 0xFA, 0x40, 0x00, 0x00, 0x00, 0x00, 0x00, 0x00, 0x00, 0x2B, 0xF2, 0xFF, 
0xED, 0x23, 0x00, 0x00, 0x00, 0x00, 0x00, 0x00, 0x00, 0x4B, 0xFD, 0xFF, 0xD6, 0x0E, 0x00, 0x00, 
0x00, 0x00, 0x00, 0x00, 0x00, 0x72, 0xFF, 0xFF, 0xB7, 0x03, 0x00, 0x00, 0x00, 0x00, 0x00, 0x00, 
0x00, 0x9C, 0xFF, 0xFF, 0x8F, 0x00, 0x00, 0x00, 0x00, 0x00, 0x00, 0x00, 0x05, 0xC1, 0xFF, 0xFF, 
0x64, 0x00, 0x00, 0x00, 0x00, 0x00, 0x00, 0x00, 0x14, 0xDD, 0xFF, 0xDF, 0x00, 0x00, 0x00, 0x00, 
0x00, 0x00, 0x00, 0x00, 0x2A, 0xF1, 0xDF, 0x00, 0x00, 0x00, 0x00, 0x00, 0x00, 0x00, 0x00, 0x00, 
0x4A, 0xDC, 0xEF, 0xFF, 0xFF, 0xFF, 0x17, 0xEF, 0xFF, 0xFF, 0xFF, 0x17, 0xB7, 0xEC, 0xFF, 0xFF, 
0x17, 0x00, 0xAB, 0xFF, 0xFF, 0x17, 0x00, 0xAB, 0xFF, 0xFF, 0x17, 0x00, 0xAB, 0xFF, 0xFF, 0x17, 
0x00, 0xAB, 0xFF, 0xFF, 0x17, 0x00, 0xAB, 0xFF, 0xFF, 0x17, 0x00, 0xAB, 0xFF, 0xFF, 0x17, 0x00, 
0xAB, 0xFF, 0xFF, 0x17, 0x00, 0xAB, 0xFF, 0xFF, 0x17, 0x00, 0xAB, 0xFF, 0xFF, 0x17, 0xB3, 0xEA, 
0xFF, 0xFF, 0x17, 0xEF, 0xFF, 0xFF, 0xFF, 0x17, 0xEF, 0xFF, 0xFF, 0xFF, 0x17, 0xDF, 0xFF, 0xFF, 
0xFF, 0xFF, 0xFF, 0xFF, 0xFF, 0xFF, 0xFF, 0xFF, 0xFF, 0xFF, 0xFF, 0xFF, 0x17, 0xDF, 0xFF, 0xFF, 
0xFF, 0xFF, 0xFF, 0xFF, 0xFF, 0xFF, 0xFF, 0xFF, 0xFF, 0xFF, 0xFF, 0xFF, 0x17, 0xAB, 0xC3, 0xC3, 
0xC3, 0xC3, 0xC3, 0xC3, 0xC3, 0xC3, 0xC3, 0xC3, 0xC3, 0xC3, 0xC3, 0xC3, 0x12, 0x34, 0xFF, 0xFF, 
0x93, 0x00, 0x03, 0xF1, 0xFF, 0xD4, 0x00, 0x00, 0xB5, 0xFF, 0xFF, 0x15, 0x00, 0x67, 0xD7, 0xD7, 
0x43, 0xEB, 0xFF, 0xFF, 0xFF, 0xFF, 0xFF, 0xFF, 0xFF, 0xFF, 0xFA, 0xC7, 0x37, 0x00, 0xEB, 0xFF, 
0xFF, 0xFF, 0xFF, 0xFF, 0xFF, 0xFF, 0xFF, 0xFF, 0xFF, 0xEF, 0x17, 0xB4, 0xC3, 0xC3, 0xC3, 0xC3, 
0xC3, 0xC3, 0xC3, 0xC3, 0xD7, 0xFF, 0xFF, 0x5F, 0x00, 0x00, 0x00, 0x00, 0x00, 0x00, 0x00, 0x00, 
0x00, 0x4B, 0xFF, 0xFF, 0x73, 0xB4, 0xC3, 0xC3, 0xC3, 0xC3, 0xC3, 0xC3, 0xC3, 0xC3, 0xD5, 0xFF, 
0xFF, 0x73, 0xEB, 0xFF, 0xFF, 0xFF, 0xFF, 0xFF, 0xFF, 0xFF, 0xFF, 0xFF, 0xFF, 0xFF, 0x73, 0xEB, 
0xFF, 0xFF, 0xFF, 0xFF, 0xFF, 0xFF, 0xFF, 0xFF, 0xFF, 0xFF, 0xFF, 0x73, 0xEB, 0xFF, 0xD3, 0x00, 
0x00, 0x00, 0x00, 0x00, 0x00, 0x4B, 0xFF, 0xFF, 0x73, 0xEB, 0xFF, 0xD3, 0x00, 0x00, 0x00, 0x00, 
0x00, 0x00, 0x4B, 0xFF, 0xFF, 0x73, 0xD7, 0xFF, 0xF8, 0xBF, 0xBF, 0xBF, 0xBF, 0xBF, 0xBF, 0xD2, 
0xFF, 0xFF, 0x73, 0x7F, 0xFF, 0xFF, 0xFF, 0xFF, 0xFF, 0xFF, 0xFF, 0xFF, 0xFF, 0xFF, 0xFF, 0x73, 
0x05, 0x87, 0xE7, 0xFF, 0xFF, 0xFF, 0xFF, 0xFF, 0xFF, 0xFF, 0xFF, 0xFF, 0x73, 0xDF, 0xFF, 0xDF, 
0x00, 0x00, 0x00, 0x00, 0x00, 0x00, 0x00, 0x00, 0x00, 0x00, 0xDF, 0xFF, 0xDF, 0x00, 0x00, 0x00, 
0x00, 0x00, 0x00, 0x00, 0x00, 0x00, 0x00, 0xDF, 0xFF, 0xDF, 0x00, 0x00, 0x00, 0x00, 0x00, 0x00, 
0x00, 0x00, 0x00, 0x00, 0xDF, 0xFF, 0xDF, 0x00, 0x00, 0x00, 0x00, 0x00, 0x00, 0x00, 0x00, 0x00, 
0x00, 0xDF, 0xFF, 0xFF, 0xFF, 0xFF, 0xFF, 0xFF, 0xFF, 0xFF, 0xFB, 0xCB, 0x3D, 0x00, 0xDF, 0xFF, 
0xFF, 0xFF, 0xFF, 0xFF, 0xFF, 0xFF, 0xFF, 0xFF, 0xFF, 0xF3, 0x1E, 0xDF, 0xFF, 0xFB, 0xC4, 0xC3, 
0xC3, 0xC3, 0xC3, 0xC3, 0xD5, 0xFF, 0xFF, 0x6A, 0xDF, 0xFF, 0xDF, 0x00, 0x00, 0x00, 0x00, 0x00, 
0x00, 0x3F, 0xFF, 0xFF, 0x7F, 0xDF, 0xFF, 0xDF, 0x00, 0x00, 0x00, 0x00, 0x00, 0x00, 0x3F, 0xFF, 
0xFF, 0x7F, 0xDF, 0xFF, 0xDF, 0x00, 0x00, 0x00, 0x00, 0x00, 0x00, 0x3F, 0xFF, 0xFF, 0x7F, 0xDF, 
0xFF, 0xDF, 0x00, 0x00, 0x00, 0x00, 0x00, 0x00, 0x3F, 0xFF, 0xFF, 0x7F, 0xDF, 0xFF, 0xDF, 0x00, 
0x00, 0x00, 0x00, 0x00, 0x00, 0x3F, 0xFF, 0xFF, 0x7F, 0xDF, 0xFF, 0xDF, 0x00, 0x00, 0x00, 0x00, 
0x00, 0x00, 0x3F, 0xFF, 0xFF, 0x7F, 0xDF, 0xFF, 0xFA, 0xC0, 0xBF, 0xBF, 0xBF, 0xBF, 0xBF, 0xD2, 
0xFF, 0xFF, 0x6B, 0xDF, 0xFF, 0xFF, 0xFF, 0xFF, 0xFF, 0xFF, 0xFF, 0xFF, 0xFF, 0xFF, 0xF4, 0x1F, 
0xDF, 0xFF, 0xFF, 0xFF, 0xFF, 0xFF, 0xFF, 0xFF, 0xFF, 0xFB, 0xCC, 0x3E, 0x00, 0x05, 0x89, 0xE8, 
0xFF, 0xFF, 0xFF, 0xFF, 0xFF, 0xFF, 0xFF, 0xFF, 0xFF, 0x63, 0x82, 0xFF, 0xFF, 0xFF, 0xFF, 0xFF, 
0xFF, 0xFF, 0xFF, 0xFF, 0xFF, 0xFF, 0x63, 0xDB, 0xFF, 0xF7, 0xC3, 0xC3, 0xC3, 0xC3, 0xC3, 0xC3, 
0xC3, 0xC3, 0xC3, 0x4C, 0xEF, 0xFF, 0xCF, 0x00, 0x00, 0x00, 0x00, 0x00, 0x00, 0x00, 0x00, 0x00, 
0x00, 0xEF, 0xFF, 0xCF, 0x00, 0x00, 0x00, 0x00, 0x00, 0x00, 0x00, 0x00, 0x00, 0x00, 0xEF, 0xFF, 
0xCF, 0x00, 0x00, 0x00, 0x00, 0x00, 0x00, 0x00, 0x00, 0x00, 0x00, 0xEF, 0xFF, 0xCF, 0x00, 0x00, 
0x00, 0x00, 0x00, 0x00, 0x00, 0x00, 0x00, 0x00, 0xEF, 0xFF, 0xCF, 0x00, 0x00, 0x00, 0x00, 0x00, 
0x00, 0x00, 0x00, 0x00, 0x00, 0xEF, 0xFF, 0xCF, 0x00, 0x00, 0x00, 0x00, 0x00, 0x00, 0x00, 0x00, 
0x00, 0x00, 0xDB, 0xFF, 0xF6, 0xBF, 0xBF, 0xBF, 0xBF, 0xBF, 0xBF, 0xBF, 0xBF, 0xBF, 0x53, 0x84, 
0xFF, 0xFF, 0xFF, 0xFF, 0xFF, 0xFF, 0xFF, 0xFF, 0xFF, 0xFF, 0xFF, 0x6F, 0x06, 0x8B, 0xE8, 0xFF, 
0xFF, 0xFF, 0xFF, 0xFF, 0xFF, 0xFF, 0xFF, 0xFF, 0x6F, 0x00, 0x00, 0x00, 0x00, 0x00, 0x00, 0x00, 
0x00, 0x00, 0x00, 0xE3, 0xFF, 0xDB, 0x00, 0x00, 0x00, 0x00, 0x00, 0x00, 0x00, 0x00, 0x00, 0x00, 
0xE3, 0xFF, 0xDB, 0x00, 0x00, 0x00, 0x00, 0x00, 0x00, 0x00, 0x00, 0x00, 0x00, 0xE3, 0xFF, 0xDB, 
0x00, 0x00, 0x00, 0x00, 0x00, 0x00, 0x00, 0x00, 0x00, 0x00, 0xE3, 0xFF, 0xDB, 0x00, 0x42, 0xCE, 
0xFC, 0xFF, 0xFF, 0xFF, 0xFF, 0xFF, 0xFF, 0xFF, 0xFF, 0xDB, 0x23, 0xF6, 0xFF, 0xFF, 0xFF, 0xFF, 
0xFF, 0xFF, 0xFF, 0xFF, 0xFF, 0xFF, 0xDB, 0x73, 0xFF, 0xFF, 0xD5, 0xC3, 0xC3, 0xC3, 0xC3, 0xC3, 
0xC4, 0xFB, 0xFF, 0xDB, 0x87, 0xFF, 0xFF, 0x3F, 0x00, 0x00, 0x00, 0x00, 0x00, 0x00, 0xE3, 0xFF, 
0xDB, 0x87, 0xFF, 0xFF, 0x3F, 0x00, 0x00, 0x00, 0x00, 0x00, 0x00, 0xE3, 0xFF, 0xDB, 0x87, 0xFF, 
0xFF, 0x3F, 0x00, 0x00, 0x00, 0x00, 0x00, 0x00, 0xE3, 0xFF, 0xDB, 0x87, 0xFF, 0xFF, 0x3F, 0x00, 
0x00, 0x00, 0x00, 0x00, 0x00, 0xE3, 0xFF, 0xDB, 0x87, 0xFF, 0xFF, 0x3F, 0x00, 0x00, 0x00, 0x00, 
0x00, 0x00, 0xE3, 0xFF, 0xDB, 0x87, 0xFF, 0xFF, 0x3F, 0x00, 0x00, 0x00, 0x00, 0x00, 0x00, 0xE3, 
0xFF, 0xDB, 0x73, 0xFF, 0xFF, 0xD2, 0xBF, 0xBF, 0xBF, 0xBF, 0xBF, 0xC0, 0xFB, 0xFF, 0xDB, 0x25, 
0xF7, 0xFF, 0xFF, 0xFF, 0xFF, 0xFF, 0xFF, 0xFF, 0xFF, 0xFF, 0xFF, 0xDB, 0x00, 0x43, 0xCF, 0xFC, 
0xFF, 0xFF, 0xFF, 0xFF, 0xFF, 0xFF, 0xFF, 0xFF, 0xDB, 0x06, 0x8A, 0xE8, 0xFF, 0xFF, 0xFF, 0xFF, 
0xFF, 0xFF, 0xFA, 0xC5, 0x34, 0x00, 0x84, 0xFF, 0xFF, 0xFF, 0xFF, 0xFF, 0xFF, 0xFF, 0xFF, 0xFF, 
0xFF, 0xEC, 0x15, 0xDC, 0xFF, 0xF6, 0xC3, 0xC3, 0xC3, 0xC3, 0xC3, 0xC3, 0xD9, 0xFF, 0xFF, 0x5B, 
0xEF, 0xFF, 0xCF, 0x00, 0x00, 0x00, 0x00, 0x00, 0x00, 0x53, 0xFF, 0xFF, 0x6F, 0xEF, 0xFF, 0xF4, 
0xC3, 0xC3, 0xC3, 0xC3, 0xC3, 0xC3, 0xD7, 0xFF, 0xFF, 0x6F, 0xEF, 0xFF, 0xFF, 0xFF, 0xFF, 0xFF, 
0xFF, 0xFF, 0xFF, 0xFF, 0xFF, 0xFF, 0x6F, 0xEF, 0xFF, 0xFF, 0xFF, 0xFF, 0xFF, 0xFF, 0xFF, 0xFF, 
0xFF, 0xFF, 0xFF, 0x6F, 0xEF, 0xFF, 0xCF, 0x00, 0x00, 0x00, 0x00, 0x00, 0x00, 0x00, 0x00, 0x00, 
0x00, 0xEF, 0xFF, 0xCF, 0x00, 0x00, 0x00, 0x00, 0x00, 0x00, 0x00, 0x00, 0x00, 0x00, 0xDB, 0xFF, 
0xF6, 0xBF, 0xBF, 0xBF, 0xBF, 0xBF, 0xBF, 0xBF, 0xBF, 0xBF, 0x53, 0x84, 0xFF, 0xFF, 0xFF, 0xFF, 
0xFF, 0xFF, 0xFF, 0xFF, 0xFF, 0xFF, 0xFF, 0x6F, 0x06, 0x8B, 0xE8, 0xFF, 0xFF, 0xFF, 0xFF, 0xFF, 
0xFF, 0xFF, 0xFF, 0xFF, 0x6F, 0x03, 0x83, 0xE5, 0xFF, 0xFF, 0xFF, 0xFF, 0x97, 0x78, 0xFF, 0xFF, 
0xFF, 0xFF, 0xFF, 0xFF, 0x97, 0xCF, 0xFF, 0xFA, 0xC7, 0xC7, 0xC7, 0xC7, 0x76, 0xE3, 0xFF, 0xDB, 
0x00, 0x00, 0x00, 0x00, 0x00, 0xE3, 0xFF, 0xFF, 0xFF, 0xFF, 0xFF, 0xFF, 0x97, 0xE3, 0xFF, 0xFF, 
0xFF, 0xFF, 0xFF, 0xFF, 0x97, 0xE3, 0xFF, 0xF7, 0xC3, 0xC3, 0xC3, 0xC3, 0x74, 0xE3, 0xFF, 0xDB, 
0x00, 0x00, 0x00, 0x00, 0x00, 0xE3, 0xFF, 0xDB, 0x00, 0x00, 0x00, 0x00, 0x00, 0xE3, 0xFF, 0xDB, 
0x00, 0x00, 0x00, 0x00, 0x00, 0xE3, 0xFF, 0xDB, 0x00, 0x00, 0x00, 0x00, 0x00, 0xE3, 0xFF, 0xDB, 
0x00, 0x00, 0x00, 0x00, 0x00, 0xE3, 0xFF, 0xDB, 0x00, 0x00, 0x00, 0x00, 0x00, 0xE3, 0xFF, 0xDB, 
0x00, 0x00, 0x00, 0x00, 0x00, 0xE3, 0xFF, 0xDB, 0x00, 0x00, 0x00, 0x00, 0x00, 0xE3, 0xFF, 0xDB, 
0x00, 0x00, 0x00, 0x00, 0x00, 0x00, 0x14, 0xA6, 0xF1, 0xFF, 0xFF, 0xFF, 0xFF, 0xFF, 0xFF, 0xF4, 
0xB1, 0x1C, 0x00, 0x00, 0xB6, 0xFF, 0xFF, 0xFF, 0xFF, 0xFF, 0xFF, 0xFF, 0xFF, 0xFF, 0xFF, 0xCA, 
0x00, 0x0F, 0xFE, 0xFF, 0xEB, 0xC3, 0xC3, 0xC3, 0xC3, 0xC3, 0xC3, 0xE6, 0xFF, 0xFF, 0x22, 0x23, 
0xFF, 0xFF, 0x9B, 0x00, 0x00, 0x00, 0x00, 0x00, 0x00, 0x87, 0xFF, 0xFF, 0x37, 0x23, 0xFF, 0xFF, 
0x9B, 0x00, 0x00, 0x00, 0x00, 0x00, 0x00, 0x87, 0xFF, 0xFF, 0x37, 0x23, 0xFF, 0xFF, 0x9B, 0x00, 
0x00, 0x00, 0x00, 0x00, 0x00, 0x87, 0xFF, 0xFF, 0x37, 0x23, 0xFF, 0xFF, 0x9B, 0x00, 0x00, 0x00, 
0x00, 0x00, 0x00, 0x87, 0xFF, 0xFF, 0x37, 0x23, 0xFF, 0xFF, 0x9B, 0x00, 0x00, 0x00, 0x00, 0x00, 
0x00, 0x87, 0xFF, 0xFF, 0x37, 0x23, 0xFF, 0xFF, 0x9B, 0x00, 0x00, 0x00, 0x00, 0x00, 0x00, 0x87, 
0xFF, 0xFF, 0x37, 0x10, 0xFF, 0xFF, 0xE9, 0xBF, 0xBF, 0xBF, 0xBF, 0xBF, 0xBF, 0xE4, 0xFF, 0xFF, 
0x37, 0x00, 0xB8, 0xFF, 0xFF, 0xFF, 0xFF, 0xFF, 0xFF, 0xFF, 0xFF, 0xFF, 0xFF, 0xFF, 0x37, 0x00, 
0x14, 0xA7, 0xF1, 0xFF, 0xFF, 0xFF, 0xFF, 0xFF, 0xFF, 0xFF, 0xFF, 0xFF, 0x37, 0x00, 0x00, 0x00, 
0x00, 0x00, 0x00, 0x00, 0x00, 0x00, 0x00, 0x87, 0xFF, 0xFF, 0x37, 0x00, 0x00, 0x00, 0x00, 0x00, 
0x00, 0x00, 0x00, 0x00, 0x00, 0x89, 0xFF, 0xFF, 0x37, 0x00, 0x00, 0x1B, 0xFF, 0xFF, 0xFF, 0xFF, 
0xFF, 0xFF, 0xFF, 0xFF, 0xFF, 0xFF, 0x18, 0x00, 0x00, 0x1B, 0xFF, 0xFF, 0xFF, 0xFF, 0xFF, 0xFF, 
0xFF, 0xFF, 0xFF, 0xAA, 0x00, 0x00, 0x00, 0x15, 0xC7, 0xC7, 0xC7, 0xC7, 0xC7, 0xC7, 0xC7, 0xBD, 
0x7A, 0x06, 0x00, 0xDF, 0xFF, 0xDF, 0x00, 0x00, 0x00, 0x00, 0x00, 0x00, 0x00, 0x00, 0x00, 0x00, 
0xDF, 0xFF, 0xDF, 0x00, 0x00, 0x00, 0x00, 0x00, 0x00, 0x00, 0x00, 0x00, 0x00, 0xDF, 0xFF, 0xDF, 
0x00, 0x00, 0x00, 0x00, 0x00, 0x00, 0x00, 0x00, 0x00, 0x00, 0xDF, 0xFF, 0xDF, 0x00, 0x00, 0x00, 
0x00, 0x00, 0x00, 0x00, 0x00, 0x00, 0x00, 0xDF, 0xFF, 0xFF, 0xFF, 0xFF, 0xFF, 0xFF, 0xFF, 0xFF, 
0xFB, 0xCA, 0x3C, 0x00, 0xDF, 0xFF, 0xFF, 0xFF, 0xFF, 0xFF, 0xFF, 0xFF, 0xFF, 0xFF, 0xFF, 0xF2, 
0x1D, 0xDF, 0xFF, 0xFB, 0xC4, 0xC3, 0xC3, 0xC3, 0xC3, 0xC3, 0xD5, 0xFF, 0xFF, 0x69, 0xDF, 0xFF, 
0xDF, 0x00, 0x00, 0x00, 0x00, 0x00, 0x00, 0x3F, 0xFF, 0xFF, 0x7F, 0xDF, 0xFF, 0xDF, 0x00, 0x00, 
0x00, 0x00, 0x00, 0x00, 0x3F, 0xFF, 0xFF, 0x7F, 0xDF, 0xFF, 0xDF, 0x00, 0x00, 0x00, 0x00, 0x00, 
0x00, 0x3F, 0xFF, 0xFF, 0x7F, 0xDF, 0xFF, 0xDF, 0x00, 0x00, 0x00, 0x00, 0x00, 0x00, 0x3F, 0xFF, 
0xFF, 0x7F, 0xDF, 0xFF, 0xDF, 0x00, 0x00, 0x00, 0x00, 0x00, 0x00, 0x3F, 0xFF, 0xFF, 0x7F, 0xDF, 
0xFF, 0xDF, 0x00, 0x00, 0x00, 0x00, 0x00, 0x00, 0x3F, 0xFF, 0xFF, 0x7F, 0xDF, 0xFF, 0xDF, 0x00, 
0x00, 0x00, 0x00, 0x00, 0x00, 0x3F, 0xFF, 0xFF, 0x7F, 0xDF, 0xFF, 0xDF, 0x00, 0x00, 0x00, 0x00, 
0x00, 0x00, 0x3F, 0xFF, 0xFF, 0x7F, 0xDF, 0xFF, 0xDF, 0x00, 0x00, 0x00, 0x00, 0x00, 0x00, 0x3F, 
0xFF, 0xFF, 0x7F, 0xEB, 0xFF, 0xD3, 0xEB, 0xFF, 0xD3, 0xB8, 0xC7, 0xA5, 0x03, 0x03, 0x03, 0xEB, 
0xFF, 0xD3, 0xEB, 0xFF, 0xD3, 0xEB, 0xFF, 0xD3, 0xEB, 0xFF, 0xD3, 0xEB, 0xFF, 0xD3, 0xEB, 0xFF, 
0xD3, 0xEB, 0xFF, 0xD3, 0xEB, 0xFF, 0xD3, 0xEB, 0xFF, 0xD3, 0xEB, 0xFF, 0xD3, 0xEB, 0xFF, 0xD3, 
0xEB, 0xFF, 0xD3, 0x00, 0x00, 0x00, 0x00, 0x00, 0x87, 0xFF, 0xFF, 0x37, 0x00, 0x00, 0x00, 0x00, 
0x00, 0x87, 0xFF, 0xFF, 0x37, 0x00, 0x00, 0x00, 0x00, 0x00, 0x6A, 0xC7, 0xC7, 0x2B, 0x00, 0x00, 
0x00, 0x00, 0x00, 0x00, 0x00, 0x00, 0x00, 0x00, 0x00, 0x00, 0x00, 0x00, 0x87, 0xFF, 0xFF, 0x37, 
0x00, 0x00, 0x00, 0x00, 0x00, 0x87, 0xFF, 0xFF, 0x37, 0x00, 0x00, 0x00, 0x00, 0x00, 0x87, 0xFF, 
0xFF, 0x37, 0x00, 0x00, 0x00, 0x00, 0x00, 0x87, 0xFF, 0xFF, 0x37, 0x00, 0x00, 0x00, 0x00, 0x00, 
0x87, 0xFF, 0xFF, 0x37, 0x00, 0x00, 0x00, 0x00, 0x00, 0x87, 0xFF, 0xFF, 0x37, 0x00, 0x00, 0x00, 
0x00, 0x00, 0x87, 0xFF, 0xFF, 0x37, 0x00, 0x00, 0x00, 0x00, 0x00, 0x87, 0xFF, 0xFF, 0x37, 0x00, 
0x00, 0x00, 0x00, 0x00, 0x87, 0xFF, 0xFF, 0x37, 0x00, 0x00, 0x00, 0x00, 0x00, 0x87, 0xFF, 0xFF, 
0x37, 0x00, 0x00, 0x00, 0x00, 0x00, 0x87, 0xFF, 0xFF, 0x37, 0x00, 0x00, 0x00, 0x00, 0x00, 0x87, 
0xFF, 0xFF, 0x37, 0x00, 0x00, 0x00, 0x00, 0x00, 0x87, 0xFF, 0xFF, 0x37, 0x00, 0x00, 0x00, 0x00, 
0x00, 0x8A, 0xFF, 0xFF, 0x37, 0xEF, 0xFF, 0xFF, 0xFF, 0xFF, 0xFF, 0xFF, 0xFF, 0x17, 0xEF, 0xFF, 
0xFF, 0xFF, 0xFF, 0xFF, 0xFF, 0xA7, 0x00, 0xBB, 0xC7, 0xC7, 0xC7, 0xC7, 0xBB, 0x78, 0x06, 0x00, 
0xDF, 0xFF, 0xDF, 0x00, 0x00, 0x00, 0x00, 0x00, 0x00, 0x00, 0x00, 0x00, 0x00, 0xDF, 0xFF, 0xDF, 
0x00, 0x00, 0x00, 0x00, 0x00, 0x00, 0x00, 0x00, 0x00, 0x00, 0xDF, 0xFF, 0xDF, 0x00, 0x00, 0x00, 
0x00, 0x00, 0x00, 0x00, 0x00, 0x00, 0x00, 0xDF, 0xFF, 0xDF, 0x00, 0x00, 0x00, 0x00, 0x00, 0x00, 
0x28, 0x37, 0x37, 0x13, 0xDF, 0xFF, 0xDF, 0x00, 0x00, 0x00, 0x00, 0x00, 0x53, 0xFB, 0xFF, 0xFC, 
0x38, 0xDF, 0xFF, 0xDF, 0x00, 0x00, 0x00, 0x00, 0x4E, 0xFA, 0xFF, 0xFE, 0x5D, 0x00, 0xDF, 0xFF, 
0xDF, 0x00, 0x00, 0x00, 0x49, 0xF9, 0xFF, 0xFF, 0x6A, 0x00, 0x00, 0xDF, 0xFF, 0xDF, 0x00, 0x00, 
0x45, 0xF7, 0xFF, 0xFF, 0x78, 0x00, 0x00, 0x00, 0xDF, 0xFF, 0xF8, 0xC3, 0xC3, 0xF6, 0xFF, 0xFF, 
0x87, 0x00, 0x00, 0x00, 0x00, 0xDF, 0xFF, 0xFF, 0xFF, 0xFF, 0xFF, 0xFF, 0xB6, 0x00, 0x00, 0x00, 
0x00, 0x00, 0xDF, 0xFF, 0xFF, 0xFF, 0xFF, 0xFF, 0xFF, 0xF9, 0x40, 0x00, 0x00, 0x00, 0x00, 0xDF, 
0xFF, 0xDF, 0x00, 0x00, 0x85, 0xFF, 0xFF, 0xEE, 0x28, 0x00, 0x00, 0x00, 0xDF, 0xFF, 0xDF, 0x00, 
0x00, 0x01, 0xA5, 0xFF, 0xFF, 0xDE, 0x16, 0x00, 0x00, 0xDF, 0xFF, 0xDF, 0x00, 0x00, 0x00, 0x06, 
0xC1, 0xFF, 0xFF, 0xC9, 0x09, 0x00, 0xDF, 0xFF, 0xDF, 0x00, 0x00, 0x00, 0x00, 0x11, 0xD8, 0xFF, 
0xFF, 0xAE, 0x02, 0xDF, 0xFF, 0xDF, 0x00, 0x00, 0x00, 0x00, 0x00, 0x21, 0xE9, 0xFF, 0xFF, 0x50, 
0xEB, 0xFF, 0xDB, 0x00, 0x00, 0x00, 0xEB, 0xFF, 0xDB, 0x00, 0x00, 0x00, 0xEB, 0xFF, 0xDB, 0x00, 
0x00, 0x00, 0xEB, 0xFF, 0xDB, 0x00, 0x00, 0x00, 0xEB, 0xFF, 0xDB, 0x00, 0x00, 0x00, 0xEB, 0xFF, 
0xDB, 0x00, 0x00, 0x00, 0xEB, 0xFF, 0xDB, 0x00, 0x00, 0x00, 0xEB, 0xFF, 0xDB, 0x00, 0x00, 0x00, 
0xEB, 0xFF, 0xDB, 0x00, 0x00, 0x00, 0xEB, 0xFF, 0xDB, 0x00, 0x00, 0x00, 0xEB, 0xFF, 0xDB, 0x00, 
0x00, 0x00, 0xEB, 0xFF, 0xDB, 0x00, 0x00, 0x00, 0xEB, 0xFF, 0xDB, 0x00, 0x00, 0x00, 0xD7, 0xFF, 
0xF9, 0xBF, 0xBF, 0x53, 0x80, 0xFF, 0xFF, 0xFF, 0xFF, 0x6F, 0x05, 0x87, 0xE7, 0xFF, 0xFF, 0x6F, 
0xDF, 0xFF, 0xFF, 0xFF, 0xFF, 0xFF, 0xFF, 0xFF, 0xFF, 0xFF, 0xFF, 0xFF, 0xFF, 0xFF, 0xFF, 0xEF, 
0xA2, 0x11, 0x00, 0xDF, 0xFF, 0xFF, 0xFF, 0xFF, 0xFF, 0xFF, 0xFF, 0xFF, 0xFF, 0xFF, 0xFF, 0xFF, 
0xFF, 0xFF, 0xFF, 0xFF, 0xB1, 0x00, 0xDF, 0xFF, 0xFB, 0xC4, 0xC3, 0xC3, 0xC3, 0xD5, 0xFF, 0xFF, 
0xE5, 0xC3, 0xC3, 0xC3, 0xC3, 0xEB, 0xFF, 0xFD, 0x0C, 0xDF, 0xFF, 0xDF, 0x00, 0x00, 0x00, 0x00, 
0x3F, 0xFF, 0xFF, 0x83, 0x00, 0x00, 0x00, 0x00, 0x9B, 0xFF, 0xFF, 0x1F, 0xDF, 0xFF, 0xDF, 0x00, 
0x00, 0x00, 0x00, 0x3F, 0xFF, 0xFF, 0x83, 0x00, 0x00, 0x00, 0x00, 0x9B, 0xFF, 0xFF, 0x1F, 0xDF, 
0xFF, 0xDF, 0x00, 0x00, 0x00, 0x00, 0x3F, 0xFF, 0xFF, 0x83, 0x00, 0x00, 0x00, 0x00, 0x9B, 0xFF, 
0xFF, 0x1F, 0xDF, 0xFF, 0xDF, 0x00, 0x00, 0x00, 0x00, 0x3F, 0xFF, 0xFF, 0x83, 0x00, 0x00, 0x00, 
0x00, 0x9B, 0xFF, 0xFF, 0x1F, 0xDF, 0xFF, 0xDF, 0x00, 0x00, 0x00, 0x00, 0x3F, 0xFF, 0xFF, 0x83, 
0x00, 0x00, 0x00, 0x00, 0x9B, 0xFF, 0xFF, 0x1F, 0xDF, 0xFF, 0xDF, 0x00, 0x00, 0x00, 0x00, 0x3F, 
0xFF, 0xFF, 0x83, 0x00, 0x00, 0x00, 0x00, 0x9B, 0xFF, 0xFF, 0x1F, 0xDF, 0xFF, 0xDF, 0x00, 0x00, 
0x00, 0x00, 0x3F, 0xFF, 0xFF, 0x83, 0x00, 0x00, 0x00, 0x00, 0x9B, 0xFF, 0xFF, 0x1F, 0xDF, 0xFF, 
0xDF, 0x00, 0x00, 0x00, 0x00, 0x3F, 0xFF, 0xFF, 0x83, 0x00, 0x00, 0x00, 0x00, 0x9B, 0xFF, 0xFF, 
0x1F, 0xDF, 0xFF, 0xDF, 0x00, 0x00, 0x00, 0x00, 0x3F, 0xFF, 0xFF, 0x83, 0x00, 0x00, 0x00, 0x00, 
0x9B, 0xFF, 0xFF, 0x1F, 0xDF, 0xFF, 0xFF, 0xFF, 0xFF, 0xFF, 0xFF, 0xFF, 0xFF, 0xFB, 0xCB, 0x3D, 
0x00, 0xDF, 0xFF, 0xFF, 0xFF, 0xFF, 0xFF, 0xFF, 0xFF, 0xFF, 0xFF, 0xFF, 0xF3, 0x1E, 0xDF, 0xFF, 
0xFB, 0xC4, 0xC3, 0xC3, 0xC3, 0xC3, 0xC3, 0xD5, 0xFF, 0xFF, 0x6A, 0xDF, 0xFF, 0xDF, 0x00, 0x00, 
0x00, 0x00, 0x00, 0x00, 0x3F, 0xFF, 0xFF, 0x7F, 0xDF, 0xFF, 0xDF, 0x00, 0x00, 0x00, 0x00, 0x00, 
0x00, 0x3F, 0xFF, 0xFF, 0x7F, 0xDF, 0xFF, 0xDF, 0x00, 0x00, 0x00, 0x00, 0x00, 0x00, 0x3F, 0xFF, 
0xFF, 0x7F, 0xDF, 0xFF, 0xDF, 0x00, 0x00, 0x00, 0x00, 0x00, 0x00, 0x3F, 0xFF, 0xFF, 0x7F, 0xDF, 
0xFF, 0xDF, 0x00, 0x00, 0x00, 0x00, 0x00, 0x00, 0x3F, 0xFF, 0xFF, 0x7F, 0xDF, 0xFF, 0xDF, 0x00, 
0x00, 0x00, 0x00, 0x00, 0x00, 0x3F, 0xFF, 0xFF, 0x7F, 0xDF, 0xFF, 0xDF, 0x00, 0x00, 0x00, 0x00, 
0x00, 0x00, 0x3F, 0xFF, 0xFF, 0x7F, 0xDF, 0xFF, 0xDF, 0x00, 0x00, 0x00, 0x00, 0x00, 0x00, 0x3F, 
0xFF, 0xFF, 0x7F, 0xDF, 0xFF, 0xDF, 0x00, 0x00, 0x00, 0x00, 0x00, 0x00, 0x3F, 0xFF, 0xFF, 0x7F, 
0x05, 0x89, 0xE8, 0xFF, 0xFF, 0xFF, 0xFF, 0xFF, 0xFF, 0xFA, 0xC5, 0x34, 0x00, 0x82, 0xFF, 0xFF, 
0xFF, 0xFF, 0xFF, 0xFF, 0xFF, 0xFF, 0xFF, 0xFF, 0xEC, 0x14, 0xDB, 0xFF, 0xF7, 0xC3, 0xC3, 0xC3, 
0xC3, 0xC3, 0xC3, 0xDA, 0xFF, 0xFF, 0x5A, 0xEF, 0xFF, 0xCF, 0x00, 0x00, 0x00, 0x00, 0x00, 0x00, 
0x53, 0xFF, 0xFF, 0x6F, 0xEF, 0xFF, 0xCF, 0x00, 0x00, 0x00, 0x00, 0x00, 0x00, 0x53, 0xFF, 0xFF, 
0x6F, 0xEF, 0xFF, 0xCF, 0x00, 0x00, 0x00, 0x00, 0x00, 0x00, 0x53, 0xFF, 0xFF, 0x6F, 0xEF, 0xFF, 
0xCF, 0x00, 0x00, 0x00, 0x00, 0x00, 0x00, 0x53, 0xFF, 0xFF, 0x6F, 0xEF, 0xFF, 0xCF, 0x00, 0x00, 
0x00, 0x00, 0x00, 0x00, 0x53, 0xFF, 0xFF, 0x6F, 0xEF, 0xFF, 0xCF, 0x00, 0x00, 0x00, 0x00, 0x00, 
0x00, 0x53, 0xFF, 0xFF, 0x6F, 0xDB, 0xFF, 0xF6, 0xBF, 0xBF, 0xBF, 0xBF, 0xBF, 0xBF, 0xD7, 0xFF, 
0xFF, 0x5B, 0x84, 0xFF, 0xFF, 0xFF, 0xFF, 0xFF, 0xFF, 0xFF, 0xFF, 0xFF, 0xFF, 0xED, 0x15, 0x06, 
0x8B, 0xE8, 0xFF, 0xFF, 0xFF, 0xFF, 0xFF, 0xFF, 0xFA, 0xC7, 0x35, 0x00, 0xDF, 0xFF, 0xFF, 0xFF, 
0xFF, 0xFF, 0xFF, 0xFF, 0xFF, 0xFB, 0xCB, 0x3D, 0x00, 0xDF, 0xFF, 0xFF, 0xFF, 0xFF, 0xFF, 0xFF, 
0xFF, 0xFF, 0xFF, 0xFF, 0xF3, 0x1E, 0xDF, 0xFF, 0xFB, 0xC4, 0xC3, 0xC3, 0xC3, 0xC3, 0xC3, 0xD5, 
0xFF, 0xFF, 0x6A, 0xDF, 0xFF, 0xDF, 0x00, 0x00, 0x00, 0x00, 0x00, 0x00, 0x3F, 0xFF, 0xFF, 0x7F, 
0xDF, 0xFF, 0xDF, 0x00, 0x00, 0x00, 0x00, 0x00, 0x00, 0x3F, 0xFF, 0xFF, 0x7F, 0xDF, 0xFF, 0xDF, 
0x00, 0x00, 0x00, 0x00, 0x00, 0x00, 0x3F, 0xFF, 0xFF, 0x7F, 0xDF, 0xFF, 0xDF, 0x00, 0x00, 0x00, 
0x00, 0x00, 0x00, 0x3F, 0xFF, 0xFF, 0x7F, 0xDF, 0xFF, 0xDF, 0x00, 0x00, 0x00, 0x00, 0x00, 0x00, 
0x3F, 0xFF, 0xFF, 0x7F, 0xDF, 0xFF, 0xDF, 0x00, 0x00, 0x00, 0x00, 0x00, 0x00, 0x3F, 0xFF, 0xFF, 
0x7F, 0xDF, 0xFF, 0xFA, 0xC0, 0xBF, 0xBF, 0xBF, 0xBF, 0xBF, 0xD2, 0xFF, 0xFF, 0x6B, 0xDF, 0xFF, 
0xFF, 0xFF, 0xFF, 0xFF, 0xFF, 0xFF, 0xFF, 0xFF, 0xFF, 0xF4, 0x1F, 0xDF, 0xFF, 0xFF, 0xFF, 0xFF, 
0xFF, 0xFF, 0xFF, 0xFF, 0xFB, 0xCC, 0x3E, 0x00, 0xDF, 0xFF, 0xDF, 0x00, 0x00, 0x00, 0x00, 0x00, 
0x00, 0x00, 0x00, 0x00, 0x00, 0xDF, 0xFF, 0xDF, 0x00, 0x00, 0x00, 0x00, 0x00, 0x00, 0x00, 0x00, 
0x00, 0x00, 0xDF, 0xFF, 0xDF, 0x00, 0x00, 0x00, 0x00, 0x00, 0x00, 0x00, 0x00, 0x00, 0x00, 0xDF, 
0xFF, 0xDF, 0x00, 0x00, 0x00, 0x00, 0x00, 0x00, 0x00, 0x00, 0x00, 0x00, 0xDF, 0xFF, 0xDF, 0x00, 
0x00, 0x00, 0x00, 0x00, 0x00, 0x00, 0x00, 0x00, 0x00, 0x00, 0x4C, 0xD3, 0xFD, 0xFF, 0xFF, 0xFF, 
0xFF, 0xFF, 0xFF, 0xFF, 0xFF, 0xCB, 0x2F, 0xFB, 0xFF, 0xFF, 0xFF, 0xFF, 0xFF, 0xFF, 0xFF, 0xFF, 
0xFF, 0xFF, 0xCB, 0x83, 0xFF, 0xFF, 0xD1, 0xC3, 0xC3, 0xC3, 0xC3, 0xC3, 0xC5, 0xFE, 0xFF, 0xCB, 
0x97, 0xFF, 0xFF, 0x2F, 0x00, 0x00, 0x00, 0x00, 0x00, 0x00, 0xF3, 0xFF, 0xCB, 0x97, 0xFF, 0xFF, 
0x2F, 0x00, 0x00, 0x00, 0x00, 0x00, 0x00, 0xF3, 0xFF, 0xCB, 0x97, 0xFF, 0xFF, 0x2F, 0x00, 0x00, 
0x00, 0x00, 0x00, 0x00, 0xF3, 0xFF, 0xCB, 0x97, 0xFF, 0xFF, 0x2F, 0x00, 0x00, 0x00, 0x00, 0x00, 
0x00, 0xF3, 0xFF, 0xCB, 0x97, 0xFF, 0xFF, 0x2F, 0x00, 0x00, 0x00, 0x00, 0x00, 0x00, 0xF3, 0xFF, 
0xCB, 0x97, 0xFF, 0xFF, 0x2F, 0x00, 0x00, 0x00, 0x00, 0x00, 0x00, 0xF3, 0xFF, 0xCB, 0x83, 0xFF, 
0xFF, 0xCE, 0xBF, 0xBF, 0xBF, 0xBF, 0xBF, 0xC1, 0xFE, 0xFF, 0xCB, 0x30, 0xFB, 0xFF, 0xFF, 0xFF, 
0xFF, 0xFF, 0xFF, 0xFF, 0xFF, 0xFF, 0xFF, 0xCB, 0x00, 0x4E, 0xD4, 0xFD, 0xFF, 0xFF, 0xFF, 0xFF, 
0xFF, 0xFF, 0xFF, 0xFF, 0xCB, 0x00, 0x00, 0x00, 0x00, 0x00, 0x00, 0x00, 0x00, 0x00, 0x00, 0xF3, 
0xFF, 0xCB, 0x00, 0x00, 0x00, 0x00, 0x00, 0x00, 0x00, 0x00, 0x00, 0x00, 0xF3, 0xFF, 0xCB, 0x00, 
0x00, 0x00, 0x00, 0x00, 0x00, 0x00, 0x00, 0x00, 0x00, 0xF3, 0xFF, 0xCB, 0x00, 0x00, 0x00, 0x00, 
0x00, 0x00, 0x00, 0x00, 0x00, 0x00, 0xF3, 0xFF, 0xCB, 0x00, 0x00, 0x00, 0x00, 0x00, 0x00, 0x00, 
0x00, 0x00, 0x00, 0xF3, 0xFF, 0xCB, 0x04, 0x85, 0xE6, 0xFF, 0xFF, 0xFF, 0xFF, 0xFF, 0xFF, 0xBF, 
0x7E, 0xFF, 0xFF, 0xFF, 0xFF, 0xFF, 0xFF, 0xFF, 0xFF, 0xBF, 0xD7, 0xFF, 0xF8, 0xC3, 0xC3, 0xC3, 
0xC3, 0xC3, 0xC3, 0x92, 0xEB, 0xFF, 0xD3, 0x00, 0x00, 0x00, 0x00, 0x00, 0x00, 0x00, 0xEB, 0xFF, 
0xD3, 0x00, 0x00, 0x00, 0x00, 0x00, 0x00, 0x00, 0xEB, 0xFF, 0xD3, 0x00, 0x00, 0x00, 0x00, 0x00, 
0x00, 0x00, 0xEB, 0xFF, 0xD3, 0x00, 0x00, 0x00, 0x00, 0x00, 0x00, 0x00, 0xEB, 0xFF, 0xD3, 0x00, 
0x00, 0x00, 0x00, 0x00, 0x00, 0x00, 0xEB, 0xFF, 0xD3, 0x00, 0x00, 0x00, 0x00, 0x00, 0x00, 0x00, 
0xEB, 0xFF, 0xD3, 0x00, 0x00, 0x00, 0x00, 0x00, 0x00, 0x00, 0xEB, 0xFF, 0xD3, 0x00, 0x00, 0x00, 
0x00, 0x00, 0x00, 0x00, 0xEB, 0xFF, 0xD3, 0x00, 0x00, 0x00, 0x00, 0x00, 0x00, 0x00, 0x09, 0x93, 
0xEB, 0xFF, 0xFF, 0xFF, 0xFF, 0xFF, 0xFF, 0xF8, 0xC0, 0x2C, 0x00, 0x92, 0xFF, 0xFF, 0xFF, 0xFF, 
0xFF, 0xFF, 0xFF, 0xFF, 0xFF, 0xFF, 0xE3, 0x0C, 0xEB, 0xFF, 0xF2, 0xC3, 0xC3, 0xC3, 0xC3, 0xC3, 
0xC3, 0xDD, 0xFF, 0xFF, 0x46, 0xFF, 0xFF, 0xBF, 0x00, 0x00, 0x00, 0x00, 0x00, 0x00, 0x2B, 0x6F, 
0x6F, 0x28, 0xED, 0xFF, 0xF2, 0xC3, 0xC3, 0xC3, 0xC3, 0xC3, 0xC3, 0xBC, 0x84, 0x0D, 0x00, 0x97, 
0xFF, 0xFF, 0xFF, 0xFF, 0xFF, 0xFF, 0xFF, 0xFF, 0xFF, 0xFF, 0xC7, 0x02, 0x0A, 0x95, 0xEB, 0xFF, 
0xFF, 0xFF, 0xFF, 0xFF, 0xFF, 0xFF, 0xFF, 0xFF, 0x3A, 0x00, 0x00, 0x00, 0x00, 0x00, 0x00, 0x00, 
0x00, 0x00, 0x66, 0xFF, 0xFF, 0x5B, 0x6B, 0x6B, 0x50, 0x00, 0x00, 0x00, 0x00, 0x00, 0x00, 0x63, 
0xFF, 0xFF, 0x5B, 0xEB, 0xFF, 0xF2, 0xBF, 0xBF, 0xBF, 0xBF, 0xBF, 0xBF, 0xDB, 0xFF, 0xFF, 0x47, 
0x94, 0xFF, 0xFF, 0xFF, 0xFF, 0xFF, 0xFF, 0xFF, 0xFF, 0xFF, 0xFF, 0xE4, 0x0C, 0x0A, 0x94, 0xEB, 
0xFF, 0xFF, 0xFF, 0xFF, 0xFF, 0xFF, 0xF8, 0xC1, 0x2E, 0x00, 0xE3, 0xFF, 0xDB, 0x00, 0x00, 0x00, 
0x00, 0x00, 0xE3, 0xFF, 0xDB, 0x00, 0x00, 0x00, 0x00, 0x00, 0xE3, 0xFF, 0xDB, 0x00, 0x00, 0x00, 
0x00, 0x00, 0xE3, 0xFF, 0xDB, 0x00, 0x00, 0x00, 0x00, 0x00, 0xE3, 0xFF, 0xFF, 0xFF, 0xFF, 0xFF, 
0xFF, 0x97, 0xE3, 0xFF, 0xFF, 0xFF, 0xFF, 0xFF, 0xFF, 0x97, 0xE3, 0xFF, 0xF7, 0xC3, 0xC3, 0xC3, 
0xC3, 0x74, 0xE3, 0xFF, 0xDB, 0x00, 0x00, 0x00, 0x00, 0x00, 0xE3, 0xFF, 0xDB, 0x00, 0x00, 0x00, 
0x00, 0x00, 0xE3, 0xFF, 0xDB, 0x00, 0x00, 0x00, 0x00, 0x00, 0xE3, 0xFF, 0xDB, 0x00, 0x00, 0x00, 
0x00, 0x00, 0xE3, 0xFF, 0xDB, 0x00, 0x00, 0x00, 0x00, 0x00, 0xE3, 0xFF, 0xDB, 0x00, 0x00, 0x00, 
0x00, 0x00, 0xCF, 0xFF, 0xF9, 0xBF, 0xBF, 0xBF, 0xBF, 0x71, 0x7A, 0xFF, 0xFF, 0xFF, 0xFF, 0xFF, 
0xFF, 0x97, 0x04, 0x85, 0xE6, 0xFF, 0xFF, 0xFF, 0xFF, 0x97, 0xE3, 0xFF, 0xDB, 0x00, 0x00, 0x00, 
0x00, 0x00, 0x00, 0x47, 0xFF, 0xFF, 0x77, 0xE3, 0xFF, 0xDB, 0x00, 0x00, 0x00, 0x00, 0x00, 0x00, 
0x47, 0xFF, 0xFF, 0x77, 0xE3, 0xFF, 0xDB, 0x00, 0x00, 0x00, 0x00, 0x00, 0x00, 0x47, 0xFF, 0xFF, 
0x77, 0xE3, 0xFF, 0xDB, 0x00, 0x00, 0x00, 0x00, 0x00, 0x00, 0x47, 0xFF, 0xFF, 0x77, 0xE3, 0xFF, 
0xDB, 0x00, 0x00, 0x00, 0x00, 0x00, 0x00, 0x47, 0xFF, 0xFF, 0x77, 0xE3, 0xFF, 0xDB, 0x00, 0x00, 
0x00, 0x00, 0x00, 0x00, 0x47, 0xFF, 0xFF, 0x77, 0xE3, 0xFF, 0xDB, 0x00, 0x00, 0x00, 0x00, 0x00, 
0x00, 0x47, 0xFF, 0xFF, 0x77, 0xE3, 0xFF, 0xDB, 0x00, 0x00, 0x00, 0x00, 0x00, 0x00, 0x47, 0xFF, 
0xFF, 0x77, 0xE3, 0xFF, 0xDB, 0x00, 0x00, 0x00, 0x00, 0x00, 0x00, 0x47, 0xFF, 0xFF, 0x77, 0xCF, 
0xFF, 0xF9, 0xBF, 0xBF, 0xBF, 0xBF, 0xBF, 0xBF, 0xD4, 0xFF, 0xFF, 0x63, 0x7A, 0xFF, 0xFF, 0xFF, 
0xFF, 0xFF, 0xFF, 0xFF, 0xFF, 0xFF, 0xFF, 0xF1, 0x1A, 0x04, 0x85, 0xE6, 0xFF, 0xFF, 0xFF, 0xFF, 
0xFF, 0xFF, 0xFB, 0xCB, 0x3B, 0x00, 0x49, 0xFF, 0xFF, 0xDB, 0x05, 0x00, 0x00, 0x00, 0x00, 0x00, 
0x00, 0x00, 0x1C, 0xF6, 0xFF, 0xF8, 0x1F, 0x00, 0xBA, 0xFF, 0xFF, 0x6D, 0x00, 0x00, 0x00, 0x00, 
0x00, 0x00, 0x00, 0xA0, 0xFF, 0xFF, 0x88, 0x00, 0x00, 0x2E, 0xFD, 0xFF, 0xEB, 0x0E, 0x00, 0x00, 
0x00, 0x00, 0x00, 0x2F, 0xFD, 0xFF, 0xEA, 0x0E, 0x00, 0x00, 0x00, 0x9D, 0xFF, 0xFF, 0x86, 0x00, 
0x00, 0x00, 0x00, 0x00, 0xBA, 0xFF, 0xFF, 0x69, 0x00, 0x00, 0x00, 0x00, 0x19, 0xF4, 0xFF, 0xF6, 
0x1C, 0x00, 0x00, 0x00, 0x48, 0xFF, 0xFF, 0xD6, 0x04, 0x00, 0x00, 0x00, 0x00, 0x00, 0x7F, 0xFF, 
0xFF, 0x9F, 0x00, 0x00, 0x02, 0xD2, 0xFF, 0xFF, 0x4A, 0x00, 0x00, 0x00, 0x00, 0x00, 0x00, 0x0B, 
0xE5, 0xFF, 0xFD, 0x2E, 0x00, 0x62, 0xFF, 0xFF, 0xBC, 0x00, 0x00, 0x00, 0x00, 0x00, 0x00, 0x00, 
0x00, 0x62, 0xFF, 0xFF, 0xB8, 0x0A, 0xE5, 0xFF, 0xFD, 0x2F, 0x00, 0x00, 0x00, 0x00, 0x00, 0x00, 
0x00, 0x00, 0x02, 0xD1, 0xFF, 0xFF, 0xB7, 0xFF, 0xFF, 0x9C, 0x00, 0x00, 0x00, 0x00, 0x00, 0x00, 
0x00, 0x00, 0x00, 0x00, 0x45, 0xFF, 0xFF, 0xFF, 0xFF, 0xF4, 0x19, 0x00, 0x00, 0x00, 0x00, 0x00, 
0x00, 0x00, 0x00, 0x00, 0x00, 0x00, 0xB6, 0xFF, 0xFF, 0xFF, 0x7E, 0x00, 0x00, 0x00, 0x00, 0x00, 
0x00, 0x00, 0x00, 0x00, 0x00, 0x00, 0x00, 0x2B, 0xFC, 0xFF, 0xE5, 0x0A, 0x00, 0x00, 0x00, 0x00, 
0x00, 0x00, 0x17, 0xFA, 0xFF, 0xD7, 0x00, 0x00, 0x00, 0x00, 0x00, 0x81, 0xFF, 0xFF, 0xCB, 0x00, 
0x00, 0x00, 0x00, 0x00, 0x8D, 0xFF, 0xFF, 0x5E, 0x00, 0xAB, 0xFF, 0xFF, 0x42, 0x00, 0x00, 0x00, 
0x08, 0xEA, 0xFF, 0xFF, 0xFF, 0x42, 0x00, 0x00, 0x00, 0x05, 0xEA, 0xFF, 0xF2, 0x0A, 0x00, 0x45, 
0xFF, 0xFF, 0xAC, 0x00, 0x00, 0x00, 0x64, 0xFF, 0xFF, 0xFF, 0xFF, 0xBA, 0x00, 0x00, 0x00, 0x53, 
0xFF, 0xFF, 0x9A, 0x00, 0x00, 0x01, 0xDD, 0xFF, 0xFB, 0x1B, 0x00, 0x00, 0xD4, 0xFF, 0xFF, 0xFF, 
0xFF, 0xFF, 0x32, 0x00, 0x00, 0xB6, 0xFF, 0xFF, 0x39, 0x00, 0x00, 0x00, 0x79, 0xFF, 0xFF, 0x81, 
0x00, 0x47, 0xFF, 0xFF, 0xE7, 0xA2, 0xFF, 0xFF, 0xA9, 0x00, 0x1B, 0xFC, 0xFF, 0xD7, 0x00, 0x00, 
0x00, 0x00, 0x18, 0xFB, 0xFF, 0xE6, 0x05, 0xB8, 0xFF, 0xFF, 0x7C, 0x27, 0xFE, 0xFF, 0xFD, 0x24, 
0x7B, 0xFF, 0xFF, 0x75, 0x00, 0x00, 0x00, 0x00, 0x00, 0xAD, 0xFF, 0xFF, 0x81, 0xFF, 0xFF, 0xF7, 
0x15, 0x00, 0xAF, 0xFF, 0xFF, 0x9A, 0xDC, 0xFF, 0xFC, 0x18, 0x00, 0x00, 0x00, 0x00, 0x00, 0x47, 
0xFF, 0xFF, 0xFF, 0xFF, 0xFF, 0x9C, 0x00, 0x00, 0x3A, 0xFF, 0xFF, 0xFE, 0xFF, 0xFF, 0xB2, 0x00, 
0x00, 0x00, 0x00, 0x00, 0x00, 0x02, 0xDF, 0xFF, 0xFF, 0xFF, 0xFF, 0x2D, 0x00, 0x00, 0x00, 0xC4, 
0xFF, 0xFF, 0xFF, 0xFF, 0x50, 0x00, 0x00, 0x00, 0x00, 0x00, 0x00, 0x00, 0x7B, 0xFF, 0xFF, 0xFF, 
0xBB, 0x00, 0x00, 0x00, 0x00, 0x4E, 0xFF, 0xFF, 0xFF, 0xEA, 0x05, 0x00, 0x00, 0x00, 0x00, 0x00, 
0x00, 0x00, 0x19, 0xFB, 0xFF, 0xFF, 0x4B, 0x00, 0x00, 0x00, 0x00, 0x01, 0xD7, 0xFF, 0xFF, 0x8D, 
0x00, 0x00, 0x00, 0x00, 0x00, 0x00, 0x00, 0x00, 0x00, 0xAF, 0xFF, 0xDA, 0x01, 0x00, 0x00, 0x00, 
0x00, 0x00, 0x62, 0xFF, 0xFF, 0x2C, 0x00, 0x00, 0x00, 0x00, 0x08, 0xF8, 0xFF, 0xFF, 0x62, 0x00, 
0x00, 0x00, 0x00, 0x10, 0xD6, 0xFF, 0xFF, 0x7D, 0x00, 0x5A, 0xFE, 0xFF, 0xFA, 0x43, 0x00, 0x00, 
0x05, 0xBE, 0xFF, 0xFF, 0xCA, 0x0A, 0x00, 0x00, 0x7C, 0xFF, 0xFF, 0xF0, 0x2A, 0x00, 0xA0, 0xFF, 
0xFF, 0xDF, 0x17, 0x00, 0x00, 0x00, 0x00, 0x9E, 0xFF, 0xFF, 0xDF, 0x8E, 0xFF, 0xFF, 0xEF, 0x29, 
0x00, 0x00, 0x00, 0x00, 0x00, 0x05, 0xBD, 0xFF, 0xFF, 0xFF, 0xFF, 0xFA, 0x41, 0x00, 0x00, 0x00, 
0x00, 0x00, 0x00, 0x00, 0x10, 0xD7, 0xFF, 0xFF, 0xFF, 0x5F, 0x00, 0x00, 0x00, 0x00, 0x00, 0x00, 
0x00, 0x00, 0x1F, 0xEA, 0xFF, 0xFF, 0xFF, 0x81, 0x00, 0x00, 0x00, 0x00, 0x00, 0x00, 0x00, 0x0C, 
0xD2, 0xFF, 0xFF, 0xFF, 0xFF, 0xFF, 0x58, 0x00, 0x00, 0x00, 0x00, 0x00, 0x02, 0xB1, 0xFF, 0xFF, 
0xCE, 0x6A, 0xFF, 0xFF, 0xF7, 0x35, 0x00, 0x00, 0x00, 0x00, 0x87, 0xFF, 0xFF, 0xE8, 0x1D, 0x00, 
0x8B, 0xFF, 0xFF, 0xE6, 0x1B, 0x00, 0x00, 0x5C, 0xFF, 0xFF, 0xF8, 0x38, 0x00, 0x00, 0x02, 0xB4, 
0xFF, 0xFF, 0xCC, 0x0A, 0x08, 0xF8, 0xFF, 0xFF, 0x5E, 0x00, 0x00, 0x00, 0x00, 0x0D, 0xD4, 0xFF, 
0xFF, 0x7C, 0x1F, 0xFF, 0xFF, 0x9F, 0x00, 0x00, 0x00, 0x00, 0x00, 0x00, 0x83, 0xFF, 0xFF, 0x3B, 
0x1F, 0xFF, 0xFF, 0x9F, 0x00, 0x00, 0x00, 0x00, 0x00, 0x00, 0x83, 0xFF, 0xFF, 0x3B, 0x1F, 0xFF, 
0xFF, 0x9F, 0x00, 0x00, 0x00, 0x00, 0x00, 0x00, 0x83, 0xFF, 0xFF, 0x3B, 0x1F, 0xFF, 0xFF, 0x9F, 
0x00, 0x00, 0x00, 0x00, 0x00, 0x00, 0x83, 0xFF, 0xFF, 0x3B, 0x1F, 0xFF, 0xFF, 0x9F, 0x00, 0x00, 
0x00, 0x00, 0x00, 0x00, 0x83, 0xFF, 0xFF, 0x3B, 0x1F, 0xFF, 0xFF, 0x9F, 0x00, 0x00, 0x00, 0x00, 
0x00, 0x00, 0x83, 0xFF, 0xFF, 0x3B, 0x1F, 0xFF, 0xFF, 0x9F, 0x00, 0x00, 0x00, 0x00, 0x00, 0x00, 
0x83, 0xFF, 0xFF, 0x3B, 0x1F, 0xFF, 0xFF, 0x9F, 0x00, 0x00, 0x00, 0x00, 0x00, 0x00, 0x83, 0xFF, 
0xFF, 0x3B, 0x1F, 0xFF, 0xFF, 0x9F, 0x00, 0x00, 0x00, 0x00, 0x00, 0x00, 0x83, 0xFF, 0xFF, 0x3B, 
0x0D, 0xFE, 0xFF, 0xEA, 0xBF, 0xBF, 0xBF, 0xBF, 0xBF, 0xBF, 0xE3, 0xFF, 0xFF, 0x3B, 0x00, 0xB4, 
0xFF, 0xFF, 0xFF, 0xFF, 0xFF, 0xFF, 0xFF, 0xFF, 0xFF, 0xFF, 0xFF, 0x3B, 0x00, 0x13, 0xA6, 0xF1, 
0xFF, 0xFF, 0xFF, 0xFF, 0xFF, 0xFF, 0xFF, 0xFF, 0xFF, 0x3B, 0x00, 0x00, 0x00, 0x00, 0x00, 0x00, 
0x00, 0x00, 0x00, 0x00, 0x83, 0xFF, 0xFF, 0x3B, 0x00, 0x00, 0x00, 0x00, 0x00, 0x00, 0x00, 0x00, 
0x00, 0x00, 0x85, 0xFF, 0xFF, 0x3B, 0x00, 0x00, 0x17, 0xFF, 0xFF, 0xFF, 0xFF, 0xFF, 0xFF, 0xFF, 
0xFF, 0xFF, 0xFF, 0x1B, 0x00, 0x00, 0x17, 0xFF, 0xFF, 0xFF, 0xFF, 0xFF, 0xFF, 0xFF, 0xFF, 0xFF, 
0xAE, 0x00, 0x00, 0x00, 0x12, 0xC7, 0xC7, 0xC7, 0xC7, 0xC7, 0xC7, 0xC7, 0xBD, 0x7C, 0x07, 0x00, 
0xDF, 0xFF, 0xFF, 0xFF, 0xFF, 0xFF, 0xFF, 0xFF, 0xFF, 0xFF, 0xFF, 0xFF, 0x7F, 0xDF, 0xFF, 0xFF, 
0xFF, 0xFF, 0xFF, 0xFF, 0xFF, 0xFF, 0xFF, 0xFF, 0xFF, 0x7F, 0xAB, 0xC3, 0xC3, 0xC3, 0xC3, 0xC3, 
0xC3, 0xC3, 0xEF, 0xFF, 0xFF, 0xFF, 0x7F, 0x00, 0x00, 0x00, 0x00, 0x00, 0x00, 0x04, 0x86, 0xFE, 
0xFF, 0xFF, 0xBD, 0x18, 0x00, 0x00, 0x00, 0x00, 0x00, 0x1B, 0xC2, 0xFF, 0xFF, 0xFD, 0x80, 0x02, 
0x00, 0x00, 0x00, 0x00, 0x00, 0x47, 0xEB, 0xFF, 0xFF, 0xE8, 0x42, 0x00, 0x00, 0x00, 0x00, 0x00, 
0x03, 0x84, 0xFE, 0xFF, 0xFF, 0xBD, 0x18, 0x00, 0x00, 0x00, 0x00, 0x00, 0x1A, 0xC1, 0xFF, 0xFF, 
0xFD, 0x80, 0x02, 0x00, 0x00, 0x00, 0x00, 0x00, 0x46, 0xEA, 0xFF, 0xFF, 0xE8, 0x43, 0x00, 0x00, 
0x00, 0x00, 0x00, 0x00, 0x00, 0xDF, 0xFF, 0xFF, 0xFF, 0xD5, 0xBF, 0xBF, 0xBF, 0xBF, 0xBF, 0xBF, 
0xBF, 0x5F, 0xDF, 0xFF, 0xFF, 0xFF, 0xFF, 0xFF, 0xFF, 0xFF, 0xFF, 0xFF, 0xFF, 0xFF, 0x7F, 0xDF, 
0xFF, 0xFF, 0xFF, 0xFF, 0xFF, 0xFF, 0xFF, 0xFF, 0xFF, 0xFF, 0xFF, 0x7F, 0x00, 0x00, 0x58, 0xD7, 
0xFE, 0x63, 0x00, 0x3B, 0xFE, 0xFF, 0xFF, 0x63, 0x00, 0x8F, 0xFF, 0xFF, 0xC6, 0x49, 0x00, 0xA3, 
0xFF, 0xFF, 0x1B, 0x00, 0x00, 0xA3, 0xFF, 0xFF, 0x1B, 0x00, 0x04, 0xB9, 0xFF, 0xFF, 0x1B, 0x00, 
0x82, 0xFF, 0xFF, 0xDD, 0x0D, 0x00, 0x87, 0xFF, 0xFE, 0x3B, 0x00, 0x00, 0x6C, 0xFF, 0xFF, 0xF1, 
0x12, 0x00, 0x00, 0xA9, 0xFF, 0xFF, 0x1B, 0x00, 0x00, 0xA3, 0xFF, 0xFF, 0x1B, 0x00, 0x00, 0xA3, 
0xFF, 0xFF, 0x1B, 0x00, 0x00, 0x91, 0xFF, 0xFF, 0xC2, 0x47, 0x00, 0x3D, 0xFE, 0xFF, 0xFF, 0x63, 
0x00, 0x00, 0x5A, 0xD9, 0xFE, 0x63, 0xDF, 0xFF, 0xDF, 0xDF, 0xFF, 0xDF, 0xDF, 0xFF, 0xDF, 0xDF, 
0xFF, 0xDF, 0xDF, 0xFF, 0xDF, 0xDF, 0xFF, 0xDF, 0xDF, 0xFF, 0xDF, 0xDF, 0xFF, 0xDF, 0xDF, 0xFF, 
0xDF, 0xDF, 0xFF, 0xDF, 0xDF, 0xFF, 0xDF, 0xDF, 0xFF, 0xDF, 0xDF, 0xFF, 0xDF, 0xDF, 0xFF, 0xDF, 
0xDF, 0xFF, 0xDF, 0xDF, 0xFF, 0xDF, 0xDF, 0xFF, 0xDF, 0xDF, 0xFF, 0xDF, 0xDF, 0xFF, 0xDF, 0xEF, 
0xEF, 0xA0, 0x10, 0x00, 0xEF, 0xFF, 0xFF, 0xAB, 0x00, 0xB0, 0xEB, 0xFF, 0xFA, 0x08, 0x00, 0xA7, 
0xFF, 0xFF, 0x17, 0x00, 0xA7, 0xFF, 0xFF, 0x17, 0x00, 0xA7, 0xFF, 0xFF, 0x39, 0x00, 0x78, 0xFF, 
0xFF, 0xF2, 0x00, 0x03, 0xC2, 0xFF, 0xF7, 0x00, 0x90, 0xFF, 0xFF, 0xDB, 0x00, 0xA7, 0xFF, 0xFF, 
0x1D, 0x00, 0xA7, 0xFF, 0xFF, 0x17, 0x00, 0xA7, 0xFF, 0xFF, 0x17, 0xAC, 0xE9, 0xFF, 0xFB, 0x08, 
0xEF, 0xFF, 0xFF, 0xAE, 0x00, 0xEF, 0xF0, 0xA2, 0x11, 0x00, 0x4A, 0xBF, 0xDD, 0xA5, 0x3D, 0x00, 
0x00, 0x03, 0x04, 0x7F, 0xFF, 0xFF, 0xFF, 0xFF, 0xDC, 0xA6, 0xDE, 0x23, 0x40, 0x21, 0x0F, 0x4D, 
0xBF, 0xFF, 0xFF, 0xF7, 0x1F, 0x00, 0x00, 0x00, 0x00, 0x00, 0x20, 0x36, 0x06, 0x00, 0xE3, 0xFF, 
0xDB, 0xE3, 0xFF, 0xDB, 0xAE, 0xC3, 0xA8, 0x00, 0x00, 0x00, 0xC7, 0xDF, 0xC0, 0xE3, 0xFF, 0xDB, 
0xE3, 0xFF, 0xDB, 0xE3, 0xFF, 0xDB, 0xE3, 0xFF, 0xDB, 0xE3, 0xFF, 0xDB, 0xE3, 0xFF, 0xDB, 0xE3, 
0xFF, 0xDB, 0xE3, 0xFF, 0xDB, 0xE3, 0xFF, 0xDB, 0xE3, 0xFF, 0xDB, 0x00, 0x00, 0x00, 0x00, 0x00, 
0x00, 0xDF, 0xFF, 0xE3, 0x00, 0x00, 0x00, 0x00, 0x00, 0x00, 0x00, 0x00, 0x00, 0x00, 0x00, 0xDF, 
0xFF, 0xE3, 0x00, 0x00, 0x00, 0x00, 0x00, 0x00, 0x09, 0x7E, 0xBB, 0xC3, 0xC3, 0xF8, 0xFF, 0xF9, 
0xC3, 0xC3, 0xC3, 0xC3, 0x06, 0x01, 0xBC, 0xFF, 0xFF, 0xFF, 0xFF, 0xFF, 0xFF, 0xFF, 0xFF, 0xFF, 
0xFF, 0xFF, 0x07, 0x2F, 0xFF, 0xFF, 0xFF, 0xFF, 0xFF, 0xFF, 0xFF, 0xFF, 0xFF, 0xFF, 0xFF, 0xFF, 
0x07, 0x4F, 0xFF, 0xFF, 0x72, 0x00, 0x00, 0xDF, 0xFF, 0xE3, 0x00, 0x00, 0x00, 0x00, 0x00, 0x4F, 
0xFF, 0xFF, 0x6F, 0x00, 0x00, 0xDF, 0xFF, 0xE3, 0x00, 0x00, 0x00, 0x00, 0x00, 0x4F, 0xFF, 0xFF, 
0x6F, 0x00, 0x00, 0xDF, 0xFF, 0xE3, 0x00, 0x00, 0x00, 0x00, 0x00, 0x4F, 0xFF, 0xFF, 0x6F, 0x00, 
0x00, 0xDF, 0xFF, 0xE3, 0x00, 0x00, 0x00, 0x00, 0x00, 0x4F, 0xFF, 0xFF, 0x6F, 0x00, 0x00, 0xDF, 
0xFF, 0xE3, 0x00, 0x00, 0x00, 0x00, 0x00, 0x4F, 0xFF, 0xFF, 0x6F, 0x00, 0x00, 0xDF, 0xFF, 0xE3, 
0x00, 0x00, 0x00, 0x00, 0x00, 0x4F, 0xFF, 0xFF, 0x6F, 0x00, 0x00, 0xDF, 0xFF, 0xE3, 0x00, 0x00, 
0x00, 0x00, 0x00, 0x3B, 0xFF, 0xFF, 0xDE, 0xBF, 0xBF, 0xF7, 0xFF, 0xF8, 0xBF, 0xBF, 0xBF, 0xBF, 
0x05, 0x08, 0xDC, 0xFF, 0xFF, 0xFF, 0xFF, 0xFF, 0xFF, 0xFF, 0xFF, 0xFF, 0xFF, 0xFF, 0x07, 0x00, 
0x27, 0xBC, 0xF7, 0xFF, 0xFF, 0xFF, 0xFF, 0xFF, 0xFF, 0xFF, 0xFF, 0xFF, 0x07, 0x00, 0x00, 0x00, 
0x00, 0x00, 0x00, 0xDF, 0xFF, 0xE3, 0x00, 0x00, 0x00, 0x00, 0x00, 0x00, 0x00, 0x00, 0x00, 0x00, 
0x00, 0xDF, 0xFF, 0xE3, 0x00, 0x00, 0x00, 0x00, 0x00, 0x00, 0x00, 0x00, 0x18, 0xAC, 0xF3, 0xFF, 
0xFF, 0xFF, 0xFF, 0xFF, 0xF8, 0xBD, 0x28, 0x00, 0x00, 0x00, 0x00, 0xC2, 0xFF, 0xFF, 0xFF, 0xFF, 
0xFF, 0xFF, 0xFF, 0xFF, 0xFF, 0xDE, 0x08, 0x00, 0x00, 0x1B, 0xFF, 0xFF, 0xE8, 0xC3, 0xC3, 0xC3, 
0xC3, 0xC3, 0xDF, 0xFF, 0xFF, 0x3E, 0x00, 0x00, 0x2F, 0xFF, 0xFF, 0x8F, 0x00, 0x00, 0x00, 0x00, 
0x00, 0x57, 0xCF, 0xCF, 0x44, 0x00, 0x00, 0x2F, 0xFF, 0xFF, 0x8F, 0x00, 0x00, 0x00, 0x00, 0x00, 
0x00, 0x00, 0x00, 0x00, 0x00, 0x00, 0x2F, 0xFF, 0xFF, 0x8F, 0x00, 0x00, 0x00, 0x00, 0x00, 0x00, 
0x00, 0x00, 0x00, 0x23, 0xBF, 0xCB, 0xFF, 0xFF, 0xE3, 0xBF, 0xBF, 0xBF, 0xBF, 0xBF, 0xBF, 0x2C, 
0x00, 0x00, 0x2F, 0xFF, 0xFF, 0xFF, 0xFF, 0xFF, 0xFF, 0xFF, 0xFF, 0xFF, 0xFF, 0xFF, 0x3B, 0x00, 
0x00, 0x2F, 0xFF, 0xFF, 0xFF, 0xFF, 0xFF, 0xFF, 0xFF, 0xFF, 0xFF, 0xFF, 0xFF, 0x3B, 0x00, 0x00, 
0x00, 0x00, 0x2F, 0xFF, 0xFF, 0x8F, 0x00, 0x00, 0x00, 0x00, 0x00, 0x00, 0x00, 0x00, 0x00, 0x00, 
0x00, 0x2F, 0xFF, 0xFF, 0x8F, 0x00, 0x00, 0x00, 0x00, 0x00, 0x00, 0x00, 0x00, 0x00, 0x00, 0x00, 
0x2F, 0xFF, 0xFF, 0x8F, 0x00, 0x00, 0x00, 0x00, 0x00, 0x00, 0x00, 0x00, 0x00, 0x23, 0xBF, 0xCB, 
0xFF, 0xFF, 0xE3, 0xBF, 0xBF, 0xBF, 0xBF, 0xBF, 0xBF, 0xBF, 0xBF, 0x3E, 0x2F, 0xFF, 0xFF, 0xFF, 
0xFF, 0xFF, 0xFF, 0xFF, 0xFF, 0xFF, 0xFF, 0xFF, 0xFF, 0xFF, 0x53, 0x2F, 0xFF, 0xFF, 0xFF, 0xFF, 
0xFF, 0xFF, 0xFF, 0xFF, 0xFF, 0xFF, 0xFF, 0xFF, 0xFF, 0x53, 0xDF, 0xFF, 0xDF, 0x47, 0xFF, 0xFF, 
0x7B, 0xDF, 0xFF, 0xDF, 0x47, 0xFF, 0xFF, 0x7B, 0xAE, 0xC7, 0xAE, 0x38, 0xC7, 0xC7, 0x60, 0x00, 
0x0D, 0x9B, 0xED, 0xFF, 0xFC, 0xCD, 0x40, 0x00, 0x00, 0xA2, 0xFF, 0xFF, 0xFF, 0xFF, 0xFF, 0xF5, 
0x20, 0x03, 0xF7, 0xFF, 0x8C, 0x5B, 0x5B, 0xE6, 0xFF, 0x6E, 0x0F, 0xFF, 0xFF, 0x47, 0x00, 0x00, 
0xD3, 0xFF, 0x83, 0x0A, 0xFE, 0xFF, 0x4A, 0x00, 0x00, 0xD6, 0xFF, 0x7C, 0x00, 0xD2, 0xFF, 0xFF, 
0xFF, 0xFF, 0xFF, 0xFF, 0x45, 0x00, 0x39, 0xEC, 0xFF, 0xFF, 0xFF, 0xFF, 0x98, 0x00, 0x00, 0x00, 
0x11, 0x4E, 0x5F, 0x5C, 0x2F, 0x00, 0x00, 0x00, 0x78, 0xFF, 0xFF, 0x4F, 0x00, 0xB9, 0xFF, 0xFE, 
0x12, 0x05, 0xF4, 0xFF, 0xD0, 0x00, 0x2C, 0xD7, 0xD7, 0x7E, 0x00, 0x01, 0x76, 0xE1, 0xFF, 0xFF, 
0xFF, 0xFF, 0xFF, 0xFF, 0xFF, 0xFF, 0xFF, 0xFF, 0xFF, 0xFF, 0x23, 0x65, 0xFF, 0xFF, 0xFF, 0xFF, 
0xFF, 0xFF, 0xFF, 0xFF, 0xFF, 0xFF, 0xFF, 0xFF, 0xFF, 0xFF, 0x23, 0xBE, 0xFF, 0xFD, 0xC4, 0xC3, 
0xC3, 0xC3, 0xC3, 0xFF, 0xFF, 0xF1, 0xC3, 0xE8, 0xFF, 0xFF, 0x23, 0xD3, 0xFF, 0xEB, 0x00, 0x00, 
0x00, 0x00, 0x00, 0xFF, 0xFF, 0xC3, 0x00, 0x9B, 0xFF, 0xFF, 0x23, 0xD3, 0xFF, 0xEB, 0x00, 0x00, 
0x00, 0x00, 0x00, 0xFF, 0xFF, 0xC3, 0x00, 0x9B, 0xFF, 0xFF, 0x23, 0xD3, 0xFF, 0xEB, 0x00, 0x00, 
0x00, 0x00, 0x00, 0xFF, 0xFF, 0xC3, 0x00, 0x9B, 0xFF, 0xFF, 0x23, 0xD3, 0xFF, 0xED, 0x00, 0x00, 
0x00, 0x00, 0x00, 0xFF, 0xFF, 0xC3, 0x00, 0x9B, 0xFF, 0xFF, 0x23, 0xB4, 0xFF, 0xFF, 0xFF, 0xFF, 
0xFF, 0xFF, 0xFF, 0xFF, 0xFF, 0xFF, 0xFF, 0xFF, 0xFF, 0xFF, 0x23, 0x45, 0xFE, 0xFF, 0xFF, 0xFF, 
0xFF, 0xFF, 0xFF, 0xFF, 0xFF, 0xFF, 0xFF, 0xFF, 0xFF, 0xFF, 0x23, 0x00, 0x41, 0xAA, 0xC7, 0xC7, 
0xC7, 0xC7, 0xC7, 0xFF, 0xFF, 0xF2, 0xC7, 0xEA, 0xFF, 0xFF, 0x23, 0x00, 0x00, 0x00, 0x00, 0x00, 
0x00, 0x00, 0x00, 0xFF, 0xFF, 0xC3, 0x00, 0x9B, 0xFF, 0xFF, 0x23, 0x00, 0x00, 0x00, 0x00, 0x00, 
0x00, 0x00, 0x00, 0xFF, 0xFF, 0xC3, 0x00, 0x9B, 0xFF, 0xFF, 0x23, 0x00, 0x00, 0x00, 0x00, 0x00, 
0x00, 0x00, 0x00, 0xFF, 0xFF, 0xC3, 0x00, 0x9B, 0xFF, 0xFF, 0x23, 0x00, 0x00, 0x00, 0x00, 0x00, 
0x00, 0x00, 0x00, 0xFF, 0xFF, 0xC3, 0x00, 0x9B, 0xFF, 0xFF, 0x23, 0x00, 0x00, 0x00, 0x00, 0x00, 
0x00, 0x00, 0x00, 0xFF, 0xFF, 0xC3, 0x00, 0x9B, 0xFF, 0xFF, 0x23, 0x00, 0x5F, 0xD3, 0xD3, 0x46, 
0x00, 0xAE, 0xFF, 0xFF, 0x1B, 0x01, 0xED, 0xFF, 0xDA, 0x00, 0x2F, 0xFF, 0xFF, 0x9B, 0x00, 0x00, 
0x00, 0x00, 0x00, 0x00, 0x00, 0x00, 0x00, 0x67, 0xFF, 0xFF, 0x57, 0x00, 0x00, 0x00, 0x00, 0x00, 
0x00, 0x00, 0x00, 0x00, 0x00, 0x67, 0xFF, 0xFF, 0x57, 0x00, 0x00, 0x00, 0x00, 0x00, 0x00, 0x00, 
0x00, 0x00, 0x00, 0x4F, 0xC3, 0xC3, 0x43, 0x00, 0x00, 0x00, 0x00, 0x00, 0x00, 0x00, 0x00, 0x00, 
0x00, 0x00, 0x00, 0x00, 0x00, 0x00, 0x00, 0x00, 0x00, 0x00, 0x00, 0x00, 0x00, 0x00, 0x00, 0x67, 
0xFF, 0xFF, 0x57, 0x00, 0x00, 0x00, 0x22, 0x99, 0xC1, 0xC3, 0xC3, 0xC3, 0xC3, 0xDA, 0xFF, 0xFF, 
0x43, 0x00, 0x00, 0x1B, 0xEE, 0xFF, 0xFF, 0xFF, 0xFF, 0xFF, 0xFF, 0xFF, 0xFF, 0xE1, 0x0A, 0x00, 
0x00, 0x7B, 0xFF, 0xFF, 0xFF, 0xFF, 0xFF, 0xFF, 0xFF, 0xF8, 0xBF, 0x2B, 0x00, 0x00, 0x00, 0x9B, 
0xFF, 0xFF, 0x26, 0x00, 0x00, 0x00, 0x00, 0x00, 0x00, 0x00, 0x00, 0x00, 0x00, 0x9B, 0xFF, 0xFF, 
0x23, 0x00, 0x00, 0x00, 0x00, 0x00, 0x00, 0x00, 0x00, 0x00, 0x00, 0x9B, 0xFF, 0xFF, 0x23, 0x00, 
0x00, 0x00, 0x00, 0x00, 0x00, 0x00, 0x00, 0x00, 0x00, 0x9B, 0xFF, 0xFF, 0x23, 0x00, 0x00, 0x00, 
0x00, 0x00, 0x00, 0x00, 0x00, 0x00, 0x00, 0x87, 0xFF, 0xFF, 0xCB, 0xBF, 0xBF, 0xBF, 0xBF, 0xBF, 
0xBF, 0xBF, 0xBF, 0xBF, 0x62, 0x33, 0xFC, 0xFF, 0xFF, 0xFF, 0xFF, 0xFF, 0xFF, 0xFF, 0xFF, 0xFF, 
0xFF, 0xFF, 0x83, 0x00, 0x52, 0xD6, 0xFE, 0xFF, 0xFF, 0xFF, 0xFF, 0xFF, 0xFF, 0xFF, 0xFF, 0xFF, 
0x83, 0x00, 0x00, 0x00, 0x00, 0x00, 0x00, 0xA8, 0xFF, 0xFF, 0x1F, 0x00, 0x00, 0x00, 0x00, 0x00, 
0x00, 0x00, 0x00, 0x00, 0x00, 0x00, 0x00, 0x67, 0xFF, 0xFF, 0x60, 0x00, 0x00, 0x00, 0x00, 0x00, 
0x00, 0x00, 0x00, 0x00, 0x00, 0x00, 0x00, 0x26, 0xFF, 0xFF, 0xA0, 0x00, 0x00, 0x00, 0x00, 0x00, 
0x00, 0x00, 0x00, 0x00, 0x00, 0x00, 0x00, 0x00, 0xC6, 0xD7, 0xBA, 0x00, 0x00, 0x00, 0x00, 0x00, 
0x00, 0x00, 0x00, 0x00, 0x00, 0x00, 0x00, 0x00, 0x00, 0x00, 0x00, 0x00, 0x00, 0x00, 0x00, 0x00, 
0x00, 0x00, 0x70, 0xDE, 0xFF, 0xFF, 0xFF, 0xFF, 0xFF, 0xFF, 0xFF, 0xFF, 0xFF, 0xF6, 0xB8, 0x24, 
0x00, 0x5D, 0xFF, 0xFF, 0xFF, 0xFF, 0xFF, 0xFF, 0xFF, 0xFF, 0xFF, 0xFF, 0xFF, 0xFF, 0xFF, 0xDA, 
0x07, 0xB6, 0xFF, 0xFF, 0xCA, 0xC7, 0xC7, 0xC7, 0xC7, 0xC7, 0xC7, 0xC7, 0xC7, 0xE4, 0xFF, 0xFF, 
0x3D, 0xCB, 0xFF, 0xFB, 0x00, 0x00, 0x00, 0x00, 0x00, 0x00, 0x00, 0x00, 0x00, 0x77, 0xFF, 0xFF, 
0x53, 0xCB, 0xFF, 0xFB, 0x00, 0x00, 0x00, 0x00, 0x00, 0x00, 0x00, 0x00, 0x00, 0x77, 0xFF, 0xFF, 
0x53, 0xCB, 0xFF, 0xFB, 0x00, 0x00, 0x00, 0x00, 0x00, 0x00, 0x00, 0x00, 0x00, 0x77, 0xFF, 0xFF, 
0x53, 0xCB, 0xFF, 0xFB, 0x00, 0x00, 0x00, 0x00, 0x00, 0x00, 0x00, 0x00, 0x00, 0x77, 0xFF, 0xFF, 
0x53, 0xCB, 0xFF, 0xFF, 0xC3, 0xC3, 0xC3, 0xC3, 0xC3, 0xC3, 0xC3, 0xC3, 0xC3, 0xE0, 0xFF, 0xFF, 
0x53, 0xCB, 0xFF, 0xFF, 0xFF, 0xFF, 0xFF, 0xFF, 0xFF, 0xFF, 0xFF, 0xFF, 0xFF, 0xFF, 0xFF, 0xFF, 
0x53, 0xCB, 0xFF, 0xFF, 0xFF, 0xFF, 0xFF, 0xFF, 0xFF, 0xFF, 0xFF, 0xFF, 0xFF, 0xFF, 0xFF, 0xFF, 
0x53, 0xCB, 0xFF, 0xFB, 0x00, 0x00, 0x00, 0x00, 0x00, 0x00, 0x00, 0x00, 0x00, 0x77, 0xFF, 0xFF, 
0x53, 0xCB, 0xFF, 0xFB, 0x00, 0x00, 0x00, 0x00, 0x00, 0x00, 0x00, 0x00, 0x00, 0x77, 0xFF, 0xFF, 
0x53, 0xCB, 0xFF, 0xFB, 0x00, 0x00, 0x00, 0x00, 0x00, 0x00, 0x00, 0x00, 0x00, 0x77, 0xFF, 0xFF, 
0x53, 0xCB, 0xFF, 0xFB, 0x00, 0x00, 0x00, 0x00, 0x00, 0x00, 0x00, 0x00, 0x00, 0x77, 0xFF, 0xFF, 
0x53, 0xCB, 0xFF, 0xFB, 0x00, 0x00, 0x00, 0x00, 0x00, 0x00, 0x00, 0x00, 0x00, 0x77, 0xFF, 0xFF, 
0x53, 0x00, 0x00, 0x00, 0x00, 0x00, 0x00, 0x02, 0xEE, 0xFF, 0xD6, 0x00, 0x00, 0x00, 0x00, 0x00, 
0x00, 0x00, 0x00, 0x00, 0x00, 0x00, 0x00, 0x31, 0xFF, 0xFF, 0x96, 0x00, 0x00, 0x00, 0x00, 0x00, 
0x00, 0x00, 0x00, 0x00, 0x00, 0x00, 0x00, 0x71, 0xFF, 0xFF, 0x55, 0x00, 0x00, 0x00, 0x00, 0x00, 
0x00, 0x00, 0x00, 0x00, 0x00, 0x00, 0x00, 0x91, 0xD7, 0xD7, 0x16, 0x00, 0x00, 0x00, 0x00, 0x00, 
0x00, 0x00, 0x00, 0x00, 0x00, 0x00, 0x00, 0x00, 0x00, 0x00, 0x00, 0x00, 0x00, 0x00, 0x00, 0x00, 
0x00, 0x00, 0x70, 0xDE, 0xFF, 0xFF, 0xFF, 0xFF, 0xFF, 0xFF, 0xFF, 0xFF, 0xFF, 0xF6, 0xB8, 0x24, 
0x00, 0x5D, 0xFF, 0xFF, 0xFF, 0xFF, 0xFF, 0xFF, 0xFF, 0xFF, 0xFF, 0xFF, 0xFF, 0xFF, 0xFF, 0xDA, 
0x07, 0xB6, 0xFF, 0xFF, 0xCA, 0xC7, 0xC7, 0xC7, 0xC7, 0xC7, 0xC7, 0xC7, 0xC7, 0xE4, 0xFF, 0xFF, 
0x3D, 0xCB, 0xFF, 0xFB, 0x00, 0x00, 0x00, 0x00, 0x00, 0x00, 0x00, 0x00, 0x00, 0x77, 0xFF, 0xFF, 
0x53, 0xCB, 0xFF, 0xFB, 0x00, 0x00, 0x00, 0x00, 0x00, 0x00, 0x00, 0x00, 0x00, 0x77, 0xFF, 0xFF, 
0x53, 0xCB, 0xFF, 0xFB, 0x00, 0x00, 0x00, 0x00, 0x00, 0x00, 0x00, 0x00, 0x00, 0x77, 0xFF, 0xFF, 
0x53, 0xCB, 0xFF, 0xFB, 0x00, 0x00, 0x00, 0x00, 0x00, 0x00, 0x00, 0x00, 0x00, 0x77, 0xFF, 0xFF, 
0x53, 0xCB, 0xFF, 0xFF, 0xC3, 0xC3, 0xC3, 0xC3, 0xC3, 0xC3, 0xC3, 0xC3, 0xC3, 0xE0, 0xFF, 0xFF, 
0x53, 0xCB, 0xFF, 0xFF, 0xFF, 0xFF, 0xFF, 0xFF, 0xFF, 0xFF, 0xFF, 0xFF, 0xFF, 0xFF, 0xFF, 0xFF, 
0x53, 0xCB, 0xFF, 0xFF, 0xFF, 0xFF, 0xFF, 0xFF, 0xFF, 0xFF, 0xFF, 0xFF, 0xFF, 0xFF, 0xFF, 0xFF, 
0x53, 0xCB, 0xFF, 0xFB, 0x00, 0x00, 0x00, 0x00, 0x00, 0x00, 0x00, 0x00, 0x00, 0x77, 0xFF, 0xFF, 
0x53, 0xCB, 0xFF, 0xFB, 0x00, 0x00, 0x00, 0x00, 0x00, 0x00, 0x00, 0x00, 0x00, 0x77, 0xFF, 0xFF, 
0x53, 0xCB, 0xFF, 0xFB, 0x00, 0x00, 0x00, 0x00, 0x00, 0x00, 0x00, 0x00, 0x00, 0x77, 0xFF, 0xFF, 
0x53, 0xCB, 0xFF, 0xFB, 0x00, 0x00, 0x00, 0x00, 0x00, 0x00, 0x00, 0x00, 0x00, 0x77, 0xFF, 0xFF, 
0x53, 0xCB, 0xFF, 0xFB, 0x00, 0x00, 0x00, 0x00, 0x00, 0x00, 0x00, 0x00, 0x00, 0x77, 0xFF, 0xFF, 
0x53, 0x00, 0x00, 0x00, 0x00, 0x00, 0x00, 0x00, 0x5D, 0x6B, 0x17, 0x00, 0x00, 0x00, 0x00, 0x00, 
0x00, 0x00, 0x00, 0x00, 0x00, 0x00, 0x00, 0x4A, 0xFF, 0xFF, 0xA5, 0x00, 0x00, 0x00, 0x00, 0x00, 
0x00, 0x00, 0x00, 0x00, 0x00, 0x00, 0x08, 0xDC, 0xFF, 0xF7, 0xFF, 0x40, 0x00, 0x00, 0x00, 0x00, 
0x00, 0x00, 0x00, 0x00, 0x00, 0x00, 0x7E, 0xFF, 0xB1, 0x65, 0xFF, 0xD5, 0x05, 0x00, 0x00, 0x00, 
0x00, 0x00, 0x00, 0x00, 0x00, 0x00, 0x00, 0x00, 0x00, 0x00, 0x00, 0x00, 0x00, 0x00, 0x00, 0x00, 
0x00, 0x00, 0x70, 0xDE, 0xFF, 0xFF, 0xFF, 0xFF, 0xFF, 0xFF, 0xFF, 0xFF, 0xFF, 0xF6, 0xB8, 0x24, 
0x00, 0x5D, 0xFF, 0xFF, 0xFF, 0xFF, 0xFF, 0xFF, 0xFF, 0xFF, 0xFF, 0xFF, 0xFF, 0xFF, 0xFF, 0xDA, 
0x07, 0xB6, 0xFF, 0xFF, 0xCA, 0xC7, 0xC7, 0xC7, 0xC7, 0xC7, 0xC7, 0xC7, 0xC7, 0xE4, 0xFF, 0xFF, 
0x3D, 0xCB, 0xFF, 0xFB, 0x00, 0x00, 0x00, 0x00, 0x00, 0x00, 0x00, 0x00, 0x00, 0x77, 0xFF, 0xFF, 
0x53, 0xCB, 0xFF, 0xFB, 0x00, 0x00, 0x00, 0x00, 0x00, 0x00, 0x00, 0x00, 0x00, 0x77, 0xFF, 0xFF, 
0x53, 0xCB, 0xFF, 0xFB, 0x00, 0x00, 0x00, 0x00, 0x00, 0x00, 0x00, 0x00, 0x00, 0x77, 0xFF, 0xFF, 
0x53, 0xCB, 0xFF, 0xFB, 0x00, 0x00, 0x00, 0x00, 0x00, 0x00, 0x00, 0x00, 0x00, 0x77, 0xFF, 0xFF, 
0x53, 0xCB, 0xFF, 0xFF, 0xC3, 0xC3, 0xC3, 0xC3, 0xC3, 0xC3, 0xC3, 0xC3, 0xC3, 0xE0, 0xFF, 0xFF, 
0x53, 0xCB, 0xFF, 0xFF, 0xFF, 0xFF, 0xFF, 0xFF, 0xFF, 0xFF, 0xFF, 0xFF, 0xFF, 0xFF, 0xFF, 0xFF, 
0x53, 0xCB, 0xFF, 0xFF, 0xFF, 0xFF, 0xFF, 0xFF, 0xFF, 0xFF, 0xFF, 0xFF, 0xFF, 0xFF, 0xFF, 0xFF, 
0x53, 0xCB, 0xFF, 0xFB, 0x00, 0x00, 0x00, 0x00, 0x00, 0x00, 0x00, 0x00, 0x00, 0x77, 0xFF, 0xFF, 
0x53, 0xCB, 0xFF, 0xFB, 0x00, 0x00, 0x00, 0x00, 0x00, 0x00, 0x00, 0x00, 0x00, 0x77, 0xFF, 0xFF, 
0x53, 0xCB, 0xFF, 0xFB, 0x00, 0x00, 0x00, 0x00, 0x00, 0x00, 0x00, 0x00, 0x00, 0x77, 0xFF, 0xFF, 
0x53, 0xCB, 0xFF, 0xFB, 0x00, 0x00, 0x00, 0x00, 0x00, 0x00, 0x00, 0x00, 0x00, 0x77, 0xFF, 0xFF, 
0x53, 0xCB, 0xFF, 0xFB, 0x00, 0x00, 0x00, 0x00, 0x00, 0x00, 0x00, 0x00, 0x00, 0x77, 0xFF, 0xFF, 
0x53, 0x00, 0x00, 0x00, 0x00, 0x93, 0xD3, 0xCA, 0x76, 0x14, 0x00, 0x00, 0x00, 0x00, 0x00, 0x00, 
0x00, 0x00, 0x00, 0x00, 0x00, 0xEB, 0xFF, 0xFF, 0xFF, 0xFA, 0x9F, 0x05, 0x37, 0x00, 0x00, 0x00, 
0x00, 0x00, 0x00, 0x00, 0x00, 0x66, 0x0A, 0x67, 0xEF, 0xFF, 0xFD, 0xF9, 0xB7, 0x00, 0x00, 0x00, 
0x00, 0x00, 0x00, 0x00, 0x00, 0x00, 0x00, 0x00, 0x17, 0x9B, 0xEC, 0xD7, 0x74, 0x00, 0x00, 0x00, 
0x00, 0x00, 0x00, 0x00, 0x00, 0x00, 0x00, 0x00, 0x00, 0x00, 0x00, 0x00, 0x00, 0x00, 0x00, 0x00, 
0x00, 0x00, 0x70, 0xDE, 0xFF, 0xFF, 0xFF, 0xFF, 0xFF, 0xFF, 0xFF, 0xFF, 0xFF, 0xF6, 0xB8, 0x24, 
0x00, 0x5D, 0xFF, 0xFF, 0xFF, 0xFF, 0xFF, 0xFF, 0xFF, 0xFF, 0xFF, 0xFF, 0xFF, 0xFF, 0xFF, 0xDA, 
0x07, 0xB6, 0xFF, 0xFF, 0xCA, 0xC7, 0xC7, 0xC7, 0xC7, 0xC7, 0xC7, 0xC7, 0xC7, 0xE4, 0xFF, 0xFF, 
0x3D, 0xCB, 0xFF, 0xFB, 0x00, 0x00, 0x00, 0x00, 0x00, 0x00, 0x00, 0x00, 0x00, 0x77, 0xFF, 0xFF, 
0x53, 0xCB, 0xFF, 0xFB, 0x00, 0x00, 0x00, 0x00, 0x00, 0x00, 0x00, 0x00, 0x00, 0x77, 0xFF, 0xFF, 
0x53, 0xCB, 0xFF, 0xFB, 0x00, 0x00, 0x00, 0x00, 0x00, 0x00, 0x00, 0x00, 0x00, 0x77, 0xFF, 0xFF, 
0x53, 0xCB, 0xFF, 0xFB, 0x00, 0x00, 0x00, 0x00, 0x00, 0x00, 0x00, 0x00, 0x00, 0x77, 0xFF, 0xFF, 
0x53, 0xCB, 0xFF, 0xFF, 0xC3, 0xC3, 0xC3, 0xC3, 0xC3, 0xC3, 0xC3, 0xC3, 0xC3, 0xE0, 0xFF, 0xFF, 
0x53, 0xCB, 0xFF, 0xFF, 0xFF, 0xFF, 0xFF, 0xFF, 0xFF, 0xFF, 0xFF, 0xFF, 0xFF, 0xFF, 0xFF, 0xFF, 
0x53, 0xCB, 0xFF, 0xFF, 0xFF, 0xFF, 0xFF, 0xFF, 0xFF, 0xFF, 0xFF, 0xFF, 0xFF, 0xFF, 0xFF, 0xFF, 
0x53, 0xCB, 0xFF, 0xFB, 0x00, 0x00, 0x00, 0x00, 0x00, 0x00, 0x00, 0x00, 0x00, 0x77, 0xFF, 0xFF, 
0x53, 0xCB, 0xFF, 0xFB, 0x00, 0x00, 0x00, 0x00, 0x00, 0x00, 0x00, 0x00, 0x00, 0x77, 0xFF, 0xFF, 
0x53, 0xCB, 0xFF, 0xFB, 0x00, 0x00, 0x00, 0x00, 0x00, 0x00, 0x00, 0x00, 0x00, 0x77, 0xFF, 0xFF, 
0x53, 0xCB, 0xFF, 0xFB, 0x00, 0x00, 0x00, 0x00, 0x00, 0x00, 0x00, 0x00, 0x00, 0x77, 0xFF, 0xFF, 
0x53, 0xCB, 0xFF, 0xFB, 0x00, 0x00, 0x00, 0x00, 0x00, 0x00, 0x00, 0x00, 0x00, 0x77, 0xFF, 0xFF, 
0x53, 0x00, 0x00, 0x00, 0x00, 0x1E, 0xC3, 0xC3, 0x74, 0x6E, 0xC3, 0xC3, 0x2A, 0x00, 0x00, 0x00, 
0x00, 0x00, 0x00, 0x00, 0x00, 0x27, 0xFF, 0xFF, 0x97, 0x8F, 0xFF, 0xFF, 0x37, 0x00, 0x00, 0x00, 
0x00, 0x00, 0x00, 0x00, 0x00, 0x27, 0xFF, 0xFF, 0x97, 0x8F, 0xFF, 0xFF, 0x37, 0x00, 0x00, 0x00, 
0x00, 0x00, 0x00, 0x00, 0x00, 0x00, 0x00, 0x00, 0x00, 0x00, 0x00, 0x00, 0x00, 0x00, 0x00, 0x00, 
0x00, 0x00, 0x70, 0xDE, 0xFF, 0xFF, 0xFF, 0xFF, 0xFF, 0xFF, 0xFF, 0xFF, 0xFF, 0xF6, 0xB8, 0x24, 
0x00, 0x5D, 0xFF, 0xFF, 0xFF, 0xFF, 0xFF, 0xFF, 0xFF, 0xFF, 0xFF, 0xFF, 0xFF, 0xFF, 0xFF, 0xDA, 
0x07, 0xB6, 0xFF, 0xFF, 0xCA, 0xC7, 0xC7, 0xC7, 0xC7, 0xC7, 0xC7, 0xC7, 0xC7, 0xE4, 0xFF, 0xFF, 
0x3D, 0xCB, 0xFF, 0xFB, 0x00, 0x00, 0x00, 0x00, 0x00, 0x00, 0x00, 0x00, 0x00, 0x77, 0xFF, 0xFF, 
0x53, 0xCB, 0xFF, 0xFB, 0x00, 0x00, 0x00, 0x00, 0x00, 0x00, 0x00, 0x00, 0x00, 0x77, 0xFF, 0xFF, 
0x53, 0xCB, 0xFF, 0xFB, 0x00, 0x00, 0x00, 0x00, 0x00, 0x00, 0x00, 0x00, 0x00, 0x77, 0xFF, 0xFF, 
0x53, 0xCB, 0xFF, 0xFB, 0x00, 0x00, 0x00, 0x00, 0x00, 0x00, 0x00, 0x00, 0x00, 0x77, 0xFF, 0xFF, 
0x53, 0xCB, 0xFF, 0xFF, 0xC3, 0xC3, 0xC3, 0xC3, 0xC3, 0xC3, 0xC3, 0xC3, 0xC3, 0xE0, 0xFF, 0xFF, 
0x53, 0xCB, 0xFF, 0xFF, 0xFF, 0xFF, 0xFF, 0xFF, 0xFF, 0xFF, 0xFF, 0xFF, 0xFF, 0xFF, 0xFF, 0xFF, 
0x53, 0xCB, 0xFF, 0xFF, 0xFF, 0xFF, 0xFF, 0xFF, 0xFF, 0xFF, 0xFF, 0xFF, 0xFF, 0xFF, 0xFF, 0xFF, 
0x53, 0xCB, 0xFF, 0xFB, 0x00, 0x00, 0x00, 0x00, 0x00, 0x00, 0x00, 0x00, 0x00, 0x77, 0xFF, 0xFF, 
0x53, 0xCB, 0xFF, 0xFB, 0x00, 0x00, 0x00, 0x00, 0x00, 0x00, 0x00, 0x00, 0x00, 0x77, 0xFF, 0xFF, 
0x53, 0xCB, 0xFF, 0xFB, 0x00, 0x00, 0x00, 0x00, 0x00, 0x00, 0x00, 0x00, 0x00, 0x77, 0xFF, 0xFF, 
0x53, 0xCB, 0xFF, 0xFB, 0x00, 0x00, 0x00, 0x00, 0x00, 0x00, 0x00, 0x00, 0x00, 0x77, 0xFF, 0xFF, 
0x53, 0xCB, 0xFF, 0xFB, 0x00, 0x00, 0x00, 0x00, 0x00, 0x00, 0x00, 0x00, 0x00, 0x77, 0xFF, 0xFF, 
0x53, 0x00, 0x00, 0x00, 0x00, 0x00, 0x01, 0xB0, 0xFE, 0xE2, 0x38, 0x00, 0x00, 0x00, 0x00, 0x00, 
0x00, 0x00, 0x00, 0x00, 0x00, 0x00, 0x30, 0xFF, 0x83, 0xDA, 0x9C, 0x00, 0x00, 0x00, 0x00, 0x00, 
0x00, 0x00, 0x00, 0x00, 0x00, 0x00, 0x27, 0xFF, 0xA8, 0xE5, 0x92, 0x00, 0x00, 0x00, 0x00, 0x00, 
0x00, 0x00, 0x00, 0x00, 0x00, 0x00, 0x00, 0x82, 0xCE, 0xB2, 0x24, 0x00, 0x00, 0x00, 0x00, 0x00, 
0x00, 0x00, 0x00, 0x00, 0x00, 0x00, 0x00, 0x00, 0x00, 0x00, 0x00, 0x00, 0x00, 0x00, 0x00, 0x00, 
0x00, 0x00, 0x70, 0xDE, 0xFF, 0xFF, 0xFF, 0xFF, 0xFF, 0xFF, 0xFF, 0xFF, 0xFF, 0xF6, 0xB8, 0x24, 
0x00, 0x5D, 0xFF, 0xFF, 0xFF, 0xFF, 0xFF, 0xFF, 0xFF, 0xFF, 0xFF, 0xFF, 0xFF, 0xFF, 0xFF, 0xDA, 
0x07, 0xB6, 0xFF, 0xFF, 0xCA, 0xC7, 0xC7, 0xC7, 0xC7, 0xC7, 0xC7, 0xC7, 0xC7, 0xE4, 0xFF, 0xFF, 
0x3D, 0xCB, 0xFF, 0xFB, 0x00, 0x00, 0x00, 0x00, 0x00, 0x00, 0x00, 0x00, 0x00, 0x77, 0xFF, 0xFF, 
0x53, 0xCB, 0xFF, 0xFB, 0x00, 0x00, 0x00, 0x00, 0x00, 0x00, 0x00, 0x00, 0x00, 0x77, 0xFF, 0xFF, 
0x53, 0xCB, 0xFF, 0xFB, 0x00, 0x00, 0x00, 0x00, 0x00, 0x00, 0x00, 0x00, 0x00, 0x77, 0xFF, 0xFF, 
0x53, 0xCB, 0xFF, 0xFB, 0x00, 0x00, 0x00, 0x00, 0x00, 0x00, 0x00, 0x00, 0x00, 0x77, 0xFF, 0xFF, 
0x53, 0xCB, 0xFF, 0xFF, 0xC3, 0xC3, 0xC3, 0xC3, 0xC3, 0xC3, 0xC3, 0xC3, 0xC3, 0xE0, 0xFF, 0xFF, 
0x53, 0xCB, 0xFF, 0xFF, 0xFF, 0xFF, 0xFF, 0xFF, 0xFF, 0xFF, 0xFF, 0xFF, 0xFF, 0xFF, 0xFF, 0xFF, 
0x53, 0xCB, 0xFF, 0xFF, 0xFF, 0xFF, 0xFF, 0xFF, 0xFF, 0xFF, 0xFF, 0xFF, 0xFF, 0xFF, 0xFF, 0xFF, 
0x53, 0xCB, 0xFF, 0xFB, 0x00, 0x00, 0x00, 0x00, 0x00, 0x00, 0x00, 0x00, 0x00, 0x77, 0xFF, 0xFF, 
0x53, 0xCB, 0xFF, 0xFB, 0x00, 0x00, 0x00, 0x00, 0x00, 0x00, 0x00, 0x00, 0x00, 0x77, 0xFF, 0xFF, 
0x53, 0xCB, 0xFF, 0xFB, 0x00, 0x00, 0x00, 0x00, 0x00, 0x00, 0x00, 0x00, 0x00, 0x77, 0xFF, 0xFF, 
0x53, 0xCB, 0xFF, 0xFB, 0x00, 0x00, 0x00, 0x00, 0x00, 0x00, 0x00, 0x00, 0x00, 0x77, 0xFF, 0xFF, 
0x53, 0xCB, 0xFF, 0xFB, 0x00, 0x00, 0x00, 0x00, 0x00, 0x00, 0x00, 0x00, 0x00, 0x77, 0xFF, 0xFF, 
0x53, 0x02, 0x7C, 0xE2, 0xFF, 0xFF, 0xFF, 0xFF, 0xFF, 0xFF, 0xFF, 0xFF, 0xFF, 0xFF, 0xFF, 0xFF, 
0xFF, 0xFF, 0xFF, 0xFF, 0xFF, 0xFF, 0xFF, 0xFF, 0xFF, 0xFF, 0xFF, 0x5F, 0x70, 0xFF, 0xFF, 0xFF, 
0xFF, 0xFF, 0xFF, 0xFF, 0xFF, 0xFF, 0xFF, 0xFF, 0xFF, 0xFF, 0xFF, 0xFF, 0xFF, 0xFF, 0xFF, 0xFF, 
0xFF, 0xFF, 0xFF, 0xFF, 0xFF, 0xFF, 0x5F, 0xC9, 0xFF, 0xFD, 0xC8, 0xC7, 0xC7, 0xC7, 0xC7, 0xC7, 
0xC7, 0xC7, 0xC7, 0xE8, 0xFF, 0xFF, 0xD5, 0xC7, 0xC7, 0xC7, 0xC7, 0xC7, 0xC7, 0xC7, 0xC7, 0xC7, 
0xC7, 0x4A, 0xDF, 0xFF, 0xEB, 0x00, 0x00, 0x00, 0x00, 0x00, 0x00, 0x00, 0x00, 0x00, 0x87, 0xFF, 
0xFF, 0x3F, 0x00, 0x00, 0x00, 0x00, 0x00, 0x00, 0x00, 0x00, 0x00, 0x00, 0x00, 0xDF, 0xFF, 0xEB, 
0x00, 0x00, 0x00, 0x00, 0x00, 0x00, 0x00, 0x00, 0x00, 0x87, 0xFF, 0xFF, 0x3F, 0x00, 0x00, 0x00, 
0x00, 0x00, 0x00, 0x00, 0x00, 0x00, 0x00, 0x00, 0xDF, 0xFF, 0xEB, 0x00, 0x00, 0x00, 0x00, 0x00, 
0x00, 0x00, 0x00, 0x00, 0x87, 0xFF, 0xFF, 0x3F, 0x00, 0x00, 0x00, 0x00, 0x00, 0x00, 0x00, 0x00, 
0x00, 0x00, 0x00, 0xDF, 0xFF, 0xEB, 0x00, 0x00, 0x00, 0x00, 0x00, 0x00, 0x00, 0x00, 0x00, 0x87, 
0xFF, 0xFF, 0xD2, 0xC3, 0xC3, 0xC3, 0xC3, 0xC3, 0xC3, 0xC3, 0xC3, 0x24, 0x00, 0x00, 0xDF, 0xFF, 
0xFB, 0xC3, 0xC3, 0xC3, 0xC3, 0xC3, 0xC3, 0xC3, 0xC3, 0xC3, 0xE3, 0xFF, 0xFF, 0xFF, 0xFF, 0xFF, 
0xFF, 0xFF, 0xFF, 0xFF, 0xFF, 0xFF, 0x2F, 0x00, 0x00, 0xDF, 0xFF, 0xFF, 0xFF, 0xFF, 0xFF, 0xFF, 
0xFF, 0xFF, 0xFF, 0xFF, 0xFF, 0xFF, 0xFF, 0xFF, 0xFF, 0xFF, 0xFF, 0xFF, 0xFF, 0xFF, 0xFF, 0xFF, 
0xFF, 0x2F, 0x00, 0x00, 0xDF, 0xFF, 0xFF, 0xFF, 0xFF, 0xFF, 0xFF, 0xFF, 0xFF, 0xFF, 0xFF, 0xFF, 
0xFF, 0xFF, 0xFF, 0x3F, 0x00, 0x00, 0x00, 0x00, 0x00, 0x00, 0x00, 0x00, 0x00, 0x00, 0x00, 0xDF, 
0xFF, 0xEB, 0x00, 0x00, 0x00, 0x00, 0x00, 0x00, 0x00, 0x00, 0x00, 0x87, 0xFF, 0xFF, 0x3F, 0x00, 
0x00, 0x00, 0x00, 0x00, 0x00, 0x00, 0x00, 0x00, 0x00, 0x00, 0xDF, 0xFF, 0xEB, 0x00, 0x00, 0x00, 
0x00, 0x00, 0x00, 0x00, 0x00, 0x00, 0x87, 0xFF, 0xFF, 0x3F, 0x00, 0x00, 0x00, 0x00, 0x00, 0x00, 
0x00, 0x00, 0x00, 0x00, 0x00, 0xDF, 0xFF, 0xEB, 0x00, 0x00, 0x00, 0x00, 0x00, 0x00, 0x00, 0x00, 
0x00, 0x87, 0xFF, 0xFF, 0xD2, 0xC3, 0xC3, 0xC3, 0xC3, 0xC3, 0xC3, 0xC3, 0xC3, 0xC3, 0xC3, 0x49, 
0xDF, 0xFF, 0xEB, 0x00, 0x00, 0x00, 0x00, 0x00, 0x00, 0x00, 0x00, 0x00, 0x87, 0xFF, 0xFF, 0xFF, 
0xFF, 0xFF, 0xFF, 0xFF, 0xFF, 0xFF, 0xFF, 0xFF, 0xFF, 0xFF, 0x5F, 0xDF, 0xFF, 0xEB, 0x00, 0x00, 
0x00, 0x00, 0x00, 0x00, 0x00, 0x00, 0x00, 0x87, 0xFF, 0xFF, 0xFF, 0xFF, 0xFF, 0xFF, 0xFF, 0xFF, 
0xFF, 0xFF, 0xFF, 0xFF, 0xFF, 0x5F, 0x01, 0x76, 0xE0, 0xFF, 0xFF, 0xFF, 0xFF, 0xFF, 0xFF, 0xFF, 
0xFF, 0xFF, 0xFF, 0xFF, 0xFF, 0x3F, 0x65, 0xFF, 0xFF, 0xFF, 0xFF, 0xFF, 0xFF, 0xFF, 0xFF, 0xFF, 
0xFF, 0xFF, 0xFF, 0xFF, 0xFF, 0x3F, 0xBE, 0xFF, 0xFE, 0xC9, 0xC7, 0xC7, 0xC7, 0xC7, 0xC7, 0xC7, 
0xC7, 0xC7, 0xC7, 0xC7, 0xC7, 0x31, 0xD3, 0xFF, 0xEF, 0x00, 0x00, 0x00, 0x00, 0x00, 0x00, 0x00, 
0x00, 0x00, 0x00, 0x00, 0x00, 0x00, 0xD3, 0xFF, 0xEF, 0x00, 0x00, 0x00, 0x00, 0x00, 0x00, 0x00, 
0x00, 0x00, 0x00, 0x00, 0x00, 0x00, 0xD3, 0xFF, 0xEF, 0x00, 0x00, 0x00, 0x00, 0x00, 0x00, 0x00, 
0x00, 0x00, 0x00, 0x00, 0x00, 0x00, 0xD3, 0xFF, 0xEF, 0x00, 0x00, 0x00, 0x00, 0x00, 0x00, 0x00, 
0x00, 0x00, 0x00, 0x00, 0x00, 0x00, 0xD3, 0xFF, 0xEF, 0x00, 0x00, 0x00, 0x00, 0x00, 0x00, 0x00, 
0x00, 0x00, 0x00, 0x00, 0x00, 0x00, 0xD3, 0xFF, 0xEF, 0x00, 0x00, 0x00, 0x00, 0x00, 0x00, 0x00, 
0x00, 0x00, 0x00, 0x00, 0x00, 0x00, 0xD3, 0xFF, 0xEF, 0x00, 0x00, 0x00, 0x00, 0x00, 0x00, 0x00, 
0x00, 0x00, 0x00, 0x00, 0x00, 0x00, 0xD3, 0xFF, 0xEF, 0x00, 0x00, 0x00, 0x00, 0x00, 0x00, 0x00, 
0x00, 0x00, 0x00, 0x00, 0x00, 0x00, 0xD3, 0xFF, 0xEF, 0x00, 0x00, 0x00, 0x00, 0x00, 0x00, 0x00, 
0x00, 0x00, 0x00, 0x00, 0x00, 0x00, 0xBF, 0xFF, 0xFE, 0xC4, 0xC3, 0xC3, 0xC3, 0xC3, 0xC3, 0xC3, 
0xC3, 0xC3, 0xC3, 0xC3, 0xC3, 0x30, 0x68, 0xFF, 0xFF, 0xFF, 0xFF, 0xFF, 0xFF, 0xFF, 0xFF, 0xFF, 
0xFF, 0xFF, 0xFF, 0xFF, 0xFF, 0x3F, 0x01, 0x78, 0xE2, 0xFF, 0xFF, 0xFF, 0xFF, 0xFF, 0xFF, 0xFF, 
0xFF, 0xFF, 0xFF, 0xFF, 0xFF, 0x3F, 0x00, 0x00, 0x00, 0x00, 0x00, 0x00, 0x46, 0xFF, 0xFF, 0x84, 
0x00, 0x00, 0x00, 0x00, 0x00, 0x00, 0x00, 0x00, 0x00, 0x00, 0x00, 0x00, 0x8A, 0xFF, 0xFF, 0x40, 
0x00, 0x00, 0x00, 0x00, 0x00, 0x00, 0x00, 0x00, 0x00, 0x00, 0x00, 0x00, 0xCE, 0xFF, 0xF6, 0x07, 
0x00, 0x00, 0x00, 0x00, 0x00, 0x00, 0x00, 0x00, 0x00, 0x00, 0x00, 0x64, 0xFF, 0xFF, 0x63, 0x00, 
0x00, 0x00, 0x00, 0x00, 0x00, 0x00, 0x00, 0x00, 0x00, 0x00, 0x23, 0xFF, 0xFF, 0xA4, 0x00, 0x00, 
0x00, 0x00, 0x00, 0x00, 0x00, 0x00, 0x00, 0x00, 0x00, 0x00, 0xE2, 0xFF, 0xE5, 0x00, 0x00, 0x00, 
0x00, 0x00, 0x00, 0x00, 0x00, 0x00, 0x00, 0x00, 0x00, 0x8D, 0xD7, 0xD7, 0x1B, 0x00, 0x00, 0x00, 
0x00, 0x00, 0x00, 0x00, 0x00, 0x00, 0x00, 0x00, 0x00, 0x00, 0x00, 0x00, 0x00, 0x00, 0x00, 0x00, 
0x00, 0xCB, 0xFF, 0xFF, 0xFF, 0xFF, 0xFF, 0xFF, 0xFF, 0xFF, 0xFF, 0xFF, 0xFF, 0xFF, 0xFF, 0x1B, 
0xCB, 0xFF, 0xFF, 0xFF, 0xFF, 0xFF, 0xFF, 0xFF, 0xFF, 0xFF, 0xFF, 0xFF, 0xFF, 0xFF, 0x1B, 0xCB, 
0xFF, 0xFF, 0xC7, 0xC7, 0xC7, 0xC7, 0xC7, 0xC7, 0xC7, 0xC7, 0xC7, 0xC7, 0xC7, 0x15, 0xCB, 0xFF, 
0xFF, 0x00, 0x00, 0x00, 0x00, 0x00, 0x00, 0x00, 0x00, 0x00, 0x00, 0x00, 0x00, 0xCB, 0xFF, 0xFF, 
0x00, 0x00, 0x00, 0x00, 0x00, 0x00, 0x00, 0x00, 0x00, 0x00, 0x00, 0x00, 0xCB, 0xFF, 0xFF, 0x00, 
0x00, 0x00, 0x00, 0x00, 0x00, 0x00, 0x00, 0x00, 0x00, 0x00, 0x00, 0xCB, 0xFF, 0xFF, 0xC3, 0xC3, 
0xC3, 0xC3, 0xC3, 0xC3, 0xC3, 0xC3, 0xBA, 0x00, 0x00, 0x00, 0xCB, 0xFF, 0xFF, 0xFF, 0xFF, 0xFF, 
0xFF, 0xFF, 0xFF, 0xFF, 0xFF, 0xF3, 0x00, 0x00, 0x00, 0xCB, 0xFF, 0xFF, 0xFF, 0xFF, 0xFF, 0xFF, 
0xFF, 0xFF, 0xFF, 0xFF, 0xF3, 0x00, 0x00, 0x00, 0xCB, 0xFF, 0xFF, 0x00, 0x00, 0x00, 0x00, 0x00, 
0x00, 0x00, 0x00, 0x00, 0x00, 0x00, 0x00, 0xCB, 0xFF, 0xFF, 0x00, 0x00, 0x00, 0x00, 0x00, 0x00, 
0x00, 0x00, 0x00, 0x00, 0x00, 0x00, 0xCB, 0xFF, 0xFF, 0x00, 0x00, 0x00, 0x00, 0x00, 0x00, 0x00, 
0x00, 0x00, 0x00, 0x00, 0x00, 0xCB, 0xFF, 0xFF, 0xC3, 0xC3, 0xC3, 0xC3, 0xC3, 0xC3, 0xC3, 0xC3, 
0xC3, 0xC3, 0xC3, 0x15, 0xCB, 0xFF, 0xFF, 0xFF, 0xFF, 0xFF, 0xFF, 0xFF, 0xFF, 0xFF, 0xFF, 0xFF, 
0xFF, 0xFF, 0x1B, 0xCB, 0xFF, 0xFF, 0xFF, 0xFF, 0xFF, 0xFF, 0xFF, 0xFF, 0xFF, 0xFF, 0xFF, 0xFF, 
0xFF, 0x1B, 0x00, 0x00, 0x00, 0x00, 0x00, 0x00, 0xAC, 0xFF, 0xFF, 0x1B, 0x00, 0x00, 0x00, 0x00, 
0x00, 0x00, 0x00, 0x00, 0x00, 0x00, 0x01, 0xEB, 0xFF, 0xDA, 0x00, 0x00, 0x00, 0x00, 0x00, 0x00, 
0x00, 0x00, 0x00, 0x00, 0x00, 0x2D, 0xFF, 0xFF, 0x99, 0x00, 0x00, 0x00, 0x00, 0x00, 0x00, 0x00, 
0x00, 0x00, 0x00, 0x00, 0x58, 0xD7, 0xD7, 0x50, 0x00, 0x00, 0x00, 0x00, 0x00, 0x00, 0x00, 0x00, 
0x00, 0x00, 0x00, 0x00, 0x00, 0x00, 0x00, 0x00, 0x00, 0x00, 0x00, 0x00, 0x00, 0xCB, 0xFF, 0xFF, 
0xFF, 0xFF, 0xFF, 0xFF, 0xFF, 0xFF, 0xFF, 0xFF, 0xFF, 0xFF, 0xFF, 0x1B, 0xCB, 0xFF, 0xFF, 0xFF, 
0xFF, 0xFF, 0xFF, 0xFF, 0xFF, 0xFF, 0xFF, 0xFF, 0xFF, 0xFF, 0x1B, 0xCB, 0xFF, 0xFF, 0xC7, 0xC7, 
0xC7, 0xC7, 0xC7, 0xC7, 0xC7, 0xC7, 0xC7, 0xC7, 0xC7, 0x15, 0xCB, 0xFF, 0xFF, 0x00, 0x00, 0x00, 
0x00, 0x00, 0x00, 0x00, 0x00, 0x00, 0x00, 0x00, 0x00, 0xCB, 0xFF, 0xFF, 0x00, 0x00, 0x00, 0x00, 
0x00, 0x00, 0x00, 0x00, 0x00, 0x00, 0x00, 0x00, 0xCB, 0xFF, 0xFF, 0x00, 0x00, 0x00, 0x00, 0x00, 
0x00, 0x00, 0x00, 0x00, 0x00, 0x00, 0x00, 0xCB, 0xFF, 0xFF, 0xC3, 0xC3, 0xC3, 0xC3, 0xC3, 0xC3, 
0xC3, 0xC3, 0xBA, 0x00, 0x00, 0x00, 0xCB, 0xFF, 0xFF, 0xFF, 0xFF, 0xFF, 0xFF, 0xFF, 0xFF, 0xFF, 
0xFF, 0xF3, 0x00, 0x00, 0x00, 0xCB, 0xFF, 0xFF, 0xFF, 0xFF, 0xFF, 0xFF, 0xFF, 0xFF, 0xFF, 0xFF, 
0xF3, 0x00, 0x00, 0x00, 0xCB, 0xFF, 0xFF, 0x00, 0x00, 0x00, 0x00, 0x00, 0x00, 0x00, 0x00, 0x00, 
0x00, 0x00, 0x00, 0xCB, 0xFF, 0xFF, 0x00, 0x00, 0x00, 0x00, 0x00, 0x00, 0x00, 0x00, 0x00, 0x00, 
0x00, 0x00, 0xCB, 0xFF, 0xFF, 0x00, 0x00, 0x00, 0x00, 0x00, 0x00, 0x00, 0x00, 0x00, 0x00, 0x00, 
0x00, 0xCB, 0xFF, 0xFF, 0xC3, 0xC3, 0xC3, 0xC3, 0xC3, 0xC3, 0xC3, 0xC3, 0xC3, 0xC3, 0xC3, 0x15, 
0xCB, 0xFF, 0xFF, 0xFF, 0xFF, 0xFF, 0xFF, 0xFF, 0xFF, 0xFF, 0xFF, 0xFF, 0xFF, 0xFF, 0x1B, 0xCB, 
0xFF, 0xFF, 0xFF, 0xFF, 0xFF, 0xFF, 0xFF, 0xFF, 0xFF, 0xFF, 0xFF, 0xFF, 0xFF, 0x1B, 0x00, 0x00, 
0x00, 0x00, 0x00, 0x00, 0x40, 0x6B, 0x34, 0x00, 0x00, 0x00, 0x00, 0x00, 0x00, 0x00, 0x00, 0x00, 
0x00, 0x00, 0x16, 0xEF, 0xFF, 0xE0, 0x09, 0x00, 0x00, 0x00, 0x00, 0x00, 0x00, 0x00, 0x00, 0x00, 
0x00, 0xA0, 0xFF, 0xF7, 0xFF, 0x83, 0x00, 0x00, 0x00, 0x00, 0x00, 0x00, 0x00, 0x00, 0x00, 0x3B, 
0xFE, 0xE7, 0x37, 0xF8, 0xF8, 0x25, 0x00, 0x00, 0x00, 0x00, 0x00, 0x00, 0x00, 0x00, 0x00, 0x00, 
0x00, 0x00, 0x00, 0x00, 0x00, 0x00, 0x00, 0x00, 0x00, 0xCB, 0xFF, 0xFF, 0xFF, 0xFF, 0xFF, 0xFF, 
0xFF, 0xFF, 0xFF, 0xFF, 0xFF, 0xFF, 0xFF, 0x1B, 0xCB, 0xFF, 0xFF, 0xFF, 0xFF, 0xFF, 0xFF, 0xFF, 
0xFF, 0xFF, 0xFF, 0xFF, 0xFF, 0xFF, 0x1B, 0xCB, 0xFF, 0xFF, 0xC7, 0xC7, 0xC7, 0xC7, 0xC7, 0xC7, 
0xC7, 0xC7, 0xC7, 0xC7, 0xC7, 0x15, 0xCB, 0xFF, 0xFF, 0x00, 0x00, 0x00, 0x00, 0x00, 0x00, 0x00, 
0x00, 0x00, 0x00, 0x00, 0x00, 0xCB, 0xFF, 0xFF, 0x00, 0x00, 0x00, 0x00, 0x00, 0x00, 0x00, 0x00, 
0x00, 0x00, 0x00, 0x00, 0xCB, 0xFF, 0xFF, 0x00, 0x00, 0x00, 0x00, 0x00, 0x00, 0x00, 0x00, 0x00, 
0x00, 0x00, 0x00, 0xCB, 0xFF, 0xFF, 0xC3, 0xC3, 0xC3, 0xC3, 0xC3, 0xC3, 0xC3, 0xC3, 0xBA, 0x00, 
0x00, 0x00, 0xCB, 0xFF, 0xFF, 0xFF, 0xFF, 0xFF, 0xFF, 0xFF, 0xFF, 0xFF, 0xFF, 0xF3, 0x00, 0x00, 
0x00, 0xCB, 0xFF, 0xFF, 0xFF, 0xFF, 0xFF, 0xFF, 0xFF, 0xFF, 0xFF, 0xFF, 0xF3, 0x00, 0x00, 0x00, 
0xCB, 0xFF, 0xFF, 0x00, 0x00, 0x00, 0x00, 0x00, 0x00, 0x00, 0x00, 0x00, 0x00, 0x00, 0x00, 0xCB, 
0xFF, 0xFF, 0x00, 0x00, 0x00, 0x00, 0x00, 0x00, 0x00, 0x00, 0x00, 0x00, 0x00, 0x00, 0xCB, 0xFF, 
0xFF, 0x00, 0x00, 0x00, 0x00, 0x00, 0x00, 0x00, 0x00, 0x00, 0x00, 0x00, 0x00, 0xCB, 0xFF, 0xFF, 
0xC3, 0xC3, 0xC3, 0xC3, 0xC3, 0xC3, 0xC3, 0xC3, 0xC3, 0xC3, 0xC3, 0x15, 0xCB, 0xFF, 0xFF, 0xFF, 
0xFF, 0xFF, 0xFF, 0xFF, 0xFF, 0xFF, 0xFF, 0xFF, 0xFF, 0xFF, 0x1B, 0xCB, 0xFF, 0xFF, 0xFF, 0xFF, 
0xFF, 0xFF, 0xFF, 0xFF, 0xFF, 0xFF, 0xFF, 0xFF, 0xFF, 0x1B, 0x00, 0x00, 0x00, 0x00, 0xE3, 0xFF, 
0xDB, 0x4B, 0xFF, 0xFF, 0x7B, 0x00, 0x00, 0x00, 0x00, 0x00, 0x00, 0x00, 0x00, 0xE3, 0xFF, 0xDB, 
0x4B, 0xFF, 0xFF, 0x7B, 0x00, 0x00, 0x00, 0x00, 0x00, 0x00, 0x00, 0x00, 0xB2, 0xC7, 0xAB, 0x3B, 
0xC7, 0xC7, 0x60, 0x00, 0x00, 0x00, 0x00, 0x00, 0x00, 0x00, 0x00, 0x00, 0x00, 0x00, 0x00, 0x00, 
0x00, 0x00, 0x00, 0x00, 0x00, 0x00, 0xCB, 0xFF, 0xFF, 0xFF, 0xFF, 0xFF, 0xFF, 0xFF, 0xFF, 0xFF, 
0xFF, 0xFF, 0xFF, 0xFF, 0x1B, 0xCB, 0xFF, 0xFF, 0xFF, 0xFF, 0xFF, 0xFF, 0xFF, 0xFF, 0xFF, 0xFF, 
0xFF, 0xFF, 0xFF, 0x1B, 0xCB, 0xFF, 0xFF, 0xC7, 0xC7, 0xC7, 0xC7, 0xC7, 0xC7, 0xC7, 0xC7, 0xC7, 
0xC7, 0xC7, 0x15, 0xCB, 0xFF, 0xFF, 0x00, 0x00, 0x00, 0x00, 0x00, 0x00, 0x00, 0x00, 0x00, 0x00, 
0x00, 0x00, 0xCB, 0xFF, 0xFF, 0x00, 0x00, 0x00, 0x00, 0x00, 0x00, 0x00, 0x00, 0x00, 0x00, 0x00, 
0x00, 0xCB, 0xFF, 0xFF, 0x00, 0x00, 0x00, 0x00, 0x00, 0x00, 0x00, 0x00, 0x00, 0x00, 0x00, 0x00, 
0xCB, 0xFF, 0xFF, 0xC3, 0xC3, 0xC3, 0xC3, 0xC3, 0xC3, 0xC3, 0xC3, 0xBA, 0x00, 0x00, 0x00, 0xCB, 
0xFF, 0xFF, 0xFF, 0xFF, 0xFF, 0xFF, 0xFF, 0xFF, 0xFF, 0xFF, 0xF3, 0x00, 0x00, 0x00, 0xCB, 0xFF, 
0xFF, 0xFF, 0xFF, 0xFF, 0xFF, 0xFF, 0xFF, 0xFF, 0xFF, 0xF3, 0x00, 0x00, 0x00, 0xCB, 0xFF, 0xFF, 
0x00, 0x00, 0x00, 0x00, 0x00, 0x00, 0x00, 0x00, 0x00, 0x00, 0x00, 0x00, 0xCB, 0xFF, 0xFF, 0x00, 
0x00, 0x00, 0x00, 0x00, 0x00, 0x00, 0x00, 0x00, 0x00, 0x00, 0x00, 0xCB, 0xFF, 0xFF, 0x00, 0x00, 
0x00, 0x00, 0x00, 0x00, 0x00, 0x00, 0x00, 0x00, 0x00, 0x00, 0xCB, 0xFF, 0xFF, 0xC3, 0xC3, 0xC3, 
0xC3, 0xC3, 0xC3, 0xC3, 0xC3, 0xC3, 0xC3, 0xC3, 0x15, 0xCB, 0xFF, 0xFF, 0xFF, 0xFF, 0xFF, 0xFF, 
0xFF, 0xFF, 0xFF, 0xFF, 0xFF, 0xFF, 0xFF, 0x1B, 0xCB, 0xFF, 0xFF, 0xFF, 0xFF, 0xFF, 0xFF, 0xFF, 
0xFF, 0xFF, 0xFF, 0xFF, 0xFF, 0xFF, 0x1B, 0x20, 0xFF, 0xFF, 0xAA, 0x00, 0x00, 0xDF, 0xFF, 0xEA, 
0x00, 0x00, 0x9E, 0xFF, 0xFF, 0x29, 0x00, 0x53, 0xD7, 0xD7, 0x55, 0x00, 0x00, 0x00, 0x00, 0x00, 
0x00, 0xCF, 0xFF, 0xF3, 0x00, 0x00, 0xCF, 0xFF, 0xF3, 0x00, 0x00, 0xCF, 0xFF, 0xF3, 0x00, 0x00, 
0xCF, 0xFF, 0xF3, 0x00, 0x00, 0xCF, 0xFF, 0xF3, 0x00, 0x00, 0xCF, 0xFF, 0xF3, 0x00, 0x00, 0xCF, 
0xFF, 0xF3, 0x00, 0x00, 0xCF, 0xFF, 0xF3, 0x00, 0x00, 0xCF, 0xFF, 0xF3, 0x00, 0x00, 0xCF, 0xFF, 
0xF3, 0x00, 0x00, 0xCF, 0xFF, 0xF3, 0x00, 0x00, 0xCF, 0xFF, 0xF3, 0x00, 0x00, 0xCF, 0xFF, 0xF3, 
0x00, 0x00, 0xCF, 0xFF, 0xF3, 0x00, 0x00, 0xCF, 0xFF, 0xF3, 0x00, 0x00, 0x68, 0xFF, 0xFF, 0x5F, 
0x00, 0xA9, 0xFF, 0xFF, 0x20, 0x00, 0xE8, 0xFF, 0xE1, 0x00, 0x1F, 0xD7, 0xD7, 0x8C, 0x00, 0x00, 
0x00, 0x00, 0x00, 0x00, 0x00, 0xCF, 0xFF, 0xF3, 0x00, 0x00, 0xCF, 0xFF, 0xF3, 0x00, 0x00, 0xCF, 
0xFF, 0xF3, 0x00, 0x00, 0xCF, 0xFF, 0xF3, 0x00, 0x00, 0xCF, 0xFF, 0xF3, 0x00, 0x00, 0xCF, 0xFF, 
0xF3, 0x00, 0x00, 0xCF, 0xFF, 0xF3, 0x00, 0x00, 0xCF, 0xFF, 0xF3, 0x00, 0x00, 0xCF, 0xFF, 0xF3, 
0x00, 0x00, 0xCF, 0xFF, 0xF3, 0x00, 0x00, 0xCF, 0xFF, 0xF3, 0x00, 0x00, 0xCF, 0xFF, 0xF3, 0x00, 
0x00, 0xCF, 0xFF, 0xF3, 0x00, 0x00, 0xCF, 0xFF, 0xF3, 0x00, 0x00, 0xCF, 0xFF, 0xF3, 0x00, 0x00, 
0x00, 0x23, 0x6B, 0x51, 0x00, 0x00, 0x00, 0x00, 0xC1, 0xFF, 0xFC, 0x31, 0x00, 0x00, 0x5C, 0xFF, 
0xF7, 0xFF, 0xC6, 0x01, 0x0E, 0xE7, 0xFE, 0x42, 0xD5, 0xFF, 0x62, 0x00, 0x00, 0x00, 0x00, 0x00, 
0x00, 0x00, 0x00, 0x00, 0xCF, 0xFF, 0xF3, 0x00, 0x00, 0x00, 0x00, 0xCF, 0xFF, 0xF3, 0x00, 0x00, 
0x00, 0x00, 0xCF, 0xFF, 0xF3, 0x00, 0x00, 0x00, 0x00, 0xCF, 0xFF, 0xF3, 0x00, 0x00, 0x00, 0x00, 
0xCF, 0xFF, 0xF3, 0x00, 0x00, 0x00, 0x00, 0xCF, 0xFF, 0xF3, 0x00, 0x00, 0x00, 0x00, 0xCF, 0xFF, 
0xF3, 0x00, 0x00, 0x00, 0x00, 0xCF, 0xFF, 0xF3, 0x00, 0x00, 0x00, 0x00, 0xCF, 0xFF, 0xF3, 0x00, 
0x00, 0x00, 0x00, 0xCF, 0xFF, 0xF3, 0x00, 0x00, 0x00, 0x00, 0xCF, 0xFF, 0xF3, 0x00, 0x00, 0x00, 
0x00, 0xCF, 0xFF, 0xF3, 0x00, 0x00, 0x00, 0x00, 0xCF, 0xFF, 0xF3, 0x00, 0x00, 0x00, 0x00, 0xCF, 
0xFF, 0xF3, 0x00, 0x00, 0x00, 0x00, 0xCF, 0xFF, 0xF3, 0x00, 0x00, 0x9B, 0xFF, 0xFF, 0x2B, 0xFF, 
0xFF, 0xBF, 0x9B, 0xFF, 0xFF, 0x2B, 0xFF, 0xFF, 0xBF, 0x79, 0xC7, 0xC7, 0x22, 0xC7, 0xC7, 0x95, 
0x00, 0x00, 0x00, 0x00, 0x00, 0x00, 0x00, 0x00, 0x00, 0xCF, 0xFF, 0xF3, 0x00, 0x00, 0x00, 0x00, 
0xCF, 0xFF, 0xF3, 0x00, 0x00, 0x00, 0x00, 0xCF, 0xFF, 0xF3, 0x00, 0x00, 0x00, 0x00, 0xCF, 0xFF, 
0xF3, 0x00, 0x00, 0x00, 0x00, 0xCF, 0xFF, 0xF3, 0x00, 0x00, 0x00, 0x00, 0xCF, 0xFF, 0xF3, 0x00, 
0x00, 0x00, 0x00, 0xCF, 0xFF, 0xF3, 0x00, 0x00, 0x00, 0x00, 0xCF, 0xFF, 0xF3, 0x00, 0x00, 0x00, 
0x00, 0xCF, 0xFF, 0xF3, 0x00, 0x00, 0x00, 0x00, 0xCF, 0xFF, 0xF3, 0x00, 0x00, 0x00, 0x00, 0xCF, 
0xFF, 0xF3, 0x00, 0x00, 0x00, 0x00, 0xCF, 0xFF, 0xF3, 0x00, 0x00, 0x00, 0x00, 0xCF, 0xFF, 0xF3, 
0x00, 0x00, 0x00, 0x00, 0xCF, 0xFF, 0xF3, 0x00, 0x00, 0x00, 0x00, 0xCF, 0xFF, 0xF3, 0x00, 0x00, 
0x00, 0x00, 0x00, 0x00, 0x9C, 0xD5, 0xC8, 0x71, 0x11, 0x00, 0x00, 0x00, 0x00, 0x00, 0x00, 0x00, 
0x00, 0x00, 0x00, 0x00, 0xF7, 0xFF, 0xFF, 0xFF, 0xF8, 0x95, 0x06, 0x35, 0x00, 0x00, 0x00, 0x00, 
0x00, 0x00, 0x00, 0x00, 0x68, 0x0A, 0x6E, 0xF2, 0xFF, 0xFC, 0xFA, 0xAB, 0x00, 0x00, 0x00, 0x00, 
0x00, 0x00, 0x00, 0x00, 0x00, 0x00, 0x00, 0x1B, 0xA0, 0xED, 0xD5, 0x6C, 0x00, 0x00, 0x00, 0x00, 
0x00, 0x00, 0x00, 0x00, 0x00, 0x00, 0x00, 0x00, 0x00, 0x00, 0x00, 0x00, 0x00, 0x00, 0x00, 0x00, 
0xD3, 0xFF, 0xFF, 0x9B, 0x00, 0x00, 0x00, 0x00, 0x00, 0x00, 0x00, 0x00, 0x7F, 0xFF, 0xFF, 0x47, 
0xD3, 0xFF, 0xFF, 0xFF, 0x73, 0x00, 0x00, 0x00, 0x00, 0x00, 0x00, 0x00, 0x7F, 0xFF, 0xFF, 0x47, 
0xD3, 0xFF, 0xFF, 0xFF, 0xFD, 0x4F, 0x00, 0x00, 0x00, 0x00, 0x00, 0x00, 0x7F, 0xFF, 0xFF, 0x47, 
0xD3, 0xFF, 0xFF, 0xFF, 0xFF, 0xF4, 0x30, 0x00, 0x00, 0x00, 0x00, 0x00, 0x7F, 0xFF, 0xFF, 0x47, 
0xD3, 0xFF, 0xF0, 0xA5, 0xFF, 0xFF, 0xE3, 0x19, 0x00, 0x00, 0x00, 0x00, 0x7F, 0xFF, 0xFF, 0x47, 
0xD3, 0xFF, 0xEF, 0x07, 0xC5, 0xFF, 0xFF, 0xCB, 0x0A, 0x00, 0x00, 0x00, 0x7F, 0xFF, 0xFF, 0x47, 
0xD3, 0xFF, 0xEF, 0x00, 0x15, 0xDE, 0xFF, 0xFF, 0xAC, 0x01, 0x00, 0x00, 0x7F, 0xFF, 0xFF, 0x47, 
0xD3, 0xFF, 0xEF, 0x00, 0x00, 0x2A, 0xF0, 0xFF, 0xFF, 0x86, 0x00, 0x00, 0x7F, 0xFF, 0xFF, 0x47, 
0xD3, 0xFF, 0xEF, 0x00, 0x00, 0x00, 0x45, 0xFB, 0xFF, 0xFF, 0x5F, 0x00, 0x7F, 0xFF, 0xFF, 0x47, 
0xD3, 0xFF, 0xEF, 0x00, 0x00, 0x00, 0x00, 0x68, 0xFF, 0xFF, 0xF9, 0x3E, 0x7F, 0xFF, 0xFF, 0x47, 
0xD3, 0xFF, 0xEF, 0x00, 0x00, 0x00, 0x00, 0x00, 0x8E, 0xFF, 0xFF, 0xEC, 0xA3, 0xFF, 0xFF, 0x47, 
0xD3, 0xFF, 0xEF, 0x00, 0x00, 0x00, 0x00, 0x00, 0x02, 0xB2, 0xFF, 0xFF, 0xFF, 0xFF, 0xFF, 0x47, 
0xD3, 0xFF, 0xEF, 0x00, 0x00, 0x00, 0x00, 0x00, 0x00, 0x0C, 0xCF, 0xFF, 0xFF, 0xFF, 0xFF, 0x47, 
0xD3, 0xFF, 0xEF, 0x00, 0x00, 0x00, 0x00, 0x00, 0x00, 0x00, 0x1C, 0xE6, 0xFF, 0xFF, 0xFF, 0x47, 
0xD3, 0xFF, 0xEF, 0x00, 0x00, 0x00, 0x00, 0x00, 0x00, 0x00, 0x00, 0x33, 0xF5, 0xFF, 0xFF, 0x47, 
0x00, 0x00, 0x00, 0x00, 0x00, 0x00, 0xC0, 0xFF, 0xFC, 0x0F, 0x00, 0x00, 0x00, 0x00, 0x00, 0x00, 
0x00, 0x00, 0x00, 0x00, 0x00, 0x00, 0x7F, 0xFF, 0xFF, 0x4C, 0x00, 0x00, 0x00, 0x00, 0x00, 0x00, 
0x00, 0x00, 0x00, 0x00, 0x00, 0x00, 0x3E, 0xFF, 0xFF, 0x8C, 0x00, 0x00, 0x00, 0x00, 0x00, 0x00, 
0x00, 0x00, 0x00, 0x00, 0x00, 0x00, 0x07, 0xD3, 0xD7, 0xA9, 0x00, 0x00, 0x00, 0x00, 0x00, 0x00, 
0x00, 0x00, 0x00, 0x00, 0x00, 0x00, 0x00, 0x00, 0x00, 0x00, 0x00, 0x00, 0x00, 0x00, 0x00, 0x00, 
0x02, 0x7E, 0xE3, 0xFF, 0xFF, 0xFF, 0xFF, 0xFF, 0xFF, 0xFF, 0xFF, 0xFF, 0xF3, 0xB0, 0x1C, 0x00, 
0x71, 0xFF, 0xFF, 0xFF, 0xFF, 0xFF, 0xFF, 0xFF, 0xFF, 0xFF, 0xFF, 0xFF, 0xFF, 0xFF, 0xCC, 0x02, 
0xCA, 0xFF, 0xFC, 0xC8, 0xC7, 0xC7, 0xC7, 0xC7, 0xC7, 0xC7, 0xC7, 0xC7, 0xE8, 0xFF, 0xFF, 0x29, 
0xDF, 0xFF, 0xE3, 0x00, 0x00, 0x00, 0x00, 0x00, 0x00, 0x00, 0x00, 0x00, 0x8B, 0xFF, 0xFF, 0x3F, 
0xDF, 0xFF, 0xE3, 0x00, 0x00, 0x00, 0x00, 0x00, 0x00, 0x00, 0x00, 0x00, 0x8B, 0xFF, 0xFF, 0x3F, 
0xDF, 0xFF, 0xE3, 0x00, 0x00, 0x00, 0x00, 0x00, 0x00, 0x00, 0x00, 0x00, 0x8B, 0xFF, 0xFF, 0x3F, 
0xDF, 0xFF, 0xE3, 0x00, 0x00, 0x00, 0x00, 0x00, 0x00, 0x00, 0x00, 0x00, 0x8B, 0xFF, 0xFF, 0x3F, 
0xDF, 0xFF, 0xE3, 0x00, 0x00, 0x00, 0x00, 0x00, 0x00, 0x00, 0x00, 0x00, 0x8B, 0xFF, 0xFF, 0x3F, 
0xDF, 0xFF, 0xE3, 0x00, 0x00, 0x00, 0x00, 0x00, 0x00, 0x00, 0x00, 0x00, 0x8B, 0xFF, 0xFF, 0x3F, 
0xDF, 0xFF, 0xE3, 0x00, 0x00, 0x00, 0x00, 0x00, 0x00, 0x00, 0x00, 0x00, 0x8B, 0xFF, 0xFF, 0x3F, 
0xDF, 0xFF, 0xE3, 0x00, 0x00, 0x00, 0x00, 0x00, 0x00, 0x00, 0x00, 0x00, 0x8B, 0xFF, 0xFF, 0x3F, 
0xDF, 0xFF, 0xE3, 0x00, 0x00, 0x00, 0x00, 0x00, 0x00, 0x00, 0x00, 0x00, 0x8B, 0xFF, 0xFF, 0x3F, 
0xCB, 0xFF, 0xFB, 0xC4, 0xC3, 0xC3, 0xC3, 0xC3, 0xC3, 0xC3, 0xC3, 0xC3, 0xE7, 0xFF, 0xFF, 0x2A, 
0x74, 0xFF, 0xFF, 0xFF, 0xFF, 0xFF, 0xFF, 0xFF, 0xFF, 0xFF, 0xFF, 0xFF, 0xFF, 0xFF, 0xCF, 0x02, 
0x03, 0x80, 0xE4, 0xFF, 0xFF, 0xFF, 0xFF, 0xFF, 0xFF, 0xFF, 0xFF, 0xFF, 0xF4, 0xB2, 0x1E, 0x00, 
0x00, 0x00, 0x00, 0x00, 0x00, 0x00, 0x0C, 0xFB, 0xFF, 0xC2, 0x00, 0x00, 0x00, 0x00, 0x00, 0x00, 
0x00, 0x00, 0x00, 0x00, 0x00, 0x00, 0x49, 0xFF, 0xFF, 0x82, 0x00, 0x00, 0x00, 0x00, 0x00, 0x00, 
0x00, 0x00, 0x00, 0x00, 0x00, 0x00, 0x89, 0xFF, 0xFF, 0x41, 0x00, 0x00, 0x00, 0x00, 0x00, 0x00, 
0x00, 0x00, 0x00, 0x00, 0x00, 0x00, 0xA6, 0xD7, 0xD4, 0x09, 0x00, 0x00, 0x00, 0x00, 0x00, 0x00, 
0x00, 0x00, 0x00, 0x00, 0x00, 0x00, 0x00, 0x00, 0x00, 0x00, 0x00, 0x00, 0x00, 0x00, 0x00, 0x00, 
0x02, 0x7E, 0xE3, 0xFF, 0xFF, 0xFF, 0xFF, 0xFF, 0xFF, 0xFF, 0xFF, 0xFF, 0xF3, 0xB0, 0x1C, 0x00, 
0x71, 0xFF, 0xFF, 0xFF, 0xFF, 0xFF, 0xFF, 0xFF, 0xFF, 0xFF, 0xFF, 0xFF, 0xFF, 0xFF, 0xCC, 0x02, 
0xCA, 0xFF, 0xFC, 0xC8, 0xC7, 0xC7, 0xC7, 0xC7, 0xC7, 0xC7, 0xC7, 0xC7, 0xE8, 0xFF, 0xFF, 0x29, 
0xDF, 0xFF, 0xE3, 0x00, 0x00, 0x00, 0x00, 0x00, 0x00, 0x00, 0x00, 0x00, 0x8B, 0xFF, 0xFF, 0x3F, 
0xDF, 0xFF, 0xE3, 0x00, 0x00, 0x00, 0x00, 0x00, 0x00, 0x00, 0x00, 0x00, 0x8B, 0xFF, 0xFF, 0x3F, 
0xDF, 0xFF, 0xE3, 0x00, 0x00, 0x00, 0x00, 0x00, 0x00, 0x00, 0x00, 0x00, 0x8B, 0xFF, 0xFF, 0x3F, 
0xDF, 0xFF, 0xE3, 0x00, 0x00, 0x00, 0x00, 0x00, 0x00, 0x00, 0x00, 0x00, 0x8B, 0xFF, 0xFF, 0x3F, 
0xDF, 0xFF, 0xE3, 0x00, 0x00, 0x00, 0x00, 0x00, 0x00, 0x00, 0x00, 0x00, 0x8B, 0xFF, 0xFF, 0x3F, 
0xDF, 0xFF, 0xE3, 0x00, 0x00, 0x00, 0x00, 0x00, 0x00, 0x00, 0x00, 0x00, 0x8B, 0xFF, 0xFF, 0x3F, 
0xDF, 0xFF, 0xE3, 0x00, 0x00, 0x00, 0x00, 0x00, 0x00, 0x00, 0x00, 0x00, 0x8B, 0xFF, 0xFF, 0x3F, 
0xDF, 0xFF, 0xE3, 0x00, 0x00, 0x00, 0x00, 0x00, 0x00, 0x00, 0x00, 0x00, 0x8B, 0xFF, 0xFF, 0x3F, 
0xDF, 0xFF, 0xE3, 0x00, 0x00, 0x00, 0x00, 0x00, 0x00, 0x00, 0x00, 0x00, 0x8B, 0xFF, 0xFF, 0x3F, 
0xCB, 0xFF, 0xFB, 0xC4, 0xC3, 0xC3, 0xC3, 0xC3, 0xC3, 0xC3, 0xC3, 0xC3, 0xE7, 0xFF, 0xFF, 0x2A, 
0x74, 0xFF, 0xFF, 0xFF, 0xFF, 0xFF, 0xFF, 0xFF, 0xFF, 0xFF, 0xFF, 0xFF, 0xFF, 0xFF, 0xCF, 0x02, 
0x03, 0x80, 0xE4, 0xFF, 0xFF, 0xFF, 0xFF, 0xFF, 0xFF, 0xFF, 0xFF, 0xFF, 0xF4, 0xB2, 0x1E, 0x00, 
0x00, 0x00, 0x00, 0x00, 0x00, 0x00, 0x00, 0x64, 0x6B, 0x0D, 0x00, 0x00, 0x00, 0x00, 0x00, 0x00, 
0x00, 0x00, 0x00, 0x00, 0x00, 0x00, 0x5E, 0xFF, 0xFF, 0x8D, 0x00, 0x00, 0x00, 0x00, 0x00, 0x00, 
0x00, 0x00, 0x00, 0x00, 0x00, 0x0F, 0xE8, 0xFE, 0xF8, 0xFB, 0x2C, 0x00, 0x00, 0x00, 0x00, 0x00, 
0x00, 0x00, 0x00, 0x00, 0x00, 0x92, 0xFF, 0x9D, 0x79, 0xFF, 0xC1, 0x00, 0x00, 0x00, 0x00, 0x00, 
0x00, 0x00, 0x00, 0x00, 0x00, 0x00, 0x00, 0x00, 0x00, 0x00, 0x00, 0x00, 0x00, 0x00, 0x00, 0x00, 
0x02, 0x7E, 0xE3, 0xFF, 0xFF, 0xFF, 0xFF, 0xFF, 0xFF, 0xFF, 0xFF, 0xFF, 0xF3, 0xB0, 0x1C, 0x00, 
0x71, 0xFF, 0xFF, 0xFF, 0xFF, 0xFF, 0xFF, 0xFF, 0xFF, 0xFF, 0xFF, 0xFF, 0xFF, 0xFF, 0xCC, 0x02, 
0xCA, 0xFF, 0xFC, 0xC8, 0xC7, 0xC7, 0xC7, 0xC7, 0xC7, 0xC7, 0xC7, 0xC7, 0xE8, 0xFF, 0xFF, 0x29, 
0xDF, 0xFF, 0xE3, 0x00, 0x00, 0x00, 0x00, 0x00, 0x00, 0x00, 0x00, 0x00, 0x8B, 0xFF, 0xFF, 0x3F, 
0xDF, 0xFF, 0xE3, 0x00, 0x00, 0x00, 0x00, 0x00, 0x00, 0x00, 0x00, 0x00, 0x8B, 0xFF, 0xFF, 0x3F, 
0xDF, 0xFF, 0xE3, 0x00, 0x00, 0x00, 0x00, 0x00, 0x00, 0x00, 0x00, 0x00, 0x8B, 0xFF, 0xFF, 0x3F, 
0xDF, 0xFF, 0xE3, 0x00, 0x00, 0x00, 0x00, 0x00, 0x00, 0x00, 0x00, 0x00, 0x8B, 0xFF, 0xFF, 0x3F, 
0xDF, 0xFF, 0xE3, 0x00, 0x00, 0x00, 0x00, 0x00, 0x00, 0x00, 0x00, 0x00, 0x8B, 0xFF, 0xFF, 0x3F, 
0xDF, 0xFF, 0xE3, 0x00, 0x00, 0x00, 0x00, 0x00, 0x00, 0x00, 0x00, 0x00, 0x8B, 0xFF, 0xFF, 0x3F, 
0xDF, 0xFF, 0xE3, 0x00, 0x00, 0x00, 0x00, 0x00, 0x00, 0x00, 0x00, 0x00, 0x8B, 0xFF, 0xFF, 0x3F, 
0xDF, 0xFF, 0xE3, 0x00, 0x00, 0x00, 0x00, 0x00, 0x00, 0x00, 0x00, 0x00, 0x8B, 0xFF, 0xFF, 0x3F, 
0xDF, 0xFF, 0xE3, 0x00, 0x00, 0x00, 0x00, 0x00, 0x00, 0x00, 0x00, 0x00, 0x8B, 0xFF, 0xFF, 0x3F, 
0xCB, 0xFF, 0xFB, 0xC4, 0xC3, 0xC3, 0xC3, 0xC3, 0xC3, 0xC3, 0xC3, 0xC3, 0xE7, 0xFF, 0xFF, 0x2A, 
0x74, 0xFF, 0xFF, 0xFF, 0xFF, 0xFF, 0xFF, 0xFF, 0xFF, 0xFF, 0xFF, 0xFF, 0xFF, 0xFF, 0xCF, 0x02, 
0x03, 0x80, 0xE4, 0xFF, 0xFF, 0xFF, 0xFF, 0xFF, 0xFF, 0xFF, 0xFF, 0xFF, 0xF4, 0xB2, 0x1E, 0x00, 
0x00, 0x00, 0x00, 0x02, 0xA2, 0xD6, 0xC6, 0x6D, 0x0F, 0x00, 0x00, 0x00, 0x00, 0x00, 0x00, 0x00, 
0x00, 0x00, 0x00, 0x03, 0xFF, 0xFF, 0xFF, 0xFF, 0xF7, 0x8E, 0x08, 0x33, 0x00, 0x00, 0x00, 0x00, 
0x00, 0x00, 0x00, 0x03, 0x67, 0x0A, 0x74, 0xF5, 0xFF, 0xFC, 0xFB, 0x9F, 0x00, 0x00, 0x00, 0x00, 
0x00, 0x00, 0x00, 0x00, 0x00, 0x00, 0x00, 0x1F, 0xA6, 0xEF, 0xD2, 0x63, 0x00, 0x00, 0x00, 0x00, 
0x00, 0x00, 0x00, 0x00, 0x00, 0x00, 0x00, 0x00, 0x00, 0x00, 0x00, 0x00, 0x00, 0x00, 0x00, 0x00, 
0x02, 0x7E, 0xE3, 0xFF, 0xFF, 0xFF, 0xFF, 0xFF, 0xFF, 0xFF, 0xFF, 0xFF, 0xF3, 0xB0, 0x1C, 0x00, 
0x71, 0xFF, 0xFF, 0xFF, 0xFF, 0xFF, 0xFF, 0xFF, 0xFF, 0xFF, 0xFF, 0xFF, 0xFF, 0xFF, 0xCC, 0x02, 
0xCA, 0xFF, 0xFC, 0xC8, 0xC7, 0xC7, 0xC7, 0xC7, 0xC7, 0xC7, 0xC7, 0xC7, 0xE8, 0xFF, 0xFF, 0x29, 
0xDF, 0xFF, 0xE3, 0x00, 0x00, 0x00, 0x00, 0x00, 0x00, 0x00, 0x00, 0x00, 0x8B, 0xFF, 0xFF, 0x3F, 
0xDF, 0xFF, 0xE3, 0x00, 0x00, 0x00, 0x00, 0x00, 0x00, 0x00, 0x00, 0x00, 0x8B, 0xFF, 0xFF, 0x3F, 
0xDF, 0xFF, 0xE3, 0x00, 0x00, 0x00, 0x00, 0x00, 0x00, 0x00, 0x00, 0x00, 0x8B, 0xFF, 0xFF, 0x3F, 
0xDF, 0xFF, 0xE3, 0x00, 0x00, 0x00, 0x00, 0x00, 0x00, 0x00, 0x00, 0x00, 0x8B, 0xFF, 0xFF, 0x3F, 
0xDF, 0xFF, 0xE3, 0x00, 0x00, 0x00, 0x00, 0x00, 0x00, 0x00, 0x00, 0x00, 0x8B, 0xFF, 0xFF, 0x3F, 
0xDF, 0xFF, 0xE3, 0x00, 0x00, 0x00, 0x00, 0x00, 0x00, 0x00, 0x00, 0x00, 0x8B, 0xFF, 0xFF, 0x3F, 
0xDF, 0xFF, 0xE3, 0x00, 0x00, 0x00, 0x00, 0x00, 0x00, 0x00, 0x00, 0x00, 0x8B, 0xFF, 0xFF, 0x3F, 
0xDF, 0xFF, 0xE3, 0x00, 0x00, 0x00, 0x00, 0x00, 0x00, 0x00, 0x00, 0x00, 0x8B, 0xFF, 0xFF, 0x3F, 
0xDF, 0xFF, 0xE3, 0x00, 0x00, 0x00, 0x00, 0x00, 0x00, 0x00, 0x00, 0x00, 0x8B, 0xFF, 0xFF, 0x3F, 
0xCB, 0xFF, 0xFB, 0xC4, 0xC3, 0xC3, 0xC3, 0xC3, 0xC3, 0xC3, 0xC3, 0xC3, 0xE7, 0xFF, 0xFF, 0x2A, 
0x74, 0xFF, 0xFF, 0xFF, 0xFF, 0xFF, 0xFF, 0xFF, 0xFF, 0xFF, 0xFF, 0xFF, 0xFF, 0xFF, 0xCF, 0x02, 
0x03, 0x80, 0xE4, 0xFF, 0xFF, 0xFF, 0xFF, 0xFF, 0xFF, 0xFF, 0xFF, 0xFF, 0xF4, 0xB2, 0x1E, 0x00, 
0x00, 0x00, 0x00, 0x00, 0x3B, 0xFF, 0xFF, 0x83, 0xA3, 0xFF, 0xFF, 0x1F, 0x00, 0x00, 0x00, 0x00, 
0x00, 0x00, 0x00, 0x00, 0x3B, 0xFF, 0xFF, 0x83, 0xA3, 0xFF, 0xFF, 0x1F, 0x00, 0x00, 0x00, 0x00, 
0x00, 0x00, 0x00, 0x00, 0x2E, 0xC7, 0xC7, 0x67, 0x80, 0xC7, 0xC7, 0x18, 0x00, 0x00, 0x00, 0x00, 
0x00, 0x00, 0x00, 0x00, 0x00, 0x00, 0x00, 0x00, 0x00, 0x00, 0x00, 0x00, 0x00, 0x00, 0x00, 0x00, 
0x02, 0x7E, 0xE3, 0xFF, 0xFF, 0xFF, 0xFF, 0xFF, 0xFF, 0xFF, 0xFF, 0xFF, 0xF3, 0xB0, 0x1C, 0x00, 
0x71, 0xFF, 0xFF, 0xFF, 0xFF, 0xFF, 0xFF, 0xFF, 0xFF, 0xFF, 0xFF, 0xFF, 0xFF, 0xFF, 0xCC, 0x02, 
0xCA, 0xFF, 0xFC, 0xC8, 0xC7, 0xC7, 0xC7, 0xC7, 0xC7, 0xC7, 0xC7, 0xC7, 0xE8, 0xFF, 0xFF, 0x29, 
0xDF, 0xFF, 0xE3, 0x00, 0x00, 0x00, 0x00, 0x00, 0x00, 0x00, 0x00, 0x00, 0x8B, 0xFF, 0xFF, 0x3F, 
0xDF, 0xFF, 0xE3, 0x00, 0x00, 0x00, 0x00, 0x00, 0x00, 0x00, 0x00, 0x00, 0x8B, 0xFF, 0xFF, 0x3F, 
0xDF, 0xFF, 0xE3, 0x00, 0x00, 0x00, 0x00, 0x00, 0x00, 0x00, 0x00, 0x00, 0x8B, 0xFF, 0xFF, 0x3F, 
0xDF, 0xFF, 0xE3, 0x00, 0x00, 0x00, 0x00, 0x00, 0x00, 0x00, 0x00, 0x00, 0x8B, 0xFF, 0xFF, 0x3F, 
0xDF, 0xFF, 0xE3, 0x00, 0x00, 0x00, 0x00, 0x00, 0x00, 0x00, 0x00, 0x00, 0x8B, 0xFF, 0xFF, 0x3F, 
0xDF, 0xFF, 0xE3, 0x00, 0x00, 0x00, 0x00, 0x00, 0x00, 0x00, 0x00, 0x00, 0x8B, 0xFF, 0xFF, 0x3F, 
0xDF, 0xFF, 0xE3, 0x00, 0x00, 0x00, 0x00, 0x00, 0x00, 0x00, 0x00, 0x00, 0x8B, 0xFF, 0xFF, 0x3F, 
0xDF, 0xFF, 0xE3, 0x00, 0x00, 0x00, 0x00, 0x00, 0x00, 0x00, 0x00, 0x00, 0x8B, 0xFF, 0xFF, 0x3F, 
0xDF, 0xFF, 0xE3, 0x00, 0x00, 0x00, 0x00, 0x00, 0x00, 0x00, 0x00, 0x00, 0x8B, 0xFF, 0xFF, 0x3F, 
0xCB, 0xFF, 0xFB, 0xC4, 0xC3, 0xC3, 0xC3, 0xC3, 0xC3, 0xC3, 0xC3, 0xC3, 0xE7, 0xFF, 0xFF, 0x2A, 
0x74, 0xFF, 0xFF, 0xFF, 0xFF, 0xFF, 0xFF, 0xFF, 0xFF, 0xFF, 0xFF, 0xFF, 0xFF, 0xFF, 0xCF, 0x02, 
0x03, 0x80, 0xE4, 0xFF, 0xFF, 0xFF, 0xFF, 0xFF, 0xFF, 0xFF, 0xFF, 0xFF, 0xF4, 0xB2, 0x1E, 0x00, 
0xDB, 0xFF, 0xFF, 0x77, 0x00, 0x0B, 0xD9, 0xFF, 0xFF, 0x73, 0x49, 0xFE, 0xFF, 0xFA, 0x36, 0xA0, 
0xFF, 0xFF, 0xD4, 0x0B, 0x00, 0x82, 0xFF, 0xFF, 0xED, 0xFF, 0xFF, 0xF3, 0x28, 0x00, 0x00, 0x02, 
0xBA, 0xFF, 0xFF, 0xFF, 0xFF, 0x57, 0x00, 0x00, 0x00, 0x00, 0x29, 0xFF, 0xFF, 0xFF, 0xC4, 0x00, 
0x00, 0x00, 0x00, 0x02, 0xBA, 0xFF, 0xFF, 0xFF, 0xFF, 0x56, 0x00, 0x00, 0x00, 0x80, 0xFF, 0xFF, 
0xEF, 0xFF, 0xFF, 0xF2, 0x26, 0x00, 0x46, 0xFD, 0xFF, 0xFB, 0x37, 0xA2, 0xFF, 0xFF, 0xD2, 0x0A, 
0xDA, 0xFF, 0xFF, 0x78, 0x00, 0x0C, 0xD9, 0xFF, 0xFF, 0x72, 0x00, 0x00, 0x00, 0x00, 0x00, 0x00, 
0xC0, 0xFF, 0xFC, 0x0F, 0x00, 0x00, 0x00, 0x00, 0x00, 0x00, 0x00, 0x00, 0x00, 0x00, 0x00, 0x00, 
0x7F, 0xFF, 0xFF, 0x4C, 0x00, 0x00, 0x00, 0x00, 0x00, 0x00, 0x00, 0x00, 0x00, 0x00, 0x00, 0x00, 
0x3E, 0xFF, 0xFF, 0x8C, 0x00, 0x00, 0x00, 0x00, 0x00, 0x00, 0x00, 0x00, 0x00, 0x00, 0x00, 0x00, 
0x07, 0xD3, 0xD7, 0xA9, 0x00, 0x00, 0x00, 0x00, 0x00, 0x00, 0x00, 0x00, 0x00, 0x00, 0x00, 0x00, 
0x00, 0x00, 0x00, 0x00, 0x00, 0x00, 0x00, 0x00, 0x00, 0x00, 0xDF, 0xFF, 0xE3, 0x00, 0x00, 0x00, 
0x00, 0x00, 0x00, 0x00, 0x00, 0x00, 0x8B, 0xFF, 0xFF, 0x3F, 0xDF, 0xFF, 0xE3, 0x00, 0x00, 0x00, 
0x00, 0x00, 0x00, 0x00, 0x00, 0x00, 0x8B, 0xFF, 0xFF, 0x3F, 0xDF, 0xFF, 0xE3, 0x00, 0x00, 0x00, 
0x00, 0x00, 0x00, 0x00, 0x00, 0x00, 0x8B, 0xFF, 0xFF, 0x3F, 0xDF, 0xFF, 0xE3, 0x00, 0x00, 0x00, 
0x00, 0x00, 0x00, 0x00, 0x00, 0x00, 0x8B, 0xFF, 0xFF, 0x3F, 0xDF, 0xFF, 0xE3, 0x00, 0x00, 0x00, 
0x00, 0x00, 0x00, 0x00, 0x00, 0x00, 0x8B, 0xFF, 0xFF, 0x3F, 0xDF, 0xFF, 0xE3, 0x00, 0x00, 0x00, 
0x00, 0x00, 0x00, 0x00, 0x00, 0x00, 0x8B, 0xFF, 0xFF, 0x3F, 0xDF, 0xFF, 0xE3, 0x00, 0x00, 0x00, 
0x00, 0x00, 0x00, 0x00, 0x00, 0x00, 0x8B, 0xFF, 0xFF, 0x3F, 0xDF, 0xFF, 0xE3, 0x00, 0x00, 0x00, 
0x00, 0x00, 0x00, 0x00, 0x00, 0x00, 0x8B, 0xFF, 0xFF, 0x3F, 0xDF, 0xFF, 0xE3, 0x00, 0x00, 0x00, 
0x00, 0x00, 0x00, 0x00, 0x00, 0x00, 0x8B, 0xFF, 0xFF, 0x3F, 0xDF, 0xFF, 0xE3, 0x00, 0x00, 0x00, 
0x00, 0x00, 0x00, 0x00, 0x00, 0x00, 0x8B, 0xFF, 0xFF, 0x3F, 0xDF, 0xFF, 0xE3, 0x00, 0x00, 0x00, 
0x00, 0x00, 0x00, 0x00, 0x00, 0x00, 0x8B, 0xFF, 0xFF, 0x3F, 0xDF, 0xFF, 0xE3, 0x00, 0x00, 0x00, 
0x00, 0x00, 0x00, 0x00, 0x00, 0x00, 0x8B, 0xFF, 0xFF, 0x3F, 0xCB, 0xFF, 0xFB, 0xC4, 0xC3, 0xC3, 
0xC3, 0xC3, 0xC3, 0xC3, 0xC3, 0xC3, 0xE7, 0xFF, 0xFF, 0x2A, 0x74, 0xFF, 0xFF, 0xFF, 0xFF, 0xFF, 
0xFF, 0xFF, 0xFF, 0xFF, 0xFF, 0xFF, 0xFF, 0xFF, 0xCF, 0x02, 0x03, 0x80, 0xE4, 0xFF, 0xFF, 0xFF, 
0xFF, 0xFF, 0xFF, 0xFF, 0xFF, 0xFF, 0xF4, 0xB2, 0x1E, 0x00, 0x00, 0x00, 0x00, 0x00, 0x00, 0x00, 
0x0C, 0xFB, 0xFF, 0xC2, 0x00, 0x00, 0x00, 0x00, 0x00, 0x00, 0x00, 0x00, 0x00, 0x00, 0x00, 0x00, 
0x49, 0xFF, 0xFF, 0x82, 0x00, 0x00, 0x00, 0x00, 0x00, 0x00, 0x00, 0x00, 0x00, 0x00, 0x00, 0x00, 
0x89, 0xFF, 0xFF, 0x41, 0x00, 0x00, 0x00, 0x00, 0x00, 0x00, 0x00, 0x00, 0x00, 0x00, 0x00, 0x00, 
0xA6, 0xD7, 0xD4, 0x09, 0x00, 0x00, 0x00, 0x00, 0x00, 0x00, 0x00, 0x00, 0x00, 0x00, 0x00, 0x00, 
0x00, 0x00, 0x00, 0x00, 0x00, 0x00, 0x00, 0x00, 0x00, 0x00, 0xDF, 0xFF, 0xE3, 0x00, 0x00, 0x00, 
0x00, 0x00, 0x00, 0x00, 0x00, 0x00, 0x8B, 0xFF, 0xFF, 0x3F, 0xDF, 0xFF, 0xE3, 0x00, 0x00, 0x00, 
0x00, 0x00, 0x00, 0x00, 0x00, 0x00, 0x8B, 0xFF, 0xFF, 0x3F, 0xDF, 0xFF, 0xE3, 0x00, 0x00, 0x00, 
0x00, 0x00, 0x00, 0x00, 0x00, 0x00, 0x8B, 0xFF, 0xFF, 0x3F, 0xDF, 0xFF, 0xE3, 0x00, 0x00, 0x00, 
0x00, 0x00, 0x00, 0x00, 0x00, 0x00, 0x8B, 0xFF, 0xFF, 0x3F, 0xDF, 0xFF, 0xE3, 0x00, 0x00, 0x00, 
0x00, 0x00, 0x00, 0x00, 0x00, 0x00, 0x8B, 0xFF, 0xFF, 0x3F, 0xDF, 0xFF, 0xE3, 0x00, 0x00, 0x00, 
0x00, 0x00, 0x00, 0x00, 0x00, 0x00, 0x8B, 0xFF, 0xFF, 0x3F, 0xDF, 0xFF, 0xE3, 0x00, 0x00, 0x00, 
0x00, 0x00, 0x00, 0x00, 0x00, 0x00, 0x8B, 0xFF, 0xFF, 0x3F, 0xDF, 0xFF, 0xE3, 0x00, 0x00, 0x00, 
0x00, 0x00, 0x00, 0x00, 0x00, 0x00, 0x8B, 0xFF, 0xFF, 0x3F, 0xDF, 0xFF, 0xE3, 0x00, 0x00, 0x00, 
0x00, 0x00, 0x00, 0x00, 0x00, 0x00, 0x8B, 0xFF, 0xFF, 0x3F, 0xDF, 0xFF, 0xE3, 0x00, 0x00, 0x00, 
0x00, 0x00, 0x00, 0x00, 0x00, 0x00, 0x8B, 0xFF, 0xFF, 0x3F, 0xDF, 0xFF, 0xE3, 0x00, 0x00, 0x00, 
0x00, 0x00, 0x00, 0x00, 0x00, 0x00, 0x8B, 0xFF, 0xFF, 0x3F, 0xDF, 0xFF, 0xE3, 0x00, 0x00, 0x00, 
0x00, 0x00, 0x00, 0x00, 0x00, 0x00, 0x8B, 0xFF, 0xFF, 0x3F, 0xCB, 0xFF, 0xFB, 0xC4, 0xC3, 0xC3, 
0xC3, 0xC3, 0xC3, 0xC3, 0xC3, 0xC3, 0xE7, 0xFF, 0xFF, 0x2A, 0x74, 0xFF, 0xFF, 0xFF, 0xFF, 0xFF, 
0xFF, 0xFF, 0xFF, 0xFF, 0xFF, 0xFF, 0xFF, 0xFF, 0xCF, 0x02, 0x03, 0x80, 0xE4, 0xFF, 0xFF, 0xFF, 
0xFF, 0xFF, 0xFF, 0xFF, 0xFF, 0xFF, 0xF4, 0xB2, 0x1E, 0x00, 0x00, 0x00, 0x00, 0x00, 0x00, 0x00, 
0x00, 0x64, 0x6B, 0x0D, 0x00, 0x00, 0x00, 0x00, 0x00, 0x00, 0x00, 0x00, 0x00, 0x00, 0x00, 0x00, 
0x5E, 0xFF, 0xFF, 0x8D, 0x00, 0x00, 0x00, 0x00, 0x00, 0x00, 0x00, 0x00, 0x00, 0x00, 0x00, 0x0F, 
0xE8, 0xFE, 0xF8, 0xFB, 0x2C, 0x00, 0x00, 0x00, 0x00, 0x00, 0x00, 0x00, 0x00, 0x00, 0x00, 0x92, 
0xFF, 0x9D, 0x79, 0xFF, 0xC1, 0x00, 0x00, 0x00, 0x00, 0x00, 0x00, 0x00, 0x00, 0x00, 0x00, 0x00, 
0x00, 0x00, 0x00, 0x00, 0x00, 0x00, 0x00, 0x00, 0x00, 0x00, 0xDF, 0xFF, 0xE3, 0x00, 0x00, 0x00, 
0x00, 0x00, 0x00, 0x00, 0x00, 0x00, 0x8B, 0xFF, 0xFF, 0x3F, 0xDF, 0xFF, 0xE3, 0x00, 0x00, 0x00, 
0x00, 0x00, 0x00, 0x00, 0x00, 0x00, 0x8B, 0xFF, 0xFF, 0x3F, 0xDF, 0xFF, 0xE3, 0x00, 0x00, 0x00, 
0x00, 0x00, 0x00, 0x00, 0x00, 0x00, 0x8B, 0xFF, 0xFF, 0x3F, 0xDF, 0xFF, 0xE3, 0x00, 0x00, 0x00, 
0x00, 0x00, 0x00, 0x00, 0x00, 0x00, 0x8B, 0xFF, 0xFF, 0x3F, 0xDF, 0xFF, 0xE3, 0x00, 0x00, 0x00, 
0x00, 0x00, 0x00, 0x00, 0x00, 0x00, 0x8B, 0xFF, 0xFF, 0x3F, 0xDF, 0xFF, 0xE3, 0x00, 0x00, 0x00, 
0x00, 0x00, 0x00, 0x00, 0x00, 0x00, 0x8B, 0xFF, 0xFF, 0x3F, 0xDF, 0xFF, 0xE3, 0x00, 0x00, 0x00, 
0x00, 0x00, 0x00, 0x00, 0x00, 0x00, 0x8B, 0xFF, 0xFF, 0x3F, 0xDF, 0xFF, 0xE3, 0x00, 0x00, 0x00, 
0x00, 0x00, 0x00, 0x00, 0x00, 0x00, 0x8B, 0xFF, 0xFF, 0x3F, 0xDF, 0xFF, 0xE3, 0x00, 0x00, 0x00, 
0x00, 0x00, 0x00, 0x00, 0x00, 0x00, 0x8B, 0xFF, 0xFF, 0x3F, 0xDF, 0xFF, 0xE3, 0x00, 0x00, 0x00, 
0x00, 0x00, 0x00, 0x00, 0x00, 0x00, 0x8B, 0xFF, 0xFF, 0x3F, 0xDF, 0xFF, 0xE3, 0x00, 0x00, 0x00, 
0x00, 0x00, 0x00, 0x00, 0x00, 0x00, 0x8B, 0xFF, 0xFF, 0x3F, 0xDF, 0xFF, 0xE3, 0x00, 0x00, 0x00, 
0x00, 0x00, 0x00, 0x00, 0x00, 0x00, 0x8B, 0xFF, 0xFF, 0x3F, 0xCB, 0xFF, 0xFB, 0xC4, 0xC3, 0xC3, 
0xC3, 0xC3, 0xC3, 0xC3, 0xC3, 0xC3, 0xE7, 0xFF, 0xFF, 0x2A, 0x74, 0xFF, 0xFF, 0xFF, 0xFF, 0xFF, 
0xFF, 0xFF, 0xFF, 0xFF, 0xFF, 0xFF, 0xFF, 0xFF, 0xCF, 0x02, 0x03, 0x80, 0xE4, 0xFF, 0xFF, 0xFF, 
0xFF, 0xFF, 0xFF, 0xFF, 0xFF, 0xFF, 0xF4, 0xB2, 0x1E, 0x00, 0x00, 0x00, 0x00, 0x00, 0x3B, 0xFF, 
0xFF, 0x83, 0xA3, 0xFF, 0xFF, 0x1F, 0x00, 0x00, 0x00, 0x00, 0x00, 0x00, 0x00, 0x00, 0x3B, 0xFF, 
0xFF, 0x83, 0xA3, 0xFF, 0xFF, 0x1F, 0x00, 0x00, 0x00, 0x00, 0x00, 0x00, 0x00, 0x00, 0x2E, 0xC7, 
0xC7, 0x67, 0x80, 0xC7, 0xC7, 0x18, 0x00, 0x00, 0x00, 0x00, 0x00, 0x00, 0x00, 0x00, 0x00, 0x00, 
0x00, 0x00, 0x00, 0x00, 0x00, 0x00, 0x00, 0x00, 0x00, 0x00, 0xDF, 0xFF, 0xE3, 0x00, 0x00, 0x00, 
0x00, 0x00, 0x00, 0x00, 0x00, 0x00, 0x8B, 0xFF, 0xFF, 0x3F, 0xDF, 0xFF, 0xE3, 0x00, 0x00, 0x00, 
0x00, 0x00, 0x00, 0x00, 0x00, 0x00, 0x8B, 0xFF, 0xFF, 0x3F, 0xDF, 0xFF, 0xE3, 0x00, 0x00, 0x00, 
0x00, 0x00, 0x00, 0x00, 0x00, 0x00, 0x8B, 0xFF, 0xFF, 0x3F, 0xDF, 0xFF, 0xE3, 0x00, 0x00, 0x00, 
0x00, 0x00, 0x00, 0x00, 0x00, 0x00, 0x8B, 0xFF, 0xFF, 0x3F, 0xDF, 0xFF, 0xE3, 0x00, 0x00, 0x00, 
0x00, 0x00, 0x00, 0x00, 0x00, 0x00, 0x8B, 0xFF, 0xFF, 0x3F, 0xDF, 0xFF, 0xE3, 0x00, 0x00, 0x00, 
0x00, 0x00, 0x00, 0x00, 0x00, 0x00, 0x8B, 0xFF, 0xFF, 0x3F, 0xDF, 0xFF, 0xE3, 0x00, 0x00, 0x00, 
0x00, 0x00, 0x00, 0x00, 0x00, 0x00, 0x8B, 0xFF, 0xFF, 0x3F, 0xDF, 0xFF, 0xE3, 0x00, 0x00, 0x00, 
0x00, 0x00, 0x00, 0x00, 0x00, 0x00, 0x8B, 0xFF, 0xFF, 0x3F, 0xDF, 0xFF, 0xE3, 0x00, 0x00, 0x00, 
0x00, 0x00, 0x00, 0x00, 0x00, 0x00, 0x8B, 0xFF, 0xFF, 0x3F, 0xDF, 0xFF, 0xE3, 0x00, 0x00, 0x00, 
0x00, 0x00, 0x00, 0x00, 0x00, 0x00, 0x8B, 0xFF, 0xFF, 0x3F, 0xDF, 0xFF, 0xE3, 0x00, 0x00, 0x00, 
0x00, 0x00, 0x00, 0x00, 0x00, 0x00, 0x8B, 0xFF, 0xFF, 0x3F, 0xDF, 0xFF, 0xE3, 0x00, 0x00, 0x00, 
0x00, 0x00, 0x00, 0x00, 0x00, 0x00, 0x8B, 0xFF, 0xFF, 0x3F, 0xCB, 0xFF, 0xFB, 0xC4, 0xC3, 0xC3, 
0xC3, 0xC3, 0xC3, 0xC3, 0xC3, 0xC3, 0xE7, 0xFF, 0xFF, 0x2A, 0x74, 0xFF, 0xFF, 0xFF, 0xFF, 0xFF, 
0xFF, 0xFF, 0xFF, 0xFF, 0xFF, 0xFF, 0xFF, 0xFF, 0xCF, 0x02, 0x03, 0x80, 0xE4, 0xFF, 0xFF, 0xFF, 
0xFF, 0xFF, 0xFF, 0xFF, 0xFF, 0xFF, 0xF4, 0xB2, 0x1E, 0x00, 0x00, 0x00, 0x00, 0x00, 0x00, 0x00, 
0x00, 0x44, 0xFF, 0xFF, 0x86, 0x00, 0x00, 0x00, 0x00, 0x00, 0x00, 0x00, 0x00, 0x00, 0x00, 0x00, 
0x00, 0x00, 0x00, 0x83, 0xFF, 0xFF, 0x46, 0x00, 0x00, 0x00, 0x00, 0x00, 0x00, 0x00, 0x00, 0x00, 
0x00, 0x00, 0x00, 0x00, 0x00, 0xC2, 0xFF, 0xFA, 0x0B, 0x00, 0x00, 0x00, 0x00, 0x00, 0x00, 0x00, 
0x00, 0x00, 0x00, 0x00, 0x00, 0x00, 0x04, 0xD1, 0xD7, 0xAB, 0x00, 0x00, 0x00, 0x00, 0x00, 0x00, 
0x00, 0x00, 0x00, 0x00, 0x00, 0x00, 0x00, 0x00, 0x00, 0x00, 0x00, 0x00, 0x00, 0x00, 0x00, 0x00, 
0x00, 0x00, 0x00, 0x00, 0x4A, 0xFE, 0xFF, 0xEA, 0x1E, 0x00, 0x00, 0x00, 0x00, 0x00, 0x00, 0x00, 
0x00, 0x9D, 0xFF, 0xFF, 0xBA, 0x02, 0x00, 0x8A, 0xFF, 0xFF, 0xCD, 0x08, 0x00, 0x00, 0x00, 0x00, 
0x00, 0x00, 0x67, 0xFF, 0xFF, 0xE7, 0x16, 0x00, 0x00, 0x04, 0xC7, 0xFF, 0xFF, 0xA1, 0x00, 0x00, 
0x00, 0x00, 0x00, 0x38, 0xF9, 0xFF, 0xFD, 0x42, 0x00, 0x00, 0x00, 0x00, 0x1F, 0xEE, 0xFF, 0xFF, 
0x6D, 0x00, 0x00, 0x00, 0x17, 0xE4, 0xFF, 0xFF, 0x80, 0x00, 0x00, 0x00, 0x00, 0x00, 0x00, 0x4F, 
0xFF, 0xFF, 0xFB, 0x3E, 0x00, 0x04, 0xC1, 0xFF, 0xFF, 0xBF, 0x02, 0x00, 0x00, 0x00, 0x00, 0x00, 
0x00, 0x00, 0x90, 0xFF, 0xFF, 0xE9, 0x1C, 0x90, 0xFF, 0xFF, 0xEA, 0x19, 0x00, 0x00, 0x00, 0x00, 
0x00, 0x00, 0x00, 0x00, 0x06, 0xCB, 0xFF, 0xFF, 0xE1, 0xFF, 0xFF, 0xFE, 0x47, 0x00, 0x00, 0x00, 
0x00, 0x00, 0x00, 0x00, 0x00, 0x00, 0x00, 0x22, 0xF0, 0xFF, 0xFF, 0xFF, 0xFF, 0x86, 0x00, 0x00, 
0x00, 0x00, 0x00, 0x00, 0x00, 0x00, 0x00, 0x00, 0x00, 0x00, 0x55, 0xFF, 0xFF, 0xFF, 0xC4, 0x04, 
0x00, 0x00, 0x00, 0x00, 0x00, 0x00, 0x00, 0x00, 0x00, 0x00, 0x00, 0x00, 0x00, 0xB7, 0xFF, 0xFF, 
0x2B, 0x00, 0x00, 0x00, 0x00, 0x00, 0x00, 0x00, 0x00, 0x00, 0x00, 0x00, 0x00, 0x00, 0x00, 0xA7, 
0xFF, 0xFF, 0x1B, 0x00, 0x00, 0x00, 0x00, 0x00, 0x00, 0x00, 0x00, 0x00, 0x00, 0x00, 0x00, 0x00, 
0x00, 0xA7, 0xFF, 0xFF, 0x1B, 0x00, 0x00, 0x00, 0x00, 0x00, 0x00, 0x00, 0x00, 0x00, 0x00, 0x00, 
0x00, 0x00, 0x00, 0xA7, 0xFF, 0xFF, 0x1B, 0x00, 0x00, 0x00, 0x00, 0x00, 0x00, 0x00, 0x00, 0x00, 
0x00, 0x00, 0x00, 0x00, 0x00, 0xA7, 0xFF, 0xFF, 0x1B, 0x00, 0x00, 0x00, 0x00, 0x00, 0x00, 0x00, 
0x00, 0x00, 0x00, 0x00, 0x00, 0x00, 0x00, 0xA7, 0xFF, 0xFF, 0x1B, 0x00, 0x00, 0x00, 0x00, 0x00, 
0x00, 0x00, 0x00, 0x75, 0xE0, 0xFF, 0xFF, 0xFF, 0xFF, 0xFF, 0xFF, 0xFF, 0xFF, 0xFF, 0xF3, 0xAC, 
0x18, 0x00, 0x62, 0xFF, 0xFF, 0xFF, 0xFF, 0xFF, 0xFF, 0xFF, 0xFF, 0xFF, 0xFF, 0xFF, 0xFF, 0xFF, 
0xC5, 0x00, 0xBB, 0xFF, 0xFE, 0xC9, 0xC7, 0xC7, 0xC7, 0xC7, 0xC7, 0xC7, 0xC7, 0xC7, 0xEB, 0xFF, 
0xFF, 0x20, 0xCF, 0xFF, 0xEF, 0x00, 0x00, 0x00, 0x00, 0x00, 0x00, 0x00, 0x00, 0x00, 0x97, 0xFF, 
0xFF, 0x27, 0xCF, 0xFF, 0xEF, 0x00, 0x00, 0x00, 0x00, 0x00, 0x00, 0x00, 0x00, 0x00, 0x97, 0xFF, 
0xFF, 0x27, 0xCF, 0xFF, 0xEF, 0x00, 0x00, 0x00, 0x00, 0x00, 0x00, 0x00, 0x00, 0x00, 0x9A, 0xFF, 
0xFF, 0x24, 0xCF, 0xFF, 0xEF, 0x00, 0x47, 0xFF, 0xFF, 0xFF, 0xFF, 0xFF, 0xFF, 0xFF, 0xFF, 0xFF, 
0xE9, 0x01, 0xCF, 0xFF, 0xEF, 0x00, 0x47, 0xFF, 0xFF, 0xFF, 0xFF, 0xFF, 0xFF, 0xFF, 0xFF, 0xFF, 
0xD5, 0x00, 0xCF, 0xFF, 0xEF, 0x00, 0x27, 0x8B, 0x8B, 0x8B, 0x8B, 0x8B, 0x8B, 0x8B, 0xD3, 0xFF, 
0xFF, 0x17, 0xCF, 0xFF, 0xEF, 0x00, 0x00, 0x00, 0x00, 0x00, 0x00, 0x00, 0x00, 0x00, 0x97, 0xFF, 
0xFF, 0x27, 0xCF, 0xFF, 0xEF, 0x00, 0x00, 0x00, 0x00, 0x00, 0x00, 0x00, 0x00, 0x00, 0x97, 0xFF, 
0xFF, 0x27, 0xCF, 0xFF, 0xEF, 0x00, 0x00, 0x00, 0x00, 0x00, 0x00, 0x00, 0x00, 0x00, 0x97, 0xFF, 
0xFF, 0x27, 0xCF, 0xFF, 0xEF, 0x00, 0x35, 0xBF, 0xBF, 0xBF, 0xBF, 0xBF, 0xBF, 0xBF, 0xE8, 0xFF, 
0xFF, 0x13, 0xCF, 0xFF, 0xEF, 0x00, 0x47, 0xFF, 0xFF, 0xFF, 0xFF, 0xFF, 0xFF, 0xFF, 0xFF, 0xFF, 
0xBB, 0x00, 0xCF, 0xFF, 0xEF, 0x00, 0x47, 0xFF, 0xFF, 0xFF, 0xFF, 0xFF, 0xFF, 0xFF, 0xF2, 0xA9, 
0x16, 0x00, 0x00, 0x00, 0x00, 0x00, 0x00, 0xD4, 0xFF, 0xF0, 0x03, 0x00, 0x00, 0x00, 0x00, 0x00, 
0x00, 0x00, 0x00, 0x00, 0x95, 0xFF, 0xFF, 0x34, 0x00, 0x00, 0x00, 0x00, 0x00, 0x00, 0x00, 0x00, 
0x00, 0x55, 0xFF, 0xFF, 0x74, 0x00, 0x00, 0x00, 0x00, 0x00, 0x00, 0x00, 0x00, 0x00, 0x16, 0xD7, 
0xD7, 0x94, 0x00, 0x00, 0x00, 0x00, 0x00, 0x00, 0x00, 0x00, 0x00, 0x00, 0x00, 0x00, 0x00, 0x00, 
0x00, 0x00, 0x00, 0x00, 0x00, 0x00, 0x00, 0x00, 0x00, 0x00, 0x00, 0x00, 0x00, 0x00, 0x00, 0x00, 
0xEB, 0xFF, 0xFF, 0xFF, 0xFF, 0xFF, 0xFF, 0xFF, 0xFF, 0xFA, 0xC7, 0x37, 0x00, 0xEB, 0xFF, 0xFF, 
0xFF, 0xFF, 0xFF, 0xFF, 0xFF, 0xFF, 0xFF, 0xFF, 0xEF, 0x17, 0xB4, 0xC3, 0xC3, 0xC3, 0xC3, 0xC3, 
0xC3, 0xC3, 0xC3, 0xD7, 0xFF, 0xFF, 0x5F, 0x00, 0x00, 0x00, 0x00, 0x00, 0x00, 0x00, 0x00, 0x00, 
0x4B, 0xFF, 0xFF, 0x73, 0xB4, 0xC3, 0xC3, 0xC3, 0xC3, 0xC3, 0xC3, 0xC3, 0xC3, 0xD5, 0xFF, 0xFF, 
0x73, 0xEB, 0xFF, 0xFF, 0xFF, 0xFF, 0xFF, 0xFF, 0xFF, 0xFF, 0xFF, 0xFF, 0xFF, 0x73, 0xEB, 0xFF, 
0xFF, 0xFF, 0xFF, 0xFF, 0xFF, 0xFF, 0xFF, 0xFF, 0xFF, 0xFF, 0x73, 0xEB, 0xFF, 0xD3, 0x00, 0x00, 
0x00, 0x00, 0x00, 0x00, 0x4B, 0xFF, 0xFF, 0x73, 0xEB, 0xFF, 0xD3, 0x00, 0x00, 0x00, 0x00, 0x00, 
0x00, 0x4B, 0xFF, 0xFF, 0x73, 0xD7, 0xFF, 0xF8, 0xBF, 0xBF, 0xBF, 0xBF, 0xBF, 0xBF, 0xD2, 0xFF, 
0xFF, 0x73, 0x7F, 0xFF, 0xFF, 0xFF, 0xFF, 0xFF, 0xFF, 0xFF, 0xFF, 0xFF, 0xFF, 0xFF, 0x73, 0x05, 
0x87, 0xE7, 0xFF, 0xFF, 0xFF, 0xFF, 0xFF, 0xFF, 0xFF, 0xFF, 0xFF, 0x73, 0x00, 0x00, 0x00, 0x00, 
0x00, 0x20, 0xFF, 0xFF, 0xAA, 0x00, 0x00, 0x00, 0x00, 0x00, 0x00, 0x00, 0x00, 0x00, 0x5F, 0xFF, 
0xFF, 0x6A, 0x00, 0x00, 0x00, 0x00, 0x00, 0x00, 0x00, 0x00, 0x00, 0x9E, 0xFF, 0xFF, 0x29, 0x00, 
0x00, 0x00, 0x00, 0x00, 0x00, 0x00, 0x00, 0x00, 0xB7, 0xD7, 0xC9, 0x00, 0x00, 0x00, 0x00, 0x00, 
0x00, 0x00, 0x00, 0x00, 0x00, 0x00, 0x00, 0x00, 0x00, 0x00, 0x00, 0x00, 0x00, 0x00, 0x00, 0x00, 
0x00, 0x00, 0x00, 0x00, 0x00, 0x00, 0x00, 0x00, 0x00, 0x00, 0xEB, 0xFF, 0xFF, 0xFF, 0xFF, 0xFF, 
0xFF, 0xFF, 0xFF, 0xFA, 0xC7, 0x37, 0x00, 0xEB, 0xFF, 0xFF, 0xFF, 0xFF, 0xFF, 0xFF, 0xFF, 0xFF, 
0xFF, 0xFF, 0xEF, 0x17, 0xB4, 0xC3, 0xC3, 0xC3, 0xC3, 0xC3, 0xC3, 0xC3, 0xC3, 0xD7, 0xFF, 0xFF, 
0x5F, 0x00, 0x00, 0x00, 0x00, 0x00, 0x00, 0x00, 0x00, 0x00, 0x4B, 0xFF, 0xFF, 0x73, 0xB4, 0xC3, 
0xC3, 0xC3, 0xC3, 0xC3, 0xC3, 0xC3, 0xC3, 0xD5, 0xFF, 0xFF, 0x73, 0xEB, 0xFF, 0xFF, 0xFF, 0xFF, 
0xFF, 0xFF, 0xFF, 0xFF, 0xFF, 0xFF, 0xFF, 0x73, 0xEB, 0xFF, 0xFF, 0xFF, 0xFF, 0xFF, 0xFF, 0xFF, 
0xFF, 0xFF, 0xFF, 0xFF, 0x73, 0xEB, 0xFF, 0xD3, 0x00, 0x00, 0x00, 0x00, 0x00, 0x00, 0x4B, 0xFF, 
0xFF, 0x73, 0xEB, 0xFF, 0xD3, 0x00, 0x00, 0x00, 0x00, 0x00, 0x00, 0x4B, 0xFF, 0xFF, 0x73, 0xD7, 
0xFF, 0xF8, 0xBF, 0xBF, 0xBF, 0xBF, 0xBF, 0xBF, 0xD2, 0xFF, 0xFF, 0x73, 0x7F, 0xFF, 0xFF, 0xFF, 
0xFF, 0xFF, 0xFF, 0xFF, 0xFF, 0xFF, 0xFF, 0xFF, 0x73, 0x05, 0x87, 0xE7, 0xFF, 0xFF, 0xFF, 0xFF, 
0xFF, 0xFF, 0xFF, 0xFF, 0xFF, 0x73, 0x00, 0x00, 0x00, 0x00, 0x00, 0x05, 0x6A, 0x6A, 0x06, 0x00, 
0x00, 0x00, 0x00, 0x00, 0x00, 0x00, 0x00, 0x00, 0x76, 0xFF, 0xFF, 0x78, 0x00, 0x00, 0x00, 0x00, 
0x00, 0x00, 0x00, 0x00, 0x1C, 0xF4, 0xF9, 0xFD, 0xF4, 0x1D, 0x00, 0x00, 0x00, 0x00, 0x00, 0x00, 
0x00, 0xAA, 0xFF, 0x85, 0x91, 0xFF, 0xAA, 0x00, 0x00, 0x00, 0x00, 0x00, 0x00, 0x00, 0x00, 0x00, 
0x00, 0x00, 0x00, 0x00, 0x00, 0x00, 0x00, 0x00, 0x00, 0x00, 0x00, 0x00, 0x00, 0x00, 0x00, 0x00, 
0x00, 0x00, 0x00, 0x00, 0xEB, 0xFF, 0xFF, 0xFF, 0xFF, 0xFF, 0xFF, 0xFF, 0xFF, 0xFA, 0xC7, 0x37, 
0x00, 0xEB, 0xFF, 0xFF, 0xFF, 0xFF, 0xFF, 0xFF, 0xFF, 0xFF, 0xFF, 0xFF, 0xEF, 0x17, 0xB4, 0xC3, 
0xC3, 0xC3, 0xC3, 0xC3, 0xC3, 0xC3, 0xC3, 0xD7, 0xFF, 0xFF, 0x5F, 0x00, 0x00, 0x00, 0x00, 0x00, 
0x00, 0x00, 0x00, 0x00, 0x4B, 0xFF, 0xFF, 0x73, 0xB4, 0xC3, 0xC3, 0xC3, 0xC3, 0xC3, 0xC3, 0xC3, 
0xC3, 0xD5, 0xFF, 0xFF, 0x73, 0xEB, 0xFF, 0xFF, 0xFF, 0xFF, 0xFF, 0xFF, 0xFF, 0xFF, 0xFF, 0xFF, 
0xFF, 0x73, 0xEB, 0xFF, 0xFF, 0xFF, 0xFF, 0xFF, 0xFF, 0xFF, 0xFF, 0xFF, 0xFF, 0xFF, 0x73, 0xEB, 
0xFF, 0xD3, 0x00, 0x00, 0x00, 0x00, 0x00, 0x00, 0x4B, 0xFF, 0xFF, 0x73, 0xEB, 0xFF, 0xD3, 0x00, 
0x00, 0x00, 0x00, 0x00, 0x00, 0x4B, 0xFF, 0xFF, 0x73, 0xD7, 0xFF, 0xF8, 0xBF, 0xBF, 0xBF, 0xBF, 
0xBF, 0xBF, 0xD2, 0xFF, 0xFF, 0x73, 0x7F, 0xFF, 0xFF, 0xFF, 0xFF, 0xFF, 0xFF, 0xFF, 0xFF, 0xFF, 
0xFF, 0xFF, 0x73, 0x05, 0x87, 0xE7, 0xFF, 0xFF, 0xFF, 0xFF, 0xFF, 0xFF, 0xFF, 0xFF, 0xFF, 0x73, 
0x00, 0x00, 0x0F, 0xA7, 0xD8, 0xC0, 0x63, 0x0B, 0x00, 0x00, 0x00, 0x00, 0x00, 0x00, 0x00, 0x1B, 
0xFF, 0xFF, 0xFF, 0xFF, 0xF2, 0x7A, 0x0D, 0x2F, 0x00, 0x00, 0x00, 0x00, 0x15, 0x57, 0x0C, 0x83, 
0xF9, 0xFF, 0xFA, 0xFC, 0x8B, 0x00, 0x00, 0x00, 0x00, 0x00, 0x00, 0x00, 0x00, 0x29, 0xB0, 0xF0, 
0xCC, 0x55, 0x00, 0x00, 0x00, 0x00, 0x00, 0x00, 0x00, 0x00, 0x00, 0x00, 0x00, 0x00, 0x00, 0x00, 
0x00, 0x00, 0x00, 0x00, 0x00, 0x00, 0x00, 0x00, 0x00, 0x00, 0x00, 0x00, 0x00, 0x00, 0xEB, 0xFF, 
0xFF, 0xFF, 0xFF, 0xFF, 0xFF, 0xFF, 0xFF, 0xFA, 0xC7, 0x37, 0x00, 0xEB, 0xFF, 0xFF, 0xFF, 0xFF, 
0xFF, 0xFF, 0xFF, 0xFF, 0xFF, 0xFF, 0xEF, 0x17, 0xB4, 0xC3, 0xC3, 0xC3, 0xC3, 0xC3, 0xC3, 0xC3, 
0xC3, 0xD7, 0xFF, 0xFF, 0x5F, 0x00, 0x00, 0x00, 0x00, 0x00, 0x00, 0x00, 0x00, 0x00, 0x4B, 0xFF, 
0xFF, 0x73, 0xB4, 0xC3, 0xC3, 0xC3, 0xC3, 0xC3, 0xC3, 0xC3, 0xC3, 0xD5, 0xFF, 0xFF, 0x73, 0xEB, 
0xFF, 0xFF, 0xFF, 0xFF, 0xFF, 0xFF, 0xFF, 0xFF, 0xFF, 0xFF, 0xFF, 0x73, 0xEB, 0xFF, 0xFF, 0xFF, 
0xFF, 0xFF, 0xFF, 0xFF, 0xFF, 0xFF, 0xFF, 0xFF, 0x73, 0xEB, 0xFF, 0xD3, 0x00, 0x00, 0x00, 0x00, 
0x00, 0x00, 0x4B, 0xFF, 0xFF, 0x73, 0xEB, 0xFF, 0xD3, 0x00, 0x00, 0x00, 0x00, 0x00, 0x00, 0x4B, 
0xFF, 0xFF, 0x73, 0xD7, 0xFF, 0xF8, 0xBF, 0xBF, 0xBF, 0xBF, 0xBF, 0xBF, 0xD2, 0xFF, 0xFF, 0x73, 
0x7F, 0xFF, 0xFF, 0xFF, 0xFF, 0xFF, 0xFF, 0xFF, 0xFF, 0xFF, 0xFF, 0xFF, 0x73, 0x05, 0x87, 0xE7, 
0xFF, 0xFF, 0xFF, 0xFF, 0xFF, 0xFF, 0xFF, 0xFF, 0xFF, 0x73, 0x00, 0x00, 0x00, 0x53, 0xFF, 0xFF, 
0x6B, 0xBB, 0xFF, 0xFF, 0x07, 0x00, 0x00, 0x00, 0x00, 0x00, 0x53, 0xFF, 0xFF, 0x6B, 0xBB, 0xFF, 
0xFF, 0x07, 0x00, 0x00, 0x00, 0x00, 0x00, 0x41, 0xC7, 0xC7, 0x54, 0x92, 0xC7, 0xC7, 0x06, 0x00, 
0x00, 0x00, 0x00, 0x00, 0x00, 0x00, 0x00, 0x00, 0x00, 0x00, 0x00, 0x00, 0x00, 0x00, 0x00, 0x00, 
0x00, 0x00, 0x00, 0x00, 0x00, 0x00, 0x00, 0x00, 0x00, 0x00, 0x00, 0xEB, 0xFF, 0xFF, 0xFF, 0xFF, 
0xFF, 0xFF, 0xFF, 0xFF, 0xFA, 0xC7, 0x37, 0x00, 0xEB, 0xFF, 0xFF, 0xFF, 0xFF, 0xFF, 0xFF, 0xFF, 
0xFF, 0xFF, 0xFF, 0xEF, 0x17, 0xB4, 0xC3, 0xC3, 0xC3, 0xC3, 0xC3, 0xC3, 0xC3, 0xC3, 0xD7, 0xFF, 
0xFF, 0x5F, 0x00, 0x00, 0x00, 0x00, 0x00, 0x00, 0x00, 0x00, 0x00, 0x4B, 0xFF, 0xFF, 0x73, 0xB4, 
0xC3, 0xC3, 0xC3, 0xC3, 0xC3, 0xC3, 0xC3, 0xC3, 0xD5, 0xFF, 0xFF, 0x73, 0xEB, 0xFF, 0xFF, 0xFF, 
0xFF, 0xFF, 0xFF, 0xFF, 0xFF, 0xFF, 0xFF, 0xFF, 0x73, 0xEB, 0xFF, 0xFF, 0xFF, 0xFF, 0xFF, 0xFF, 
0xFF, 0xFF, 0xFF, 0xFF, 0xFF, 0x73, 0xEB, 0xFF, 0xD3, 0x00, 0x00, 0x00, 0x00, 0x00, 0x00, 0x4B, 
0xFF, 0xFF, 0x73, 0xEB, 0xFF, 0xD3, 0x00, 0x00, 0x00, 0x00, 0x00, 0x00, 0x4B, 0xFF, 0xFF, 0x73, 
0xD7, 0xFF, 0xF8, 0xBF, 0xBF, 0xBF, 0xBF, 0xBF, 0xBF, 0xD2, 0xFF, 0xFF, 0x73, 0x7F, 0xFF, 0xFF, 
0xFF, 0xFF, 0xFF, 0xFF, 0xFF, 0xFF, 0xFF, 0xFF, 0xFF, 0x73, 0x05, 0x87, 0xE7, 0xFF, 0xFF, 0xFF, 
0xFF, 0xFF, 0xFF, 0xFF, 0xFF, 0xFF, 0x73, 0x00, 0x00, 0x00, 0x00, 0x13, 0xCC, 0xFF, 0xD2, 0x1C, 
0x00, 0x00, 0x00, 0x00, 0x00, 0x00, 0x00, 0x00, 0x60, 0xFD, 0x6B, 0xF4, 0x70, 0x00, 0x00, 0x00, 
0x00, 0x00, 0x00, 0x00, 0x00, 0x57, 0xFE, 0x97, 0xF7, 0x66, 0x00, 0x00, 0x00, 0x00, 0x00, 0x00, 
0x00, 0x00, 0x09, 0x9D, 0xCF, 0xA4, 0x0F, 0x00, 0x00, 0x00, 0x00, 0x00, 0x00, 0x00, 0x00, 0x00, 
0x00, 0x00, 0x00, 0x00, 0x00, 0x00, 0x00, 0x00, 0x00, 0x00, 0x00, 0x00, 0x00, 0x00, 0x00, 0x00, 
0x00, 0x00, 0x00, 0x00, 0x00, 0xEB, 0xFF, 0xFF, 0xFF, 0xFF, 0xFF, 0xFF, 0xFF, 0xFF, 0xFA, 0xC7, 
0x37, 0x00, 0xEB, 0xFF, 0xFF, 0xFF, 0xFF, 0xFF, 0xFF, 0xFF, 0xFF, 0xFF, 0xFF, 0xEF, 0x17, 0xB4, 
0xC3, 0xC3, 0xC3, 0xC3, 0xC3, 0xC3, 0xC3, 0xC3, 0xD7, 0xFF, 0xFF, 0x5F, 0x00, 0x00, 0x00, 0x00, 
0x00, 0x00, 0x00, 0x00, 0x00, 0x4B, 0xFF, 0xFF, 0x73, 0xB4, 0xC3, 0xC3, 0xC3, 0xC3, 0xC3, 0xC3, 
0xC3, 0xC3, 0xD5, 0xFF, 0xFF, 0x73, 0xEB, 0xFF, 0xFF, 0xFF, 0xFF, 0xFF, 0xFF, 0xFF, 0xFF, 0xFF, 
0xFF, 0xFF, 0x73, 0xEB, 0xFF, 0xFF, 0xFF, 0xFF, 0xFF, 0xFF, 0xFF, 0xFF, 0xFF, 0xFF, 0xFF, 0x73, 
0xEB, 0xFF, 0xD3, 0x00, 0x00, 0x00, 0x00, 0x00, 0x00, 0x4B, 0xFF, 0xFF, 0x73, 0xEB, 0xFF, 0xD3, 
0x00, 0x00, 0x00, 0x00, 0x00, 0x00, 0x4B, 0xFF, 0xFF, 0x73, 0xD7, 0xFF, 0xF8, 0xBF, 0xBF, 0xBF, 
0xBF, 0xBF, 0xBF, 0xD2, 0xFF, 0xFF, 0x73, 0x7F, 0xFF, 0xFF, 0xFF, 0xFF, 0xFF, 0xFF, 0xFF, 0xFF, 
0xFF, 0xFF, 0xFF, 0x73, 0x05, 0x87, 0xE7, 0xFF, 0xFF, 0xFF, 0xFF, 0xFF, 0xFF, 0xFF, 0xFF, 0xFF, 
0x73, 0xE3, 0xFF, 0xFF, 0xFF, 0xFF, 0xFF, 0xFF, 0xFF, 0xFF, 0xFF, 0xFF, 0xFF, 0xFF, 0xFF, 0xFF, 
0xFF, 0xFF, 0xFF, 0xFF, 0xEF, 0xA1, 0x11, 0x00, 0xE3, 0xFF, 0xFF, 0xFF, 0xFF, 0xFF, 0xFF, 0xFF, 
0xFF, 0xFF, 0xFF, 0xFF, 0xFF, 0xFF, 0xFF, 0xFF, 0xFF, 0xFF, 0xFF, 0xFF, 0xFF, 0xAC, 0x00, 0xAE, 
0xC3, 0xC3, 0xC3, 0xC3, 0xC3, 0xC3, 0xC3, 0xC3, 0xD6, 0xFF, 0xFF, 0xE2, 0xC3, 0xC3, 0xC3, 0xC3, 
0xC3, 0xC3, 0xED, 0xFF, 0xFB, 0x08, 0x00, 0x00, 0x00, 0x00, 0x00, 0x00, 0x00, 0x00, 0x00, 0x47, 
0xFF, 0xFF, 0x77, 0x00, 0x00, 0x00, 0x00, 0x00, 0x00, 0xA7, 0xFF, 0xFF, 0x17, 0xAE, 0xC3, 0xC3, 
0xC3, 0xC3, 0xC3, 0xC3, 0xC3, 0xC3, 0xD4, 0xFF, 0xFF, 0xE0, 0xC3, 0xC3, 0xC3, 0xC3, 0xC3, 0xC3, 
0xEB, 0xFF, 0xFF, 0x17, 0xE3, 0xFF, 0xFF, 0xFF, 0xFF, 0xFF, 0xFF, 0xFF, 0xFF, 0xFF, 0xFF, 0xFF, 
0xFF, 0xFF, 0xFF, 0xFF, 0xFF, 0xFF, 0xFF, 0xFF, 0xFF, 0xFF, 0x17, 0xE3, 0xFF, 0xFF, 0xFF, 0xFF, 
0xFF, 0xFF, 0xFF, 0xFF, 0xFF, 0xFF, 0xFF, 0xFF, 0xFF, 0xFF, 0xFF, 0xFF, 0xFF, 0xFF, 0xFF, 0xFF, 
0xFF, 0x17, 0xE3, 0xFF, 0xDB, 0x00, 0x00, 0x00, 0x00, 0x00, 0x00, 0x47, 0xFF, 0xFF, 0x77, 0x00, 
0x00, 0x00, 0x00, 0x00, 0x00, 0x00, 0x00, 0x00, 0x00, 0xE3, 0xFF, 0xDB, 0x00, 0x00, 0x00, 0x00, 
0x00, 0x00, 0x47, 0xFF, 0xFF, 0x77, 0x00, 0x00, 0x00, 0x00, 0x00, 0x00, 0x00, 0x00, 0x00, 0x00, 
0xCF, 0xFF, 0xF9, 0xBF, 0xBF, 0xBF, 0xBF, 0xBF, 0xBF, 0xD1, 0xFF, 0xFF, 0xE0, 0xBF, 0xBF, 0xBF, 
0xBF, 0xBF, 0xBF, 0xBF, 0xBF, 0xBF, 0x11, 0x79, 0xFF, 0xFF, 0xFF, 0xFF, 0xFF, 0xFF, 0xFF, 0xFF, 
0xFF, 0xFF, 0xFF, 0xFF, 0xFF, 0xFF, 0xFF, 0xFF, 0xFF, 0xFF, 0xFF, 0xFF, 0xFF, 0x17, 0x04, 0x86, 
0xE7, 0xFF, 0xFF, 0xFF, 0xFF, 0xFF, 0xFF, 0xFF, 0xFF, 0xFF, 0xFF, 0xFF, 0xFF, 0xFF, 0xFF, 0xFF, 
0xFF, 0xFF, 0xFF, 0xFF, 0x17, 0x05, 0x89, 0xE8, 0xFF, 0xFF, 0xFF, 0xFF, 0xFF, 0xFF, 0xFF, 0xFF, 
0xFF, 0x63, 0x82, 0xFF, 0xFF, 0xFF, 0xFF, 0xFF, 0xFF, 0xFF, 0xFF, 0xFF, 0xFF, 0xFF, 0x63, 0xDB, 
0xFF, 0xF7, 0xC3, 0xC3, 0xC3, 0xC3, 0xC3, 0xC3, 0xC3, 0xC3, 0xC3, 0x4C, 0xEF, 0xFF, 0xCF, 0x00, 
0x00, 0x00, 0x00, 0x00, 0x00, 0x00, 0x00, 0x00, 0x00, 0xEF, 0xFF, 0xCF, 0x00, 0x00, 0x00, 0x00, 
0x00, 0x00, 0x00, 0x00, 0x00, 0x00, 0xEF, 0xFF, 0xCF, 0x00, 0x00, 0x00, 0x00, 0x00, 0x00, 0x00, 
0x00, 0x00, 0x00, 0xEF, 0xFF, 0xCF, 0x00, 0x00, 0x00, 0x00, 0x00, 0x00, 0x00, 0x00, 0x00, 0x00, 
0xEF, 0xFF, 0xCF, 0x00, 0x00, 0x00, 0x00, 0x00, 0x00, 0x00, 0x00, 0x00, 0x00, 0xEF, 0xFF, 0xCF, 
0x00, 0x00, 0x00, 0x00, 0x00, 0x00, 0x00, 0x00, 0x00, 0x00, 0xDB, 0xFF, 0xF6, 0xBF, 0xBF, 0xBF, 
0xBF, 0xBF, 0xBF, 0xBF, 0xBF, 0xBF, 0x53, 0x84, 0xFF, 0xFF, 0xFF, 0xFF, 0xFF, 0xFF, 0xFF, 0xFF, 
0xFF, 0xFF, 0xFF, 0x6F, 0x06, 0x8B, 0xE8, 0xFF, 0xFF, 0xFF, 0xFF, 0xFF, 0xFF, 0xFF, 0xFF, 0xFF, 
0x6F, 0x00, 0x00, 0x00, 0x00, 0x00, 0xD6, 0xFF, 0xEE, 0x02, 0x00, 0x00, 0x00, 0x00, 0x00, 0x00, 
0x00, 0x00, 0x1A, 0xFF, 0xFF, 0xAC, 0x00, 0x00, 0x00, 0x00, 0x00, 0x00, 0x00, 0x00, 0x00, 0x5E, 
0xFF, 0xFF, 0x69, 0x00, 0x00, 0x00, 0x00, 0x00, 0x00, 0x00, 0x00, 0x00, 0xBC, 0xFF, 0xFC, 0x0F, 
0x00, 0x00, 0x00, 0x00, 0x00, 0x00, 0x00, 0x00, 0x00, 0x7B, 0xFF, 0xFF, 0x4C, 0x00, 0x00, 0x00, 
0x00, 0x00, 0x00, 0x00, 0x00, 0x00, 0x3A, 0xFF, 0xFF, 0x8C, 0x00, 0x00, 0x00, 0x00, 0x00, 0x00, 
0x00, 0x00, 0x00, 0x05, 0xD1, 0xD7, 0xA9, 0x00, 0x00, 0x00, 0x00, 0x00, 0x00, 0x00, 0x00, 0x00, 
0x00, 0x00, 0x00, 0x00, 0x00, 0x00, 0x00, 0x00, 0x00, 0x00, 0x00, 0x00, 0x00, 0x00, 0x00, 0x00, 
0x00, 0x00, 0x00, 0x00, 0x00, 0x00, 0x06, 0x8A, 0xE8, 0xFF, 0xFF, 0xFF, 0xFF, 0xFF, 0xFF, 0xFA, 
0xC5, 0x34, 0x00, 0x84, 0xFF, 0xFF, 0xFF, 0xFF, 0xFF, 0xFF, 0xFF, 0xFF, 0xFF, 0xFF, 0xEC, 0x15, 
0xDC, 0xFF, 0xF6, 0xC3, 0xC3, 0xC3, 0xC3, 0xC3, 0xC3, 0xD9, 0xFF, 0xFF, 0x5B, 0xEF, 0xFF, 0xCF, 
0x00, 0x00, 0x00, 0x00, 0x00, 0x00, 0x53, 0xFF, 0xFF, 0x6F, 0xEF, 0xFF, 0xF4, 0xC3, 0xC3, 0xC3, 
0xC3, 0xC3, 0xC3, 0xD7, 0xFF, 0xFF, 0x6F, 0xEF, 0xFF, 0xFF, 0xFF, 0xFF, 0xFF, 0xFF, 0xFF, 0xFF, 
0xFF, 0xFF, 0xFF, 0x6F, 0xEF, 0xFF, 0xFF, 0xFF, 0xFF, 0xFF, 0xFF, 0xFF, 0xFF, 0xFF, 0xFF, 0xFF, 
0x6F, 0xEF, 0xFF, 0xCF, 0x00, 0x00, 0x00, 0x00, 0x00, 0x00, 0x00, 0x00, 0x00, 0x00, 0xEF, 0xFF, 
0xCF, 0x00, 0x00, 0x00, 0x00, 0x00, 0x00, 0x00, 0x00, 0x00, 0x00, 0xDB, 0xFF, 0xF6, 0xBF, 0xBF, 
0xBF, 0xBF, 0xBF, 0xBF, 0xBF, 0xBF, 0xBF, 0x53, 0x84, 0xFF, 0xFF, 0xFF, 0xFF, 0xFF, 0xFF, 0xFF, 
0xFF, 0xFF, 0xFF, 0xFF, 0x6F, 0x06, 0x8B, 0xE8, 0xFF, 0xFF, 0xFF, 0xFF, 0xFF, 0xFF, 0xFF, 0xFF, 
0xFF, 0x6F, 0x00, 0x00, 0x00, 0x00, 0x0A, 0xFA, 0xFF, 0xC2, 0x00, 0x00, 0x00, 0x00, 0x00, 0x00, 
0x00, 0x00, 0x00, 0x45, 0xFF, 0xFF, 0x82, 0x00, 0x00, 0x00, 0x00, 0x00, 0x00, 0x00, 0x00, 0x00, 
0x85, 0xFF, 0xFF, 0x41, 0x00, 0x00, 0x00, 0x00, 0x00, 0x00, 0x00, 0x00, 0x00, 0xA2, 0xD7, 0xD4, 
0x09, 0x00, 0x00, 0x00, 0x00, 0x00, 0x00, 0x00, 0x00, 0x00, 0x00, 0x00, 0x00, 0x00, 0x00, 0x00, 
0x00, 0x00, 0x00, 0x00, 0x00, 0x00, 0x00, 0x00, 0x00, 0x00, 0x00, 0x00, 0x00, 0x00, 0x00, 0x00, 
0x06, 0x8A, 0xE8, 0xFF, 0xFF, 0xFF, 0xFF, 0xFF, 0xFF, 0xFA, 0xC5, 0x34, 0x00, 0x84, 0xFF, 0xFF, 
0xFF, 0xFF, 0xFF, 0xFF, 0xFF, 0xFF, 0xFF, 0xFF, 0xEC, 0x15, 0xDC, 0xFF, 0xF6, 0xC3, 0xC3, 0xC3, 
0xC3, 0xC3, 0xC3, 0xD9, 0xFF, 0xFF, 0x5B, 0xEF, 0xFF, 0xCF, 0x00, 0x00, 0x00, 0x00, 0x00, 0x00, 
0x53, 0xFF, 0xFF, 0x6F, 0xEF, 0xFF, 0xF4, 0xC3, 0xC3, 0xC3, 0xC3, 0xC3, 0xC3, 0xD7, 0xFF, 0xFF, 
0x6F, 0xEF, 0xFF, 0xFF, 0xFF, 0xFF, 0xFF, 0xFF, 0xFF, 0xFF, 0xFF, 0xFF, 0xFF, 0x6F, 0xEF, 0xFF, 
0xFF, 0xFF, 0xFF, 0xFF, 0xFF, 0xFF, 0xFF, 0xFF, 0xFF, 0xFF, 0x6F, 0xEF, 0xFF, 0xCF, 0x00, 0x00, 
0x00, 0x00, 0x00, 0x00, 0x00, 0x00, 0x00, 0x00, 0xEF, 0xFF, 0xCF, 0x00, 0x00, 0x00, 0x00, 0x00, 
0x00, 0x00, 0x00, 0x00, 0x00, 0xDB, 0xFF, 0xF6, 0xBF, 0xBF, 0xBF, 0xBF, 0xBF, 0xBF, 0xBF, 0xBF, 
0xBF, 0x53, 0x84, 0xFF, 0xFF, 0xFF, 0xFF, 0xFF, 0xFF, 0xFF, 0xFF, 0xFF, 0xFF, 0xFF, 0x6F, 0x06, 
0x8B, 0xE8, 0xFF, 0xFF, 0xFF, 0xFF, 0xFF, 0xFF, 0xFF, 0xFF, 0xFF, 0x6F, 0x00, 0x00, 0x00, 0x00, 
0x00, 0x64, 0x6B, 0x0F, 0x00, 0x00, 0x00, 0x00, 0x00, 0x00, 0x00, 0x00, 0x00, 0x5E, 0xFF, 0xFF, 
0x91, 0x00, 0x00, 0x00, 0x00, 0x00, 0x00, 0x00, 0x00, 0x0F, 0xE8, 0xFE, 0xF8, 0xFC, 0x2F, 0x00, 
0x00, 0x00, 0x00, 0x00, 0x00, 0x00, 0x92, 0xFF, 0x9D, 0x79, 0xFF, 0xC5, 0x01, 0x00, 0x00, 0x00, 
0x00, 0x00, 0x00, 0x00, 0x00, 0x00, 0x00, 0x00, 0x00, 0x00, 0x00, 0x00, 0x00, 0x00, 0x00, 0x00, 
0x00, 0x00, 0x00, 0x00, 0x00, 0x00, 0x00, 0x00, 0x00, 0x00, 0x06, 0x8A, 0xE8, 0xFF, 0xFF, 0xFF, 
0xFF, 0xFF, 0xFF, 0xFA, 0xC5, 0x34, 0x00, 0x84, 0xFF, 0xFF, 0xFF, 0xFF, 0xFF, 0xFF, 0xFF, 0xFF, 
0xFF, 0xFF, 0xEC, 0x15, 0xDC, 0xFF, 0xF6, 0xC3, 0xC3, 0xC3, 0xC3, 0xC3, 0xC3, 0xD9, 0xFF, 0xFF, 
0x5B, 0xEF, 0xFF, 0xCF, 0x00, 0x00, 0x00, 0x00, 0x00, 0x00, 0x53, 0xFF, 0xFF, 0x6F, 0xEF, 0xFF, 
0xF4, 0xC3, 0xC3, 0xC3, 0xC3, 0xC3, 0xC3, 0xD7, 0xFF, 0xFF, 0x6F, 0xEF, 0xFF, 0xFF, 0xFF, 0xFF, 
0xFF, 0xFF, 0xFF, 0xFF, 0xFF, 0xFF, 0xFF, 0x6F, 0xEF, 0xFF, 0xFF, 0xFF, 0xFF, 0xFF, 0xFF, 0xFF, 
0xFF, 0xFF, 0xFF, 0xFF, 0x6F, 0xEF, 0xFF, 0xCF, 0x00, 0x00, 0x00, 0x00, 0x00, 0x00, 0x00, 0x00, 
0x00, 0x00, 0xEF, 0xFF, 0xCF, 0x00, 0x00, 0x00, 0x00, 0x00, 0x00, 0x00, 0x00, 0x00, 0x00, 0xDB, 
0xFF, 0xF6, 0xBF, 0xBF, 0xBF, 0xBF, 0xBF, 0xBF, 0xBF, 0xBF, 0xBF, 0x53, 0x84, 0xFF, 0xFF, 0xFF, 
0xFF, 0xFF, 0xFF, 0xFF, 0xFF, 0xFF, 0xFF, 0xFF, 0x6F, 0x06, 0x8B, 0xE8, 0xFF, 0xFF, 0xFF, 0xFF, 
0xFF, 0xFF, 0xFF, 0xFF, 0xFF, 0x6F, 0x00, 0x00, 0x3B, 0xFF, 0xFF, 0x83, 0xA3, 0xFF, 0xFF, 0x23, 
0x00, 0x00, 0x00, 0x00, 0x00, 0x3B, 0xFF, 0xFF, 0x83, 0xA3, 0xFF, 0xFF, 0x23, 0x00, 0x00, 0x00, 
0x00, 0x00, 0x2E, 0xC7, 0xC7, 0x67, 0x80, 0xC7, 0xC7, 0x1C, 0x00, 0x00, 0x00, 0x00, 0x00, 0x00, 
0x00, 0x00, 0x00, 0x00, 0x00, 0x00, 0x00, 0x00, 0x00, 0x00, 0x00, 0x00, 0x00, 0x00, 0x00, 0x00, 
0x00, 0x00, 0x00, 0x00, 0x00, 0x00, 0x00, 0x06, 0x8A, 0xE8, 0xFF, 0xFF, 0xFF, 0xFF, 0xFF, 0xFF, 
0xFA, 0xC5, 0x34, 0x00, 0x84, 0xFF, 0xFF, 0xFF, 0xFF, 0xFF, 0xFF, 0xFF, 0xFF, 0xFF, 0xFF, 0xEC, 
0x15, 0xDC, 0xFF, 0xF6, 0xC3, 0xC3, 0xC3, 0xC3, 0xC3, 0xC3, 0xD9, 0xFF, 0xFF, 0x5B, 0xEF, 0xFF, 
0xCF, 0x00, 0x00, 0x00, 0x00, 0x00, 0x00, 0x53, 0xFF, 0xFF, 0x6F, 0xEF, 0xFF, 0xF4, 0xC3, 0xC3, 
0xC3, 0xC3, 0xC3, 0xC3, 0xD7, 0xFF, 0xFF, 0x6F, 0xEF, 0xFF, 0xFF, 0xFF, 0xFF, 0xFF, 0xFF, 0xFF, 
0xFF, 0xFF, 0xFF, 0xFF, 0x6F, 0xEF, 0xFF, 0xFF, 0xFF, 0xFF, 0xFF, 0xFF, 0xFF, 0xFF, 0xFF, 0xFF, 
0xFF, 0x6F, 0xEF, 0xFF, 0xCF, 0x00, 0x00, 0x00, 0x00, 0x00, 0x00, 0x00, 0x00, 0x00, 0x00, 0xEF, 
0xFF, 0xCF, 0x00, 0x00, 0x00, 0x00, 0x00, 0x00, 0x00, 0x00, 0x00, 0x00, 0xDB, 0xFF, 0xF6, 0xBF, 
0xBF, 0xBF, 0xBF, 0xBF, 0xBF, 0xBF, 0xBF, 0xBF, 0x53, 0x84, 0xFF, 0xFF, 0xFF, 0xFF, 0xFF, 0xFF, 
0xFF, 0xFF, 0xFF, 0xFF, 0xFF, 0x6F, 0x06, 0x8B, 0xE8, 0xFF, 0xFF, 0xFF, 0xFF, 0xFF, 0xFF, 0xFF, 
0xFF, 0xFF, 0x6F, 0x8C, 0xFF, 0xFF, 0x3F, 0x00, 0x4B, 0xFF, 0xFF, 0x80, 0x00, 0x0E, 0xFC, 0xFF, 
0xC0, 0x00, 0x00, 0xAF, 0xD7, 0xD0, 0x04, 0x00, 0x00, 0x00, 0x00, 0x00, 0x00, 0x00, 0x00, 0x00, 
0x00, 0x00, 0xD3, 0xFF, 0xEB, 0x00, 0x00, 0xD3, 0xFF, 0xEB, 0x00, 0x00, 0xD3, 0xFF, 0xEB, 0x00, 
0x00, 0xD3, 0xFF, 0xEB, 0x00, 0x00, 0xD3, 0xFF, 0xEB, 0x00, 0x00, 0xD3, 0xFF, 0xEB, 0x00, 0x00, 
0xD3, 0xFF, 0xEB, 0x00, 0x00, 0xD3, 0xFF, 0xEB, 0x00, 0x00, 0xD3, 0xFF, 0xEB, 0x00, 0x00, 0xD3, 
0xFF, 0xEB, 0x00, 0x00, 0xD3, 0xFF, 0xEB, 0x00, 0x00, 0xD3, 0xFF, 0xEB, 0x00, 0x24, 0xFF, 0xFF, 
0xA6, 0x65, 0xFF, 0xFF, 0x66, 0xA5, 0xFF, 0xFF, 0x25, 0xBD, 0xD7, 0xC6, 0x00, 0x00, 0x00, 0x00, 
0x00, 0x00, 0x00, 0x00, 0x00, 0xEF, 0xFF, 0xCF, 0x00, 0xEF, 0xFF, 0xCF, 0x00, 0xEF, 0xFF, 0xCF, 
0x00, 0xEF, 0xFF, 0xCF, 0x00, 0xEF, 0xFF, 0xCF, 0x00, 0xEF, 0xFF, 0xCF, 0x00, 0xEF, 0xFF, 0xCF, 
0x00, 0xEF, 0xFF, 0xCF, 0x00, 0xEF, 0xFF, 0xCF, 0x00, 0xEF, 0xFF, 0xCF, 0x00, 0xEF, 0xFF, 0xCF, 
0x00, 0xEF, 0xFF, 0xCF, 0x00, 0x00, 0x00, 0x2A, 0x6B, 0x4A, 0x00, 0x00, 0x00, 0x03, 0xCF, 0xFF, 
0xF8, 0x25, 0x00, 0x00, 0x6C, 0xFF, 0xF7, 0xFF, 0xB8, 0x00, 0x16, 0xF0, 0xFB, 0x39, 0xE1, 0xFF, 
0x52, 0x00, 0x00, 0x00, 0x00, 0x00, 0x00, 0x00, 0x00, 0x00, 0x00, 0x00, 0x00, 0x00, 0x00, 0x00, 
0x00, 0xEF, 0xFF, 0xCF, 0x00, 0x00, 0x00, 0x00, 0xEF, 0xFF, 0xCF, 0x00, 0x00, 0x00, 0x00, 0xEF, 
0xFF, 0xCF, 0x00, 0x00, 0x00, 0x00, 0xEF, 0xFF, 0xCF, 0x00, 0x00, 0x00, 0x00, 0xEF, 0xFF, 0xCF, 
0x00, 0x00, 0x00, 0x00, 0xEF, 0xFF, 0xCF, 0x00, 0x00, 0x00, 0x00, 0xEF, 0xFF, 0xCF, 0x00, 0x00, 
0x00, 0x00, 0xEF, 0xFF, 0xCF, 0x00, 0x00, 0x00, 0x00, 0xEF, 0xFF, 0xCF, 0x00, 0x00, 0x00, 0x00, 
0xEF, 0xFF, 0xCF, 0x00, 0x00, 0x00, 0x00, 0xEF, 0xFF, 0xCF, 0x00, 0x00, 0x00, 0x00, 0xEF, 0xFF, 
0xCF, 0x00, 0x00, 0xAB, 0xFF, 0xFF, 0x2B, 0xFF, 0xFF, 0xAF, 0xAB, 0xFF, 0xFF, 0x2B, 0xFF, 0xFF, 
0xAF, 0x86, 0xC7, 0xC7, 0x22, 0xC7, 0xC7, 0x89, 0x00, 0x00, 0x00, 0x00, 0x00, 0x00, 0x00, 0x00, 
0x00, 0x00, 0x00, 0x00, 0x00, 0x00, 0x00, 0x00, 0xDB, 0xFF, 0xE3, 0x00, 0x00, 0x00, 0x00, 0xDB, 
0xFF, 0xE3, 0x00, 0x00, 0x00, 0x00, 0xDB, 0xFF, 0xE3, 0x00, 0x00, 0x00, 0x00, 0xDB, 0xFF, 0xE3, 
0x00, 0x00, 0x00, 0x00, 0xDB, 0xFF, 0xE3, 0x00, 0x00, 0x00, 0x00, 0xDB, 0xFF, 0xE3, 0x00, 0x00, 
0x00, 0x00, 0xDB, 0xFF, 0xE3, 0x00, 0x00, 0x00, 0x00, 0xDB, 0xFF, 0xE3, 0x00, 0x00, 0x00, 0x00, 
0xDB, 0xFF, 0xE3, 0x00, 0x00, 0x00, 0x00, 0xDB, 0xFF, 0xE3, 0x00, 0x00, 0x00, 0x00, 0xDB, 0xFF, 
0xE3, 0x00, 0x00, 0x00, 0x00, 0xDB, 0xFF, 0xE3, 0x00, 0x00, 0x00, 0x00, 0x25, 0xB0, 0xDB, 0xB5, 
0x51, 0x04, 0x00, 0x00, 0x00, 0x00, 0x00, 0x00, 0x00, 0x43, 0xFF, 0xFF, 0xFF, 0xFF, 0xE8, 0x58, 
0x18, 0x24, 0x00, 0x00, 0x00, 0x00, 0x2F, 0x3E, 0x14, 0x9E, 0xFF, 0xFF, 0xF8, 0xFE, 0x5F, 0x00, 
0x00, 0x00, 0x00, 0x00, 0x00, 0x00, 0x00, 0x3D, 0xC1, 0xF1, 0xC2, 0x38, 0x00, 0x00, 0x00, 0x00, 
0x00, 0x00, 0x00, 0x00, 0x00, 0x00, 0x00, 0x00, 0x00, 0x00, 0x00, 0x00, 0x00, 0x00, 0x00, 0x00, 
0x00, 0x00, 0x00, 0x00, 0x00, 0x00, 0x00, 0x00, 0xDF, 0xFF, 0xFF, 0xFF, 0xFF, 0xFF, 0xFF, 0xFF, 
0xFF, 0xFB, 0xCB, 0x3D, 0x00, 0xDF, 0xFF, 0xFF, 0xFF, 0xFF, 0xFF, 0xFF, 0xFF, 0xFF, 0xFF, 0xFF, 
0xF3, 0x1E, 0xDF, 0xFF, 0xFB, 0xC4, 0xC3, 0xC3, 0xC3, 0xC3, 0xC3, 0xD5, 0xFF, 0xFF, 0x6A, 0xDF, 
0xFF, 0xDF, 0x00, 0x00, 0x00, 0x00, 0x00, 0x00, 0x3F, 0xFF, 0xFF, 0x7F, 0xDF, 0xFF, 0xDF, 0x00, 
0x00, 0x00, 0x00, 0x00, 0x00, 0x3F, 0xFF, 0xFF, 0x7F, 0xDF, 0xFF, 0xDF, 0x00, 0x00, 0x00, 0x00, 
0x00, 0x00, 0x3F, 0xFF, 0xFF, 0x7F, 0xDF, 0xFF, 0xDF, 0x00, 0x00, 0x00, 0x00, 0x00, 0x00, 0x3F, 
0xFF, 0xFF, 0x7F, 0xDF, 0xFF, 0xDF, 0x00, 0x00, 0x00, 0x00, 0x00, 0x00, 0x3F, 0xFF, 0xFF, 0x7F, 
0xDF, 0xFF, 0xDF, 0x00, 0x00, 0x00, 0x00, 0x00, 0x00, 0x3F, 0xFF, 0xFF, 0x7F, 0xDF, 0xFF, 0xDF, 
0x00, 0x00, 0x00, 0x00, 0x00, 0x00, 0x3F, 0xFF, 0xFF, 0x7F, 0xDF, 0xFF, 0xDF, 0x00, 0x00, 0x00, 
0x00, 0x00, 0x00, 0x3F, 0xFF, 0xFF, 0x7F, 0xDF, 0xFF, 0xDF, 0x00, 0x00, 0x00, 0x00, 0x00, 0x00, 
0x3F, 0xFF, 0xFF, 0x7F, 0x00, 0x00, 0x00, 0x00, 0x2C, 0xFF, 0xFF, 0x9F, 0x00, 0x00, 0x00, 0x00, 
0x00, 0x00, 0x00, 0x00, 0x00, 0x01, 0xEA, 0xFF, 0xE0, 0x00, 0x00, 0x00, 0x00, 0x00, 0x00, 0x00, 
0x00, 0x00, 0x00, 0xAA, 0xFF, 0xFF, 0x20, 0x00, 0x00, 0x00, 0x00, 0x00, 0x00, 0x00, 0x00, 0x00, 
0x5E, 0xD7, 0xD7, 0x4E, 0x00, 0x00, 0x00, 0x00, 0x00, 0x00, 0x00, 0x00, 0x00, 0x00, 0x00, 0x00, 
0x00, 0x00, 0x00, 0x00, 0x00, 0x00, 0x00, 0x00, 0x00, 0x00, 0x00, 0x00, 0x00, 0x00, 0x00, 0x00, 
0x00, 0x00, 0x05, 0x89, 0xE8, 0xFF, 0xFF, 0xFF, 0xFF, 0xFF, 0xFF, 0xFA, 0xC5, 0x34, 0x00, 0x82, 
0xFF, 0xFF, 0xFF, 0xFF, 0xFF, 0xFF, 0xFF, 0xFF, 0xFF, 0xFF, 0xEC, 0x14, 0xDB, 0xFF, 0xF7, 0xC3, 
0xC3, 0xC3, 0xC3, 0xC3, 0xC3, 0xDA, 0xFF, 0xFF, 0x5A, 0xEF, 0xFF, 0xCF, 0x00, 0x00, 0x00, 0x00, 
0x00, 0x00, 0x53, 0xFF, 0xFF, 0x6F, 0xEF, 0xFF, 0xCF, 0x00, 0x00, 0x00, 0x00, 0x00, 0x00, 0x53, 
0xFF, 0xFF, 0x6F, 0xEF, 0xFF, 0xCF, 0x00, 0x00, 0x00, 0x00, 0x00, 0x00, 0x53, 0xFF, 0xFF, 0x6F, 
0xEF, 0xFF, 0xCF, 0x00, 0x00, 0x00, 0x00, 0x00, 0x00, 0x53, 0xFF, 0xFF, 0x6F, 0xEF, 0xFF, 0xCF, 
0x00, 0x00, 0x00, 0x00, 0x00, 0x00, 0x53, 0xFF, 0xFF, 0x6F, 0xEF, 0xFF, 0xCF, 0x00, 0x00, 0x00, 
0x00, 0x00, 0x00, 0x53, 0xFF, 0xFF, 0x6F, 0xDB, 0xFF, 0xF6, 0xBF, 0xBF, 0xBF, 0xBF, 0xBF, 0xBF, 
0xD7, 0xFF, 0xFF, 0x5B, 0x84, 0xFF, 0xFF, 0xFF, 0xFF, 0xFF, 0xFF, 0xFF, 0xFF, 0xFF, 0xFF, 0xED, 
0x15, 0x06, 0x8B, 0xE8, 0xFF, 0xFF, 0xFF, 0xFF, 0xFF, 0xFF, 0xFA, 0xC7, 0x35, 0x00, 0x00, 0x00, 
0x00, 0x00, 0x00, 0x74, 0xFF, 0xFF, 0x56, 0x00, 0x00, 0x00, 0x00, 0x00, 0x00, 0x00, 0x00, 0x00, 
0xB5, 0xFF, 0xFF, 0x17, 0x00, 0x00, 0x00, 0x00, 0x00, 0x00, 0x00, 0x00, 0x03, 0xF1, 0xFF, 0xD5, 
0x00, 0x00, 0x00, 0x00, 0x00, 0x00, 0x00, 0x00, 0x00, 0x29, 0xD7, 0xD7, 0x82, 0x00, 0x00, 0x00, 
0x00, 0x00, 0x00, 0x00, 0x00, 0x00, 0x00, 0x00, 0x00, 0x00, 0x00, 0x00, 0x00, 0x00, 0x00, 0x00, 
0x00, 0x00, 0x00, 0x00, 0x00, 0x00, 0x00, 0x00, 0x00, 0x00, 0x00, 0x00, 0x05, 0x89, 0xE8, 0xFF, 
0xFF, 0xFF, 0xFF, 0xFF, 0xFF, 0xFA, 0xC5, 0x34, 0x00, 0x82, 0xFF, 0xFF, 0xFF, 0xFF, 0xFF, 0xFF, 
0xFF, 0xFF, 0xFF, 0xFF, 0xEC, 0x14, 0xDB, 0xFF, 0xF7, 0xC3, 0xC3, 0xC3, 0xC3, 0xC3, 0xC3, 0xDA, 
0xFF, 0xFF, 0x5A, 0xEF, 0xFF, 0xCF, 0x00, 0x00, 0x00, 0x00, 0x00, 0x00, 0x53, 0xFF, 0xFF, 0x6F, 
0xEF, 0xFF, 0xCF, 0x00, 0x00, 0x00, 0x00, 0x00, 0x00, 0x53, 0xFF, 0xFF, 0x6F, 0xEF, 0xFF, 0xCF, 
0x00, 0x00, 0x00, 0x00, 0x00, 0x00, 0x53, 0xFF, 0xFF, 0x6F, 0xEF, 0xFF, 0xCF, 0x00, 0x00, 0x00, 
0x00, 0x00, 0x00, 0x53, 0xFF, 0xFF, 0x6F, 0xEF, 0xFF, 0xCF, 0x00, 0x00, 0x00, 0x00, 0x00, 0x00, 
0x53, 0xFF, 0xFF, 0x6F, 0xEF, 0xFF, 0xCF, 0x00, 0x00, 0x00, 0x00, 0x00, 0x00, 0x53, 0xFF, 0xFF, 
0x6F, 0xDB, 0xFF, 0xF6, 0xBF, 0xBF, 0xBF, 0xBF, 0xBF, 0xBF, 0xD7, 0xFF, 0xFF, 0x5B, 0x84, 0xFF, 
0xFF, 0xFF, 0xFF, 0xFF, 0xFF, 0xFF, 0xFF, 0xFF, 0xFF, 0xED, 0x15, 0x06, 0x8B, 0xE8, 0xFF, 0xFF, 
0xFF, 0xFF, 0xFF, 0xFF, 0xFA, 0xC7, 0x35, 0x00, 0x00, 0x00, 0x00, 0x00, 0x00, 0x28, 0x6B, 0x4C, 
0x00, 0x00, 0x00, 0x00, 0x00, 0x00, 0x00, 0x00, 0x00, 0x02, 0xCB, 0xFF, 0xF9, 0x27, 0x00, 0x00, 
0x00, 0x00, 0x00, 0x00, 0x00, 0x00, 0x66, 0xFF, 0xF7, 0xFF, 0xBC, 0x00, 0x00, 0x00, 0x00, 0x00, 
0x00, 0x00, 0x12, 0xEC, 0xFC, 0x3C, 0xDE, 0xFF, 0x56, 0x00, 0x00, 0x00, 0x00, 0x00, 0x00, 0x00, 
0x00, 0x00, 0x00, 0x00, 0x00, 0x00, 0x00, 0x00, 0x00, 0x00, 0x00, 0x00, 0x00, 0x00, 0x00, 0x00, 
0x00, 0x00, 0x00, 0x00, 0x00, 0x00, 0x05, 0x89, 0xE8, 0xFF, 0xFF, 0xFF, 0xFF, 0xFF, 0xFF, 0xFA, 
0xC5, 0x34, 0x00, 0x82, 0xFF, 0xFF, 0xFF, 0xFF, 0xFF, 0xFF, 0xFF, 0xFF, 0xFF, 0xFF, 0xEC, 0x14, 
0xDB, 0xFF, 0xF7, 0xC3, 0xC3, 0xC3, 0xC3, 0xC3, 0xC3, 0xDA, 0xFF, 0xFF, 0x5A, 0xEF, 0xFF, 0xCF, 
0x00, 0x00, 0x00, 0x00, 0x00, 0x00, 0x53, 0xFF, 0xFF, 0x6F, 0xEF, 0xFF, 0xCF, 0x00, 0x00, 0x00, 
0x00, 0x00, 0x00, 0x53, 0xFF, 0xFF, 0x6F, 0xEF, 0xFF, 0xCF, 0x00, 0x00, 0x00, 0x00, 0x00, 0x00, 
0x53, 0xFF, 0xFF, 0x6F, 0xEF, 0xFF, 0xCF, 0x00, 0x00, 0x00, 0x00, 0x00, 0x00, 0x53, 0xFF, 0xFF, 
0x6F, 0xEF, 0xFF, 0xCF, 0x00, 0x00, 0x00, 0x00, 0x00, 0x00, 0x53, 0xFF, 0xFF, 0x6F, 0xEF, 0xFF, 
0xCF, 0x00, 0x00, 0x00, 0x00, 0x00, 0x00, 0x53, 0xFF, 0xFF, 0x6F, 0xDB, 0xFF, 0xF6, 0xBF, 0xBF, 
0xBF, 0xBF, 0xBF, 0xBF, 0xD7, 0xFF, 0xFF, 0x5B, 0x84, 0xFF, 0xFF, 0xFF, 0xFF, 0xFF, 0xFF, 0xFF, 
0xFF, 0xFF, 0xFF, 0xED, 0x15, 0x06, 0x8B, 0xE8, 0xFF, 0xFF, 0xFF, 0xFF, 0xFF, 0xFF, 0xFA, 0xC7, 
0x35, 0x00, 0x00, 0x00, 0x40, 0xB9, 0xDA, 0xA7, 0x3F, 0x00, 0x00, 0x00, 0x00, 0x00, 0x00, 0x00, 
0x00, 0x6F, 0xFF, 0xFF, 0xFF, 0xFF, 0xDB, 0x39, 0x26, 0x15, 0x00, 0x00, 0x00, 0x00, 0x47, 0x29, 
0x23, 0xB9, 0xFF, 0xFF, 0xF7, 0xFF, 0x33, 0x00, 0x00, 0x00, 0x00, 0x00, 0x00, 0x00, 0x00, 0x56, 
0xD0, 0xEF, 0xB7, 0x1D, 0x00, 0x00, 0x00, 0x00, 0x00, 0x00, 0x00, 0x00, 0x00, 0x00, 0x00, 0x00, 
0x00, 0x00, 0x00, 0x00, 0x00, 0x00, 0x00, 0x00, 0x00, 0x00, 0x00, 0x00, 0x00, 0x00, 0x00, 0x00, 
0x05, 0x89, 0xE8, 0xFF, 0xFF, 0xFF, 0xFF, 0xFF, 0xFF, 0xFA, 0xC5, 0x34, 0x00, 0x82, 0xFF, 0xFF, 
0xFF, 0xFF, 0xFF, 0xFF, 0xFF, 0xFF, 0xFF, 0xFF, 0xEC, 0x14, 0xDB, 0xFF, 0xF7, 0xC3, 0xC3, 0xC3, 
0xC3, 0xC3, 0xC3, 0xDA, 0xFF, 0xFF, 0x5A, 0xEF, 0xFF, 0xCF, 0x00, 0x00, 0x00, 0x00, 0x00, 0x00, 
0x53, 0xFF, 0xFF, 0x6F, 0xEF, 0xFF, 0xCF, 0x00, 0x00, 0x00, 0x00, 0x00, 0x00, 0x53, 0xFF, 0xFF, 
0x6F, 0xEF, 0xFF, 0xCF, 0x00, 0x00, 0x00, 0x00, 0x00, 0x00, 0x53, 0xFF, 0xFF, 0x6F, 0xEF, 0xFF, 
0xCF, 0x00, 0x00, 0x00, 0x00, 0x00, 0x00, 0x53, 0xFF, 0xFF, 0x6F, 0xEF, 0xFF, 0xCF, 0x00, 0x00, 
0x00, 0x00, 0x00, 0x00, 0x53, 0xFF, 0xFF, 0x6F, 0xEF, 0xFF, 0xCF, 0x00, 0x00, 0x00, 0x00, 0x00, 
0x00, 0x53, 0xFF, 0xFF, 0x6F, 0xDB, 0xFF, 0xF6, 0xBF, 0xBF, 0xBF, 0xBF, 0xBF, 0xBF, 0xD7, 0xFF, 
0xFF, 0x5B, 0x84, 0xFF, 0xFF, 0xFF, 0xFF, 0xFF, 0xFF, 0xFF, 0xFF, 0xFF, 0xFF, 0xED, 0x15, 0x06, 
0x8B, 0xE8, 0xFF, 0xFF, 0xFF, 0xFF, 0xFF, 0xFF, 0xFA, 0xC7, 0x35, 0x00, 0x00, 0x00, 0x00, 0xA7, 
0xFF, 0xFF, 0x2B, 0xFF, 0xFF, 0xB3, 0x00, 0x00, 0x00, 0x00, 0x00, 0x00, 0xA7, 0xFF, 0xFF, 0x2B, 
0xFF, 0xFF, 0xB3, 0x00, 0x00, 0x00, 0x00, 0x00, 0x00, 0x83, 0xC7, 0xC7, 0x22, 0xC7, 0xC7, 0x8C, 
0x00, 0x00, 0x00, 0x00, 0x00, 0x00, 0x00, 0x00, 0x00, 0x00, 0x00, 0x00, 0x00, 0x00, 0x00, 0x00, 
0x00, 0x00, 0x00, 0x00, 0x00, 0x00, 0x00, 0x00, 0x00, 0x00, 0x00, 0x00, 0x00, 0x05, 0x89, 0xE8, 
0xFF, 0xFF, 0xFF, 0xFF, 0xFF, 0xFF, 0xFA, 0xC5, 0x34, 0x00, 0x82, 0xFF, 0xFF, 0xFF, 0xFF, 0xFF, 
0xFF, 0xFF, 0xFF, 0xFF, 0xFF, 0xEC, 0x14, 0xDB, 0xFF, 0xF7, 0xC3, 0xC3, 0xC3, 0xC3, 0xC3, 0xC3, 
0xDA, 0xFF, 0xFF, 0x5A, 0xEF, 0xFF, 0xCF, 0x00, 0x00, 0x00, 0x00, 0x00, 0x00, 0x53, 0xFF, 0xFF, 
0x6F, 0xEF, 0xFF, 0xCF, 0x00, 0x00, 0x00, 0x00, 0x00, 0x00, 0x53, 0xFF, 0xFF, 0x6F, 0xEF, 0xFF, 
0xCF, 0x00, 0x00, 0x00, 0x00, 0x00, 0x00, 0x53, 0xFF, 0xFF, 0x6F, 0xEF, 0xFF, 0xCF, 0x00, 0x00, 
0x00, 0x00, 0x00, 0x00, 0x53, 0xFF, 0xFF, 0x6F, 0xEF, 0xFF, 0xCF, 0x00, 0x00, 0x00, 0x00, 0x00, 
0x00, 0x53, 0xFF, 0xFF, 0x6F, 0xEF, 0xFF, 0xCF, 0x00, 0x00, 0x00, 0x00, 0x00, 0x00, 0x53, 0xFF, 
0xFF, 0x6F, 0xDB, 0xFF, 0xF6, 0xBF, 0xBF, 0xBF, 0xBF, 0xBF, 0xBF, 0xD7, 0xFF, 0xFF, 0x5B, 0x84, 
0xFF, 0xFF, 0xFF, 0xFF, 0xFF, 0xFF, 0xFF, 0xFF, 0xFF, 0xFF, 0xED, 0x15, 0x06, 0x8B, 0xE8, 0xFF, 
0xFF, 0xFF, 0xFF, 0xFF, 0xFF, 0xFA, 0xC7, 0x35, 0x00, 0x00, 0x00, 0x00, 0x00, 0xC7, 0xFF, 0xF7, 
0x00, 0x00, 0x00, 0x00, 0x00, 0x00, 0x00, 0x00, 0xC7, 0xFF, 0xF7, 0x00, 0x00, 0x00, 0x00, 0x00, 
0x00, 0x00, 0x00, 0x9C, 0xC7, 0xC1, 0x00, 0x00, 0x00, 0x00, 0x00, 0x00, 0x00, 0x00, 0x00, 0x00, 
0x00, 0x00, 0x00, 0x00, 0x00, 0x77, 0xBF, 0xBF, 0xBF, 0xBF, 0xBF, 0xBF, 0xBF, 0xBF, 0xBF, 0x68, 
0x9F, 0xFF, 0xFF, 0xFF, 0xFF, 0xFF, 0xFF, 0xFF, 0xFF, 0xFF, 0x8B, 0x9F, 0xFF, 0xFF, 0xFF, 0xFF, 
0xFF, 0xFF, 0xFF, 0xFF, 0xFF, 0x8B, 0x00, 0x00, 0x00, 0x00, 0x00, 0x00, 0x00, 0x00, 0x00, 0x00, 
0x00, 0x00, 0x00, 0x00, 0x00, 0x00, 0x00, 0x00, 0x00, 0x00, 0x00, 0x00, 0x00, 0x00, 0x00, 0x00, 
0x95, 0xBF, 0xB9, 0x00, 0x00, 0x00, 0x00, 0x00, 0x00, 0x00, 0x00, 0xC7, 0xFF, 0xF7, 0x00, 0x00, 
0x00, 0x00, 0x00, 0x00, 0x00, 0x00, 0xC7, 0xFF, 0xF7, 0x00, 0x00, 0x00, 0x00, 0x00, 0x00, 0x00, 
0x00, 0x28, 0xFF, 0xFF, 0xA3, 0x00, 0x00, 0x00, 0x00, 0x00, 0x00, 0x00, 0x00, 0x00, 0x00, 0xE6, 
0xFF, 0xE4, 0x00, 0x00, 0x00, 0x00, 0x00, 0x00, 0x00, 0x00, 0x00, 0x00, 0xA6, 0xFF, 0xFF, 0x24, 
0x00, 0x00, 0x00, 0x00, 0x00, 0x00, 0x00, 0x00, 0x00, 0x5A, 0xD7, 0xD7, 0x51, 0x00, 0x00, 0x00, 
0x00, 0x00, 0x00, 0x00, 0x00, 0x00, 0x00, 0x00, 0x00, 0x00, 0x00, 0x00, 0x00, 0x00, 0x00, 0x00, 
0x00, 0x00, 0x00, 0x00, 0x00, 0x00, 0x00, 0x00, 0x00, 0x00, 0x00, 0xE3, 0xFF, 0xDB, 0x00, 0x00, 
0x00, 0x00, 0x00, 0x00, 0x47, 0xFF, 0xFF, 0x77, 0xE3, 0xFF, 0xDB, 0x00, 0x00, 0x00, 0x00, 0x00, 
0x00, 0x47, 0xFF, 0xFF, 0x77, 0xE3, 0xFF, 0xDB, 0x00, 0x00, 0x00, 0x00, 0x00, 0x00, 0x47, 0xFF, 
0xFF, 0x77, 0xE3, 0xFF, 0xDB, 0x00, 0x00, 0x00, 0x00, 0x00, 0x00, 0x47, 0xFF, 0xFF, 0x77, 0xE3, 
0xFF, 0xDB, 0x00, 0x00, 0x00, 0x00, 0x00, 0x00, 0x47, 0xFF, 0xFF, 0x77, 0xE3, 0xFF, 0xDB, 0x00, 
0x00, 0x00, 0x00, 0x00, 0x00, 0x47, 0xFF, 0xFF, 0x77, 0xE3, 0xFF, 0xDB, 0x00, 0x00, 0x00, 0x00, 
0x00, 0x00, 0x47, 0xFF, 0xFF, 0x77, 0xE3, 0xFF, 0xDB, 0x00, 0x00, 0x00, 0x00, 0x00, 0x00, 0x47, 
0xFF, 0xFF, 0x77, 0xE3, 0xFF, 0xDB, 0x00, 0x00, 0x00, 0x00, 0x00, 0x00, 0x47, 0xFF, 0xFF, 0x77, 
0xCF, 0xFF, 0xF9, 0xBF, 0xBF, 0xBF, 0xBF, 0xBF, 0xBF, 0xD4, 0xFF, 0xFF, 0x63, 0x7A, 0xFF, 0xFF, 
0xFF, 0xFF, 0xFF, 0xFF, 0xFF, 0xFF, 0xFF, 0xFF, 0xF1, 0x1A, 0x04, 0x85, 0xE6, 0xFF, 0xFF, 0xFF, 
0xFF, 0xFF, 0xFF, 0xFB, 0xCB, 0x3B, 0x00, 0x00, 0x00, 0x00, 0x00, 0x00, 0x70, 0xFF, 0xFF, 0x5A, 
0x00, 0x00, 0x00, 0x00, 0x00, 0x00, 0x00, 0x00, 0x00, 0xB1, 0xFF, 0xFF, 0x1B, 0x00, 0x00, 0x00, 
0x00, 0x00, 0x00, 0x00, 0x00, 0x02, 0xEF, 0xFF, 0xD9, 0x00, 0x00, 0x00, 0x00, 0x00, 0x00, 0x00, 
0x00, 0x00, 0x25, 0xD7, 0xD7, 0x86, 0x00, 0x00, 0x00, 0x00, 0x00, 0x00, 0x00, 0x00, 0x00, 0x00, 
0x00, 0x00, 0x00, 0x00, 0x00, 0x00, 0x00, 0x00, 0x00, 0x00, 0x00, 0x00, 0x00, 0x00, 0x00, 0x00, 
0x00, 0x00, 0x00, 0x00, 0x00, 0xE3, 0xFF, 0xDB, 0x00, 0x00, 0x00, 0x00, 0x00, 0x00, 0x47, 0xFF, 
0xFF, 0x77, 0xE3, 0xFF, 0xDB, 0x00, 0x00, 0x00, 0x00, 0x00, 0x00, 0x47, 0xFF, 0xFF, 0x77, 0xE3, 
0xFF, 0xDB, 0x00, 0x00, 0x00, 0x00, 0x00, 0x00, 0x47, 0xFF, 0xFF, 0x77, 0xE3, 0xFF, 0xDB, 0x00, 
0x00, 0x00, 0x00, 0x00, 0x00, 0x47, 0xFF, 0xFF, 0x77, 0xE3, 0xFF, 0xDB, 0x00, 0x00, 0x00, 0x00, 
0x00, 0x00, 0x47, 0xFF, 0xFF, 0x77, 0xE3, 0xFF, 0xDB, 0x00, 0x00, 0x00, 0x00, 0x00, 0x00, 0x47, 
0xFF, 0xFF, 0x77, 0xE3, 0xFF, 0xDB, 0x00, 0x00, 0x00, 0x00, 0x00, 0x00, 0x47, 0xFF, 0xFF, 0x77, 
0xE3, 0xFF, 0xDB, 0x00, 0x00, 0x00, 0x00, 0x00, 0x00, 0x47, 0xFF, 0xFF, 0x77, 0xE3, 0xFF, 0xDB, 
0x00, 0x00, 0x00, 0x00, 0x00, 0x00, 0x47, 0xFF, 0xFF, 0x77, 0xCF, 0xFF, 0xF9, 0xBF, 0xBF, 0xBF, 
0xBF, 0xBF, 0xBF, 0xD4, 0xFF, 0xFF, 0x63, 0x7A, 0xFF, 0xFF, 0xFF, 0xFF, 0xFF, 0xFF, 0xFF, 0xFF, 
0xFF, 0xFF, 0xF1, 0x1A, 0x04, 0x85, 0xE6, 0xFF, 0xFF, 0xFF, 0xFF, 0xFF, 0xFF, 0xFB, 0xCB, 0x3B, 
0x00, 0x00, 0x00, 0x00, 0x00, 0x00, 0x25, 0x6B, 0x4D, 0x00, 0x00, 0x00, 0x00, 0x00, 0x00, 0x00, 
0x00, 0x00, 0x01, 0xC5, 0xFF, 0xFB, 0x2A, 0x00, 0x00, 0x00, 0x00, 0x00, 0x00, 0x00, 0x00, 0x60, 
0xFF, 0xF7, 0xFF, 0xBF, 0x00, 0x00, 0x00, 0x00, 0x00, 0x00, 0x00, 0x10, 0xEA, 0xFE, 0x3F, 0xD9, 
0xFF, 0x5A, 0x00, 0x00, 0x00, 0x00, 0x00, 0x00, 0x00, 0x00, 0x00, 0x00, 0x00, 0x00, 0x00, 0x00, 
0x00, 0x00, 0x00, 0x00, 0x00, 0x00, 0x00, 0x00, 0x00, 0x00, 0x00, 0x00, 0x00, 0x00, 0x00, 0xE3, 
0xFF, 0xDB, 0x00, 0x00, 0x00, 0x00, 0x00, 0x00, 0x47, 0xFF, 0xFF, 0x77, 0xE3, 0xFF, 0xDB, 0x00, 
0x00, 0x00, 0x00, 0x00, 0x00, 0x47, 0xFF, 0xFF, 0x77, 0xE3, 0xFF, 0xDB, 0x00, 0x00, 0x00, 0x00, 
0x00, 0x00, 0x47, 0xFF, 0xFF, 0x77, 0xE3, 0xFF, 0xDB, 0x00, 0x00, 0x00, 0x00, 0x00, 0x00, 0x47, 
0xFF, 0xFF, 0x77, 0xE3, 0xFF, 0xDB, 0x00, 0x00, 0x00, 0x00, 0x00, 0x00, 0x47, 0xFF, 0xFF, 0x77, 
0xE3, 0xFF, 0xDB, 0x00, 0x00, 0x00, 0x00, 0x00, 0x00, 0x47, 0xFF, 0xFF, 0x77, 0xE3, 0xFF, 0xDB, 
0x00, 0x00, 0x00, 0x00, 0x00, 0x00, 0x47, 0xFF, 0xFF, 0x77, 0xE3, 0xFF, 0xDB, 0x00, 0x00, 0x00, 
0x00, 0x00, 0x00, 0x47, 0xFF, 0xFF, 0x77, 0xE3, 0xFF, 0xDB, 0x00, 0x00, 0x00, 0x00, 0x00, 0x00, 
0x47, 0xFF, 0xFF, 0x77, 0xCF, 0xFF, 0xF9, 0xBF, 0xBF, 0xBF, 0xBF, 0xBF, 0xBF, 0xD4, 0xFF, 0xFF, 
0x63, 0x7A, 0xFF, 0xFF, 0xFF, 0xFF, 0xFF, 0xFF, 0xFF, 0xFF, 0xFF, 0xFF, 0xF1, 0x1A, 0x04, 0x85, 
0xE6, 0xFF, 0xFF, 0xFF, 0xFF, 0xFF, 0xFF, 0xFB, 0xCB, 0x3B, 0x00, 0x00, 0x00, 0x00, 0xA3, 0xFF, 
0xFF, 0x27, 0xFF, 0xFF, 0xB7, 0x00, 0x00, 0x00, 0x00, 0x00, 0x00, 0xA3, 0xFF, 0xFF, 0x27, 0xFF, 
0xFF, 0xB7, 0x00, 0x00, 0x00, 0x00, 0x00, 0x00, 0x80, 0xC7, 0xC7, 0x1F, 0xC7, 0xC7, 0x8F, 0x00, 
0x00, 0x00, 0x00, 0x00, 0x00, 0x00, 0x00, 0x00, 0x00, 0x00, 0x00, 0x00, 0x00, 0x00, 0x00, 0x00, 
0x00, 0x00, 0x00, 0x00, 0x00, 0x00, 0x00, 0x00, 0x00, 0x00, 0x00, 0x00, 0xE3, 0xFF, 0xDB, 0x00, 
0x00, 0x00, 0x00, 0x00, 0x00, 0x47, 0xFF, 0xFF, 0x77, 0xE3, 0xFF, 0xDB, 0x00, 0x00, 0x00, 0x00, 
0x00, 0x00, 0x47, 0xFF, 0xFF, 0x77, 0xE3, 0xFF, 0xDB, 0x00, 0x00, 0x00, 0x00, 0x00, 0x00, 0x47, 
0xFF, 0xFF, 0x77, 0xE3, 0xFF, 0xDB, 0x00, 0x00, 0x00, 0x00, 0x00, 0x00, 0x47, 0xFF, 0xFF, 0x77, 
0xE3, 0xFF, 0xDB, 0x00, 0x00, 0x00, 0x00, 0x00, 0x00, 0x47, 0xFF, 0xFF, 0x77, 0xE3, 0xFF, 0xDB, 
0x00, 0x00, 0x00, 0x00, 0x00, 0x00, 0x47, 0xFF, 0xFF, 0x77, 0xE3, 0xFF, 0xDB, 0x00, 0x00, 0x00, 
0x00, 0x00, 0x00, 0x47, 0xFF, 0xFF, 0x77, 0xE3, 0xFF, 0xDB, 0x00, 0x00, 0x00, 0x00, 0x00, 0x00, 
0x47, 0xFF, 0xFF, 0x77, 0xE3, 0xFF, 0xDB, 0x00, 0x00, 0x00, 0x00, 0x00, 0x00, 0x47, 0xFF, 0xFF, 
0x77, 0xCF, 0xFF, 0xF9, 0xBF, 0xBF, 0xBF, 0xBF, 0xBF, 0xBF, 0xD4, 0xFF, 0xFF, 0x63, 0x7A, 0xFF, 
0xFF, 0xFF, 0xFF, 0xFF, 0xFF, 0xFF, 0xFF, 0xFF, 0xFF, 0xF1, 0x1A, 0x04, 0x85, 0xE6, 0xFF, 0xFF, 
0xFF, 0xFF, 0xFF, 0xFF, 0xFB, 0xCB, 0x3B, 0x00, 0x00, 0x00, 0x00, 0x00, 0x00, 0x00, 0x80, 0xFF, 
0xFF, 0x4A, 0x00, 0x00, 0x00, 0x00, 0x00, 0x00, 0x00, 0x00, 0x00, 0x00, 0xC1, 0xFF, 0xFC, 0x0E, 
0x00, 0x00, 0x00, 0x00, 0x00, 0x00, 0x00, 0x00, 0x00, 0x08, 0xF8, 0xFF, 0xC9, 0x00, 0x00, 0x00, 
0x00, 0x00, 0x00, 0x00, 0x00, 0x00, 0x00, 0x33, 0xD7, 0xD7, 0x78, 0x00, 0x00, 0x00, 0x00, 0x00, 
0x00, 0x00, 0x00, 0x00, 0x00, 0x00, 0x00, 0x00, 0x00, 0x00, 0x00, 0x00, 0x00, 0x00, 0x00, 0x00, 
0x00, 0x00, 0x00, 0x00, 0x00, 0x00, 0x00, 0x00, 0x00, 0x00, 0x00, 0x00, 0x1F, 0xFF, 0xFF, 0x9F, 
0x00, 0x00, 0x00, 0x00, 0x00, 0x00, 0x83, 0xFF, 0xFF, 0x3B, 0x1F, 0xFF, 0xFF, 0x9F, 0x00, 0x00, 
0x00, 0x00, 0x00, 0x00, 0x83, 0xFF, 0xFF, 0x3B, 0x1F, 0xFF, 0xFF, 0x9F, 0x00, 0x00, 0x00, 0x00, 
0x00, 0x00, 0x83, 0xFF, 0xFF, 0x3B, 0x1F, 0xFF, 0xFF, 0x9F, 0x00, 0x00, 0x00, 0x00, 0x00, 0x00, 
0x83, 0xFF, 0xFF, 0x3B, 0x1F, 0xFF, 0xFF, 0x9F, 0x00, 0x00, 0x00, 0x00, 0x00, 0x00, 0x83, 0xFF, 
0xFF, 0x3B, 0x1F, 0xFF, 0xFF, 0x9F, 0x00, 0x00, 0x00, 0x00, 0x00, 0x00, 0x83, 0xFF, 0xFF, 0x3B, 
0x1F, 0xFF, 0xFF, 0x9F, 0x00, 0x00, 0x00, 0x00, 0x00, 0x00, 0x83, 0xFF, 0xFF, 0x3B, 0x1F, 0xFF, 
0xFF, 0x9F, 0x00, 0x00, 0x00, 0x00, 0x00, 0x00, 0x83, 0xFF, 0xFF, 0x3B, 0x1F, 0xFF, 0xFF, 0x9F, 
0x00, 0x00, 0x00, 0x00, 0x00, 0x00, 0x83, 0xFF, 0xFF, 0x3B, 0x0D, 0xFE, 0xFF, 0xEA, 0xBF, 0xBF, 
0xBF, 0xBF, 0xBF, 0xBF, 0xE3, 0xFF, 0xFF, 0x3B, 0x00, 0xB4, 0xFF, 0xFF, 0xFF, 0xFF, 0xFF, 0xFF, 
0xFF, 0xFF, 0xFF, 0xFF, 0xFF, 0x3B, 0x00, 0x13, 0xA6, 0xF1, 0xFF, 0xFF, 0xFF, 0xFF, 0xFF, 0xFF, 
0xFF, 0xFF, 0xFF, 0x3B, 0x00, 0x00, 0x00, 0x00, 0x00, 0x00, 0x00, 0x00, 0x00, 0x00, 0x83, 0xFF, 
0xFF, 0x3B, 0x00, 0x00, 0x00, 0x00, 0x00, 0x00, 0x00, 0x00, 0x00, 0x00, 0x85, 0xFF, 0xFF, 0x3B, 
0x00, 0x00, 0x17, 0xFF, 0xFF, 0xFF, 0xFF, 0xFF, 0xFF, 0xFF, 0xFF, 0xFF, 0xFF, 0x1B, 0x00, 0x00, 
0x17, 0xFF, 0xFF, 0xFF, 0xFF, 0xFF, 0xFF, 0xFF, 0xFF, 0xFF, 0xAE, 0x00, 0x00, 0x00, 0x12, 0xC7, 
0xC7, 0xC7, 0xC7, 0xC7, 0xC7, 0xC7, 0xBD, 0x7C, 0x07, 0x00, 0x00, 0x00, 0x00, 0x00, 0xB3, 0xFF, 
0xFF, 0x27, 0xFF, 0xFF, 0xA7, 0x00, 0x00, 0x00, 0x00, 0x00, 0x00, 0x00, 0xB3, 0xFF, 0xFF, 0x27, 
0xFF, 0xFF, 0xA7, 0x00, 0x00, 0x00, 0x00, 0x00, 0x00, 0x00, 0x8C, 0xC7, 0xC7, 0x1F, 0xC7, 0xC7, 
0x83, 0x00, 0x00, 0x00, 0x00, 0x00, 0x00, 0x00, 0x00, 0x00, 0x00, 0x00, 0x00, 0x00, 0x00, 0x00, 
0x00, 0x00, 0x00, 0x00, 0x00, 0x00, 0x00, 0x00, 0x00, 0x00, 0x00, 0x00, 0x00, 0x00, 0x00, 0x00, 
0x1F, 0xFF, 0xFF, 0x9F, 0x00, 0x00, 0x00, 0x00, 0x00, 0x00, 0x83, 0xFF, 0xFF, 0x3B, 0x1F, 0xFF, 
0xFF, 0x9F, 0x00, 0x00, 0x00, 0x00, 0x00, 0x00, 0x83, 0xFF, 0xFF, 0x3B, 0x1F, 0xFF, 0xFF, 0x9F, 
0x00, 0x00, 0x00, 0x00, 0x00, 0x00, 0x83, 0xFF, 0xFF, 0x3B, 0x1F, 0xFF, 0xFF, 0x9F, 0x00, 0x00, 
0x00, 0x00, 0x00, 0x00, 0x83, 0xFF, 0xFF, 0x3B, 0x1F, 0xFF, 0xFF, 0x9F, 0x00, 0x00, 0x00, 0x00, 
0x00, 0x00, 0x83, 0xFF, 0xFF, 0x3B, 0x1F, 0xFF, 0xFF, 0x9F, 0x00, 0x00, 0x00, 0x00, 0x00, 0x00, 
0x83, 0xFF, 0xFF, 0x3B, 0x1F, 0xFF, 0xFF, 0x9F, 0x00, 0x00, 0x00, 0x00, 0x00, 0x00, 0x83, 0xFF, 
0xFF, 0x3B, 0x1F, 0xFF, 0xFF, 0x9F, 0x00, 0x00, 0x00, 0x00, 0x00, 0x00, 0x83, 0xFF, 0xFF, 0x3B, 
0x1F, 0xFF, 0xFF, 0x9F, 0x00, 0x00, 0x00, 0x00, 0x00, 0x00, 0x83, 0xFF, 0xFF, 0x3B, 0x0D, 0xFE, 
0xFF, 0xEA, 0xBF, 0xBF, 0xBF, 0xBF, 0xBF, 0xBF, 0xE3, 0xFF, 0xFF, 0x3B, 0x00, 0xB4, 0xFF, 0xFF, 
0xFF, 0xFF, 0xFF, 0xFF, 0xFF, 0xFF, 0xFF, 0xFF, 0xFF, 0x3B, 0x00, 0x13, 0xA6, 0xF1, 0xFF, 0xFF, 
0xFF, 0xFF, 0xFF, 0xFF, 0xFF, 0xFF, 0xFF, 0x3B, 0x00, 0x00, 0x00, 0x00, 0x00, 0x00, 0x00, 0x00, 
0x00, 0x00, 0x83, 0xFF, 0xFF, 0x3B, 0x00, 0x00, 0x00, 0x00, 0x00, 0x00, 0x00, 0x00, 0x00, 0x00, 
0x85, 0xFF, 0xFF, 0x3B, 0x00, 0x00, 0x17, 0xFF, 0xFF, 0xFF, 0xFF, 0xFF, 0xFF, 0xFF, 0xFF, 0xFF, 
0xFF, 0x1B, 0x00, 0x00, 0x17, 0xFF, 0xFF, 0xFF, 0xFF, 0xFF, 0xFF, 0xFF, 0xFF, 0xFF, 0xAE, 0x00, 
0x00, 0x00, 0x12, 0xC7, 0xC7, 0xC7, 0xC7, 0xC7, 0xC7, 0xC7, 0xBD, 0x7C, 0x07, 0x00, 0xEB, 0xFF, 
0xD3, 0xEB, 0xFF, 0xD3, 0xEB, 0xFF, 0xD3, 0xEB, 0xFF, 0xD3, 0xEB, 0xFF, 0xD3, 0xEB, 0xFF, 0xD3, 
0xEB, 0xFF, 0xD3, 0xEB, 0xFF, 0xD3, 0xEB, 0xFF, 0xD3, 0xEB, 0xFF, 0xD3, 0xEB, 0xFF, 0xD3, 0xEB, 
0xFF, 0xD3, 0x03, 0x7F, 0xE3, 0xFF, 0xFF, 0xFF, 0xFF, 0xFF, 0xFF, 0xFF, 0xFF, 0xFF, 0xFF, 0xFF, 
0xFF, 0xFF, 0xFF, 0xFF, 0xFF, 0xFF, 0xFF, 0xFF, 0xFF, 0xFF, 0xFF, 0xFF, 0x57, 0x75, 0xFF, 0xFF, 
0xFF, 0xFF, 0xFF, 0xFF, 0xFF, 0xFF, 0xFF, 0xFF, 0xFF, 0xFF, 0xFF, 0xFF, 0xFF, 0xFF, 0xFF, 0xFF, 
0xFF, 0xFF, 0xFF, 0xFF, 0xFF, 0xFF, 0xFF, 0x57, 0xCE, 0xFF, 0xFC, 0xC8, 0xC7, 0xC7, 0xC7, 0xC7, 
0xC7, 0xC7, 0xC7, 0xC7, 0xE9, 0xFF, 0xFF, 0xD4, 0xC7, 0xC7, 0xC7, 0xC7, 0xC7, 0xC7, 0xC7, 0xC7, 
0xC7, 0xC7, 0x44, 0xE3, 0xFF, 0xE3, 0x00, 0x00, 0x00, 0x00, 0x00, 0x00, 0x00, 0x00, 0x00, 0x8B, 
0xFF, 0xFF, 0x37, 0x00, 0x00, 0x00, 0x00, 0x00, 0x00, 0x00, 0x00, 0x00, 0x00, 0x00, 0xE3, 0xFF, 
0xE3, 0x00, 0x00, 0x00, 0x00, 0x00, 0x00, 0x00, 0x00, 0x00, 0x8B, 0xFF, 0xFF, 0x37, 0x00, 0x00, 
0x00, 0x00, 0x00, 0x00, 0x00, 0x00, 0x00, 0x00, 0x00, 0xE3, 0xFF, 0xE3, 0x00, 0x00, 0x00, 0x00, 
0x00, 0x00, 0x00, 0x00, 0x00, 0x8B, 0xFF, 0xFF, 0x37, 0x00, 0x00, 0x00, 0x00, 0x00, 0x00, 0x00, 
0x00, 0x00, 0x00, 0x00, 0xE3, 0xFF, 0xE3, 0x00, 0x00, 0x00, 0x00, 0x00, 0x00, 0x00, 0x00, 0x00, 
0x8B, 0xFF, 0xFF, 0xD1, 0xC3, 0xC3, 0xC3, 0xC3, 0xC3, 0xC3, 0xC3, 0xC3, 0x21, 0x00, 0x00, 0xE3, 
0xFF, 0xE3, 0x00, 0x00, 0x00, 0x00, 0x00, 0x00, 0x00, 0x00, 0x00, 0x8B, 0xFF, 0xFF, 0xFF, 0xFF, 
0xFF, 0xFF, 0xFF, 0xFF, 0xFF, 0xFF, 0xFF, 0x2B, 0x00, 0x00, 0xE3, 0xFF, 0xE3, 0x00, 0x00, 0x00, 
0x00, 0x00, 0x00, 0x00, 0x00, 0x00, 0x8B, 0xFF, 0xFF, 0xFF, 0xFF, 0xFF, 0xFF, 0xFF, 0xFF, 0xFF, 
0xFF, 0xFF, 0x2B, 0x00, 0x00, 0xE3, 0xFF, 0xE3, 0x00, 0x00, 0x00, 0x00, 0x00, 0x00, 0x00, 0x00, 
0x00, 0x8B, 0xFF, 0xFF, 0x37, 0x00, 0x00, 0x00, 0x00, 0x00, 0x00, 0x00, 0x00, 0x00, 0x00, 0x00, 
0xE3, 0xFF, 0xE3, 0x00, 0x00, 0x00, 0x00, 0x00, 0x00, 0x00, 0x00, 0x00, 0x8B, 0xFF, 0xFF, 0x37, 
0x00, 0x00, 0x00, 0x00, 0x00, 0x00, 0x00, 0x00, 0x00, 0x00, 0x00, 0xE3, 0xFF, 0xE3, 0x00, 0x00, 
0x00, 0x00, 0x00, 0x00, 0x00, 0x00, 0x00, 0x8B, 0xFF, 0xFF, 0x37, 0x00, 0x00, 0x00, 0x00, 0x00, 
0x00, 0x00, 0x00, 0x00, 0x00, 0x00, 0xCF, 0xFF, 0xFB, 0xC4, 0xC3, 0xC3, 0xC3, 0xC3, 0xC3, 0xC3, 
0xC3, 0xC3, 0xE7, 0xFF, 0xFF, 0xD1, 0xC3, 0xC3, 0xC3, 0xC3, 0xC3, 0xC3, 0xC3, 0xC3, 0xC3, 0xC3, 
0x43, 0x77, 0xFF, 0xFF, 0xFF, 0xFF, 0xFF, 0xFF, 0xFF, 0xFF, 0xFF, 0xFF, 0xFF, 0xFF, 0xFF, 0xFF, 
0xFF, 0xFF, 0xFF, 0xFF, 0xFF, 0xFF, 0xFF, 0xFF, 0xFF, 0xFF, 0xFF, 0x57, 0x03, 0x82, 0xE5, 0xFF, 
0xFF, 0xFF, 0xFF, 0xFF, 0xFF, 0xFF, 0xFF, 0xFF, 0xFF, 0xFF, 0xFF, 0xFF, 0xFF, 0xFF, 0xFF, 0xFF, 
0xFF, 0xFF, 0xFF, 0xFF, 0xFF, 0xFF, 0x57, 0x05, 0x88, 0xE6, 0xFF, 0xFF, 0xFF, 0xFF, 0xFF, 0xFF, 
0xFF, 0xFF, 0xFF, 0xFF, 0xFF, 0xFF, 0xFF, 0xFF, 0xFF, 0xFF, 0xEE, 0x9D, 0x0E, 0x00, 0x81, 0xFF, 
0xFF, 0xFF, 0xFF, 0xFF, 0xFF, 0xFF, 0xFF, 0xFF, 0xFF, 0xFF, 0xFF, 0xFF, 0xFF, 0xFF, 0xFF, 0xFF, 
0xFF, 0xFF, 0xFF, 0xA4, 0x00, 0xD8, 0xFF, 0xF7, 0xC3, 0xC3, 0xC3, 0xC3, 0xC3, 0xC3, 0xD7, 0xFF, 
0xFF, 0xE1, 0xC3, 0xC3, 0xC3, 0xC3, 0xC3, 0xC3, 0xEE, 0xFF, 0xF7, 0x04, 0xEB, 0xFF, 0xD3, 0x00, 
0x00, 0x00, 0x00, 0x00, 0x00, 0x4B, 0xFF, 0xFF, 0x73, 0x00, 0x00, 0x00, 0x00, 0x00, 0x00, 0xAF, 
0xFF, 0xFF, 0x0F, 0xEB, 0xFF, 0xD3, 0x00, 0x00, 0x00, 0x00, 0x00, 0x00, 0x4B, 0xFF, 0xFF, 0xDF, 
0xC3, 0xC3, 0xC3, 0xC3, 0xC3, 0xC3, 0xED, 0xFF, 0xFF, 0x0F, 0xEB, 0xFF, 0xD3, 0x00, 0x00, 0x00, 
0x00, 0x00, 0x00, 0x4B, 0xFF, 0xFF, 0xFF, 0xFF, 0xFF, 0xFF, 0xFF, 0xFF, 0xFF, 0xFF, 0xFF, 0xFF, 
0x0F, 0xEB, 0xFF, 0xD3, 0x00, 0x00, 0x00, 0x00, 0x00, 0x00, 0x4B, 0xFF, 0xFF, 0xFF, 0xFF, 0xFF, 
0xFF, 0xFF, 0xFF, 0xFF, 0xFF, 0xFF, 0xFF, 0x0F, 0xEB, 0xFF, 0xD3, 0x00, 0x00, 0x00, 0x00, 0x00, 
0x00, 0x4B, 0xFF, 0xFF, 0x73, 0x00, 0x00, 0x00, 0x00, 0x00, 0x00, 0x00, 0x00, 0x00, 0x00, 0xEB, 
0xFF, 0xD3, 0x00, 0x00, 0x00, 0x00, 0x00, 0x00, 0x4B, 0xFF, 0xFF, 0x73, 0x00, 0x00, 0x00, 0x00, 
0x00, 0x00, 0x00, 0x00, 0x00, 0x00, 0xD7, 0xFF, 0xF8, 0xBF, 0xBF, 0xBF, 0xBF, 0xBF, 0xBF, 0xD6, 
0xFF, 0xFF, 0xDF, 0xBF, 0xBF, 0xBF, 0xBF, 0xBF, 0xBF, 0xBF, 0xBF, 0xBF, 0x0B, 0x81, 0xFF, 0xFF, 
0xFF, 0xFF, 0xFF, 0xFF, 0xFF, 0xFF, 0xFF, 0xFF, 0xFF, 0xFF, 0xFF, 0xFF, 0xFF, 0xFF, 0xFF, 0xFF, 
0xFF, 0xFF, 0xFF, 0x0F, 0x05, 0x89, 0xE7, 0xFF, 0xFF, 0xFF, 0xFF, 0xFF, 0xFF, 0xFF, 0xFF, 0xFF, 
0xFF, 0xFF, 0xFF, 0xFF, 0xFF, 0xFF, 0xFF, 0xFF, 0xFF, 0xFF, 0x0F, 0x00, 0x00, 0x00, 0x00, 0x00, 
0x57, 0x6B, 0x25, 0x25, 0x6B, 0x5E, 0x00, 0x00, 0x00, 0x00, 0x00, 0x00, 0x00, 0x00, 0x00, 0x00, 
0x61, 0xFF, 0xC8, 0xC9, 0xFF, 0x70, 0x00, 0x00, 0x00, 0x00, 0x00, 0x00, 0x00, 0x00, 0x00, 0x00, 
0x01, 0xC6, 0xFF, 0xFF, 0xD3, 0x04, 0x00, 0x00, 0x00, 0x00, 0x00, 0x00, 0x00, 0x00, 0x00, 0x00, 
0x00, 0x30, 0xFC, 0xFF, 0x3D, 0x00, 0x00, 0x00, 0x00, 0x00, 0x00, 0x00, 0x00, 0x00, 0x00, 0x00, 
0x00, 0x00, 0x00, 0x00, 0x00, 0x00, 0x00, 0x00, 0x00, 0x00, 0x00, 0x05, 0x87, 0xE6, 0xFF, 0xFF, 
0xFF, 0xFF, 0xFF, 0xFF, 0xFF, 0xFF, 0xFF, 0xF1, 0xA9, 0x16, 0x00, 0x81, 0xFF, 0xFF, 0xFF, 0xFF, 
0xFF, 0xFF, 0xFF, 0xFF, 0xFF, 0xFF, 0xFF, 0xFF, 0xFF, 0xBF, 0x00, 0xDA, 0xFF, 0xF9, 0xC7, 0xC7, 
0xC7, 0xC7, 0xC7, 0xC7, 0xC7, 0xC7, 0xC7, 0xEC, 0xFF, 0xFF, 0x19, 0xEF, 0xFF, 0xD3, 0x00, 0x00, 
0x00, 0x00, 0x00, 0x00, 0x00, 0x00, 0x00, 0x9B, 0xFF, 0xFF, 0x2F, 0xEF, 0xFF, 0xD3, 0x00, 0x00, 
0x00, 0x00, 0x00, 0x00, 0x00, 0x00, 0x00, 0x0C, 0x13, 0x13, 0x03, 0xEF, 0xFF, 0xD3, 0x00, 0x00, 
0x00, 0x00, 0x00, 0x00, 0x00, 0x00, 0x00, 0x00, 0x00, 0x00, 0x00, 0xDA, 0xFF, 0xF8, 0xC3, 0xC3, 
0xC3, 0xC3, 0xC3, 0xC3, 0xC3, 0xC3, 0xC3, 0xB5, 0x6D, 0x03, 0x00, 0x83, 0xFF, 0xFF, 0xFF, 0xFF, 
0xFF, 0xFF, 0xFF, 0xFF, 0xFF, 0xFF, 0xFF, 0xFF, 0xFF, 0x9A, 0x00, 0x05, 0x89, 0xE7, 0xFF, 0xFF, 
0xFF, 0xFF, 0xFF, 0xFF, 0xFF, 0xFF, 0xFF, 0xFF, 0xFF, 0xFE, 0x0F, 0x00, 0x00, 0x00, 0x00, 0x00, 
0x00, 0x00, 0x00, 0x00, 0x00, 0x00, 0x00, 0x9E, 0xFF, 0xFF, 0x2F, 0x0E, 0x0F, 0x0D, 0x00, 0x00, 
0x00, 0x00, 0x00, 0x00, 0x00, 0x00, 0x00, 0x9B, 0xFF, 0xFF, 0x2F, 0xEF, 0xFF, 0xD3, 0x00, 0x00, 
0x00, 0x00, 0x00, 0x00, 0x00, 0x00, 0x00, 0x9B, 0xFF, 0xFF, 0x2F, 0xDB, 0xFF, 0xF8, 0xC3, 0xC3, 
0xC3, 0xC3, 0xC3, 0xC3, 0xC3, 0xC3, 0xC3, 0xEA, 0xFF, 0xFF, 0x1A, 0x84, 0xFF, 0xFF, 0xFF, 0xFF, 
0xFF, 0xFF, 0xFF, 0xFF, 0xFF, 0xFF, 0xFF, 0xFF, 0xFF, 0xC1, 0x00, 0x06, 0x8A, 0xE7, 0xFF, 0xFF, 
0xFF, 0xFF, 0xFF, 0xFF, 0xFF, 0xFF, 0xFF, 0xF2, 0xAA, 0x17, 0x00, 0x00, 0x00, 0x00, 0x1A, 0x6B, 
0x63, 0x00, 0x55, 0x6B, 0x30, 0x00, 0x00, 0x00, 0x00, 0x00, 0x00, 0x03, 0xCE, 0xFF, 0x94, 0xFE, 
0xEF, 0x16, 0x00, 0x00, 0x00, 0x00, 0x00, 0x00, 0x00, 0x39, 0xFE, 0xFF, 0xFF, 0x6A, 0x00, 0x00, 
0x00, 0x00, 0x00, 0x00, 0x00, 0x00, 0x00, 0x9D, 0xFF, 0xCE, 0x02, 0x00, 0x00, 0x00, 0x00, 0x00, 
0x00, 0x00, 0x00, 0x00, 0x00, 0x00, 0x00, 0x00, 0x00, 0x00, 0x00, 0x00, 0x00, 0x00, 0x00, 0x00, 
0x00, 0x00, 0x00, 0x00, 0x00, 0x00, 0x00, 0x00, 0x00, 0x09, 0x93, 0xEB, 0xFF, 0xFF, 0xFF, 0xFF, 
0xFF, 0xFF, 0xF8, 0xC0, 0x2C, 0x00, 0x92, 0xFF, 0xFF, 0xFF, 0xFF, 0xFF, 0xFF, 0xFF, 0xFF, 0xFF, 
0xFF, 0xE3, 0x0C, 0xEB, 0xFF, 0xF2, 0xC3, 0xC3, 0xC3, 0xC3, 0xC3, 0xC3, 0xDD, 0xFF, 0xFF, 0x46, 
0xFF, 0xFF, 0xBF, 0x00, 0x00, 0x00, 0x00, 0x00, 0x00, 0x2B, 0x6F, 0x6F, 0x28, 0xED, 0xFF, 0xF2, 
0xC3, 0xC3, 0xC3, 0xC3, 0xC3, 0xC3, 0xBC, 0x84, 0x0D, 0x00, 0x97, 0xFF, 0xFF, 0xFF, 0xFF, 0xFF, 
0xFF, 0xFF, 0xFF, 0xFF, 0xFF, 0xC7, 0x02, 0x0A, 0x95, 0xEB, 0xFF, 0xFF, 0xFF, 0xFF, 0xFF, 0xFF, 
0xFF, 0xFF, 0xFF, 0x3A, 0x00, 0x00, 0x00, 0x00, 0x00, 0x00, 0x00, 0x00, 0x00, 0x66, 0xFF, 0xFF, 
0x5B, 0x6B, 0x6B, 0x50, 0x00, 0x00, 0x00, 0x00, 0x00, 0x00, 0x63, 0xFF, 0xFF, 0x5B, 0xEB, 0xFF, 
0xF2, 0xBF, 0xBF, 0xBF, 0xBF, 0xBF, 0xBF, 0xDB, 0xFF, 0xFF, 0x47, 0x94, 0xFF, 0xFF, 0xFF, 0xFF, 
0xFF, 0xFF, 0xFF, 0xFF, 0xFF, 0xFF, 0xE4, 0x0C, 0x0A, 0x94, 0xEB, 0xFF, 0xFF, 0xFF, 0xFF, 0xFF, 
0xFF, 0xF8, 0xC1, 0x2E, 0x00, 0x00, 0x00, 0x00, 0x00, 0x00, 0x77, 0xFF, 0xFF, 0x47, 0xDF, 0xFF, 
0xE3, 0x00, 0x00, 0x00, 0x00, 0x00, 0x00, 0x00, 0x00, 0x00, 0x00, 0x00, 0x77, 0xFF, 0xFF, 0x47, 
0xDF, 0xFF, 0xE3, 0x00, 0x00, 0x00, 0x00, 0x00, 0x00, 0x00, 0x00, 0x00, 0x00, 0x00, 0x5D, 0xC7, 
0xC7, 0x38, 0xAE, 0xC7, 0xB2, 0x00, 0x00, 0x00, 0x00, 0x00, 0x00, 0x00, 0x00, 0x00, 0x00, 0x00, 
0x00, 0x00, 0x00, 0x00, 0x00, 0x00, 0x00, 0x00, 0x00, 0x00, 0x00, 0x00, 0x00, 0x4A, 0xFE, 0xFF, 
0xEA, 0x1E, 0x00, 0x00, 0x00, 0x00, 0x00, 0x00, 0x00, 0x00, 0x9D, 0xFF, 0xFF, 0xBA, 0x02, 0x00, 
0x8A, 0xFF, 0xFF, 0xCD, 0x08, 0x00, 0x00, 0x00, 0x00, 0x00, 0x00, 0x67, 0xFF, 0xFF, 0xE7, 0x16, 
0x00, 0x00, 0x04, 0xC7, 0xFF, 0xFF, 0xA1, 0x00, 0x00, 0x00, 0x00, 0x00, 0x38, 0xF9, 0xFF, 0xFD, 
0x42, 0x00, 0x00, 0x00, 0x00, 0x1F, 0xEE, 0xFF, 0xFF, 0x6D, 0x00, 0x00, 0x00, 0x17, 0xE4, 0xFF, 
0xFF, 0x80, 0x00, 0x00, 0x00, 0x00, 0x00, 0x00, 0x4F, 0xFF, 0xFF, 0xFB, 0x3E, 0x00, 0x04, 0xC1, 
0xFF, 0xFF, 0xBF, 0x02, 0x00, 0x00, 0x00, 0x00, 0x00, 0x00, 0x00, 0x90, 0xFF, 0xFF, 0xE9, 0x1C, 
0x90, 0xFF, 0xFF, 0xEA, 0x19, 0x00, 0x00, 0x00, 0x00, 0x00, 0x00, 0x00, 0x00, 0x06, 0xCB, 0xFF, 
0xFF, 0xE1, 0xFF, 0xFF, 0xFE, 0x47, 0x00, 0x00, 0x00, 0x00, 0x00, 0x00, 0x00, 0x00, 0x00, 0x00, 
0x22, 0xF0, 0xFF, 0xFF, 0xFF, 0xFF, 0x86, 0x00, 0x00, 0x00, 0x00, 0x00, 0x00, 0x00, 0x00, 0x00, 
0x00, 0x00, 0x00, 0x55, 0xFF, 0xFF, 0xFF, 0xC4, 0x04, 0x00, 0x00, 0x00, 0x00, 0x00, 0x00, 0x00, 
0x00, 0x00, 0x00, 0x00, 0x00, 0x00, 0xB7, 0xFF, 0xFF, 0x2B, 0x00, 0x00, 0x00, 0x00, 0x00, 0x00, 
0x00, 0x00, 0x00, 0x00, 0x00, 0x00, 0x00, 0x00, 0xA7, 0xFF, 0xFF, 0x1B, 0x00, 0x00, 0x00, 0x00, 
0x00, 0x00, 0x00, 0x00, 0x00, 0x00, 0x00, 0x00, 0x00, 0x00, 0xA7, 0xFF, 0xFF, 0x1B, 0x00, 0x00, 
0x00, 0x00, 0x00, 0x00, 0x00, 0x00, 0x00, 0x00, 0x00, 0x00, 0x00, 0x00, 0xA7, 0xFF, 0xFF, 0x1B, 
0x00, 0x00, 0x00, 0x00, 0x00, 0x00, 0x00, 0x00, 0x00, 0x00, 0x00, 0x00, 0x00, 0x00, 0xA7, 0xFF, 
0xFF, 0x1B, 0x00, 0x00, 0x00, 0x00, 0x00, 0x00, 0x00, 0x00, 0x00, 0x00, 0x00, 0x00, 0x00, 0x00, 
0xA7, 0xFF, 0xFF, 0x1B, 0x00, 0x00, 0x00, 0x00, 0x00, 0x00, 0x00, 0x00, 0x00, 0x00, 0x00, 0x00, 
0x59, 0x6B, 0x24, 0x29, 0x6B, 0x5C, 0x00, 0x00, 0x00, 0x00, 0x00, 0x00, 0x00, 0x00, 0x00, 0x00, 
0x67, 0xFF, 0xC5, 0xCD, 0xFF, 0x6C, 0x00, 0x00, 0x00, 0x00, 0x00, 0x00, 0x00, 0x00, 0x00, 0x00, 
0x02, 0xCB, 0xFF, 0xFF, 0xD0, 0x03, 0x00, 0x00, 0x00, 0x00, 0x00, 0x00, 0x00, 0x00, 0x00, 0x00, 
0x00, 0x36, 0xFE, 0xFE, 0x3A, 0x00, 0x00, 0x00, 0x00, 0x00, 0x00, 0x00, 0x00, 0x00, 0x00, 0x00, 
0x00, 0x00, 0x00, 0x00, 0x00, 0x00, 0x00, 0x00, 0x00, 0x00, 0x00, 0xEF, 0xFF, 0xFF, 0xFF, 0xFF, 
0xFF, 0xFF, 0xFF, 0xFF, 0xFF, 0xFF, 0xFF, 0xFF, 0xFF, 0xFF, 0x2F, 0xEF, 0xFF, 0xFF, 0xFF, 0xFF, 
0xFF, 0xFF, 0xFF, 0xFF, 0xFF, 0xFF, 0xFF, 0xFF, 0xFF, 0xFF, 0x2F, 0xBB, 0xC7, 0xC7, 0xC7, 0xC7, 
0xC7, 0xC7, 0xC7, 0xC7, 0xC7, 0xC9, 0xFD, 0xFF, 0xFF, 0xFF, 0x2F, 0x00, 0x00, 0x00, 0x00, 0x00, 
0x00, 0x00, 0x00, 0x00, 0x0A, 0xAB, 0xFF, 0xFF, 0xFF, 0x9A, 0x05, 0x00, 0x00, 0x00, 0x00, 0x00, 
0x00, 0x00, 0x00, 0x1C, 0xCE, 0xFF, 0xFF, 0xFC, 0x6E, 0x00, 0x00, 0x00, 0x00, 0x00, 0x00, 0x00, 
0x00, 0x00, 0x37, 0xE7, 0xFF, 0xFF, 0xEF, 0x46, 0x00, 0x00, 0x00, 0x00, 0x00, 0x00, 0x00, 0x00, 
0x00, 0x5B, 0xF7, 0xFF, 0xFF, 0xDA, 0x27, 0x00, 0x00, 0x00, 0x00, 0x00, 0x00, 0x00, 0x00, 0x01, 
0x85, 0xFF, 0xFF, 0xFF, 0xBB, 0x11, 0x00, 0x00, 0x00, 0x00, 0x00, 0x00, 0x00, 0x00, 0x0C, 0xB0, 
0xFF, 0xFF, 0xFF, 0x94, 0x04, 0x00, 0x00, 0x00, 0x00, 0x00, 0x00, 0x00, 0x00, 0x1F, 0xD1, 0xFF, 
0xFF, 0xFB, 0x68, 0x00, 0x00, 0x00, 0x00, 0x00, 0x00, 0x00, 0x00, 0x00, 0x3B, 0xEA, 0xFF, 0xFF, 
0xED, 0x41, 0x00, 0x00, 0x00, 0x00, 0x00, 0x00, 0x00, 0x00, 0x00, 0x61, 0xF9, 0xFF, 0xFF, 0xD6, 
0x23, 0x00, 0x00, 0x00, 0x00, 0x00, 0x00, 0x00, 0x00, 0x00, 0x00, 0xEF, 0xFF, 0xFF, 0xFF, 0xD2, 
0xC3, 0xC3, 0xC3, 0xC3, 0xC3, 0xC3, 0xC3, 0xC3, 0xC3, 0xC3, 0x24, 0xEF, 0xFF, 0xFF, 0xFF, 0xFF, 
0xFF, 0xFF, 0xFF, 0xFF, 0xFF, 0xFF, 0xFF, 0xFF, 0xFF, 0xFF, 0x2F, 0xEF, 0xFF, 0xFF, 0xFF, 0xFF, 
0xFF, 0xFF, 0xFF, 0xFF, 0xFF, 0xFF, 0xFF, 0xFF, 0xFF, 0xFF, 0x2F, 0x00, 0x00, 0x00, 0x0B, 0x6B, 
0x6A, 0x06, 0x47, 0x6B, 0x3E, 0x00, 0x00, 0x00, 0x00, 0x00, 0x00, 0x00, 0xAF, 0xFF, 0x9C, 0xF6, 
0xFA, 0x2A, 0x00, 0x00, 0x00, 0x00, 0x00, 0x00, 0x00, 0x1F, 0xF6, 0xFF, 0xFF, 0x8A, 0x00, 0x00, 
0x00, 0x00, 0x00, 0x00, 0x00, 0x00, 0x00, 0x7C, 0xFF, 0xE4, 0x0C, 0x00, 0x00, 0x00, 0x00, 0x00, 
0x00, 0x00, 0x00, 0x00, 0x00, 0x00, 0x00, 0x00, 0x00, 0x00, 0x00, 0x00, 0x00, 0x00, 0x00, 0x00, 
0x00, 0x00, 0x00, 0x00, 0x00, 0x00, 0x00, 0x00, 0x00, 0xDF, 0xFF, 0xFF, 0xFF, 0xFF, 0xFF, 0xFF, 
0xFF, 0xFF, 0xFF, 0xFF, 0xFF, 0x7F, 0xDF, 0xFF, 0xFF, 0xFF, 0xFF, 0xFF, 0xFF, 0xFF, 0xFF, 0xFF, 
0xFF, 0xFF, 0x7F, 0xAB, 0xC3, 0xC3, 0xC3, 0xC3, 0xC3, 0xC3, 0xC3, 0xEF, 0xFF, 0xFF, 0xFF, 0x7F, 
0x00, 0x00, 0x00, 0x00, 0x00, 0x00, 0x04, 0x86, 0xFE, 0xFF, 0xFF, 0xBD, 0x18, 0x00, 0x00, 0x00, 
0x00, 0x00, 0x1B, 0xC2, 0xFF, 0xFF, 0xFD, 0x80, 0x02, 0x00, 0x00, 0x00, 0x00, 0x00, 0x47, 0xEB, 
0xFF, 0xFF, 0xE8, 0x42, 0x00, 0x00, 0x00, 0x00, 0x00, 0x03, 0x84, 0xFE, 0xFF, 0xFF, 0xBD, 0x18, 
0x00, 0x00, 0x00, 0x00, 0x00, 0x1A, 0xC1, 0xFF, 0xFF, 0xFD, 0x80, 0x02, 0x00, 0x00, 0x00, 0x00, 
0x00, 0x46, 0xEA, 0xFF, 0xFF, 0xE8, 0x43, 0x00, 0x00, 0x00, 0x00, 0x00, 0x00, 0x00, 0xDF, 0xFF, 
0xFF, 0xFF, 0xD5, 0xBF, 0xBF, 0xBF, 0xBF, 0xBF, 0xBF, 0xBF, 0x5F, 0xDF, 0xFF, 0xFF, 0xFF, 0xFF, 
0xFF, 0xFF, 0xFF, 0xFF, 0xFF, 0xFF, 0xFF, 0x7F, 0xDF, 0xFF, 0xFF, 0xFF, 0xFF, 0xFF, 0xFF, 0xFF, 
0xFF, 0xFF, 0xFF, 0xFF, 0x7F, 0x00, 0x00, 0xA9, 0xFF, 0xC2, 0x00, 0x00, 0x00, 0x42, 0xFF, 0xFF, 
0xFF, 0x5B, 0x00, 0x05, 0xD6, 0xFF, 0x98, 0xFF, 0xE6, 0x0D, 0x20, 0x6F, 0x64, 0x00, 0x5E, 0x6F, 
0x2B, 0x29, 0xFA, 0xEF, 0x30, 0xEF, 0xFD, 0x35, 0x00, 0x8B, 0xFF, 0xF5, 0xFF, 0x98, 0x00, 0x00, 
0x0D, 0xE6, 0xFF, 0xEC, 0x13, 0x00, 0x00, 0x00, 0x3A, 0x6F, 0x3F, 0x00, 0x00, 0x24, 0xFF, 0x73, 
0x0B, 0xFF, 0x88, 0x02, 0xC5, 0xFF, 0xFF, 0xF6, 0x34, 0x00, 0x06, 0x40, 0x49, 0x1A, 0x00, 0x00, 
0x8C, 0xFA, 0xCC, 0x14, 0x0B, 0xFD, 0xFF, 0xFF, 0x64, 0x01, 0xDC, 0xFF, 0xFF, 0x39, 0x00, 0x17, 
0x62, 0x37, 0x00, 0x29, 0xDB, 0xFF, 0xC1, 0x07, 0x84, 0xE8, 0x75, 0xFF, 0x48, 0x7B, 0xEF, 0x9E, 
0xFF, 0x3F, 0x19, 0xAC, 0xCF, 0x92, 0x01, 0x4F, 0xBE, 0xD9, 0xA0, 0x37, 0x00, 0x00, 0x04, 0x05, 
0x87, 0xFF, 0xFF, 0xFF, 0xFF, 0xD4, 0xA5, 0xE2, 0x1F, 0x51, 0x20, 0x0B, 0x48, 0xBD, 0xFF, 0xFF, 
0xF5, 0x1A, 0x00, 0x00, 0x00, 0x00, 0x00, 0x20, 0x35, 0x05, 0x00, 0xA7, 0xBF, 0xBF, 0xBF, 0xBF, 
0xBF, 0xBF, 0xBF, 0xBF, 0xBF, 0xBF, 0xBF, 0x86, 0xDF, 0xFF, 0xFF, 0xFF, 0xFF, 0xFF, 0xFF, 0xFF, 
0xFF, 0xFF, 0xFF, 0xFF, 0xB3, 0xDF, 0xFF, 0xFF, 0xFF, 0xFF, 0xFF, 0xFF, 0xFF, 0xFF, 0xFF, 0xFF, 
0xFF, 0xB3, 0xA7, 0xBF, 0xBF, 0xBF, 0xBF, 0xBF, 0xBF, 0xBF, 0xBF, 0xBF, 0xBF, 0xBF, 0xBF, 0xBF, 
0xBC, 0xDF, 0xFF, 0xFF, 0xFF, 0xFF, 0xFF, 0xFF, 0xFF, 0xFF, 0xFF, 0xFF, 0xFF, 0xFF, 0xFF, 0xFB, 
0xDF, 0xFF, 0xFF, 0xFF, 0xFF, 0xFF, 0xFF, 0xFF, 0xFF, 0xFF, 0xFF, 0xFF, 0xFF, 0xFF, 0xFB, 0x00, 
0x1E, 0xAD, 0x6B, 0x08, 0xDB, 0xFF, 0x73, 0x3D, 0xFF, 0xFF, 0x73, 0x4B, 0xFF, 0xFF, 0x73, 0x4B, 
0xFF, 0xFF, 0x73, 0xDF, 0xFF, 0xDF, 0xDF, 0xFF, 0xDF, 0xDF, 0xFF, 0xD1, 0xDF, 0xFF, 0x78, 0xC1, 
0x74, 0x02, 0x00, 0x0B, 0x8F, 0x9D, 0x00, 0x2F, 0xBC, 0x4C, 0x00, 0xA8, 0xFF, 0xAF, 0x19, 0xEE, 
0xFF, 0x4F, 0x06, 0xFA, 0xFF, 0xAF, 0x61, 0xFF, 0xFF, 0x4F, 0x0F, 0xFF, 0xFF, 0xAF, 0x6F, 0xFF, 
0xFF, 0x4F, 0x0F, 0xFF, 0xFF, 0xAF, 0x6F, 0xFF, 0xFF, 0x4F, 0xDF, 0xFF, 0xDF, 0x43, 0xFF, 0xFF, 
0x83, 0xDF, 0xFF, 0xDF, 0x43, 0xFF, 0xFF, 0x83, 0xDF, 0xFF, 0xD1, 0x43, 0xFF, 0xFF, 0x75, 0xDF, 
0xFF, 0x78, 0x43, 0xFF, 0xF5, 0x25, 0xC1, 0x74, 0x02, 0x41, 0xC3, 0x38, 0x00, 0x1E, 0x97, 0x80, 
0x00, 0x7D, 0xFF, 0xFF, 0x2D, 0x44, 0xF0, 0xD9, 0x0B, 0xA7, 0xBF, 0xA7, 0x11, 0xBF, 0xBF, 0x80, 
0x38, 0xBF, 0xBF, 0x56, 0xDF, 0xFF, 0xDF, 0x17, 0xFF, 0xFF, 0xAB, 0x4B, 0xFF, 0xFF, 0x73, 0xDF, 
0xFF, 0xDF, 0x17, 0xFF, 0xFF, 0xAB, 0x4B, 0xFF, 0xFF, 0x73, 0x00, 0x00, 0x00, 0x21, 0xB5, 0xF5, 
0xFF, 0xFF, 0xFF, 0xFF, 0xFF, 0xFF, 0xFF, 0xFF, 0xFF, 0xA7, 0x00, 0x00, 0x04, 0xD5, 0xFF, 0xFF, 
0xFF, 0xFF, 0xFF, 0xFF, 0xFF, 0xFF, 0xFF, 0xFF, 0xFF, 0xA7, 0x00, 0x00, 0x33, 0xFF, 0xFF, 0xE2, 
0xC3, 0xC3, 0xC3, 0xC3, 0xC3, 0xC3, 0xC3, 0xC3, 0xC3, 0x80, 0x00, 0x00, 0x47, 0xFF, 0xFF, 0x77, 
0x00, 0x00, 0x00, 0x00, 0x00, 0x00, 0x00, 0x00, 0x00, 0x00, 0x32, 0xBF, 0xD1, 0xFF, 0xFF, 0xDD, 
0xBF, 0xBF, 0xBF, 0xBF, 0xBF, 0xBF, 0xBF, 0x5F, 0x00, 0x00, 0x43, 0xFF, 0xFF, 0xFF, 0xFF, 0xFF, 
0xFF, 0xFF, 0xFF, 0xFF, 0xFF, 0xFF, 0xFF, 0x7F, 0x00, 0x00, 0x43, 0xFF, 0xFF, 0xFF, 0xFF, 0xFF, 
0xFF, 0xFF, 0xFF, 0xFF, 0xFF, 0xFF, 0xFF, 0x7F, 0x00, 0x00, 0x00, 0x00, 0x47, 0xFF, 0xFF, 0x77, 
0x00, 0x00, 0x00, 0x00, 0x00, 0x00, 0x00, 0x00, 0x00, 0x00, 0x32, 0xBF, 0xD1, 0xFF, 0xFF, 0xDD, 
0xBF, 0xBF, 0xBF, 0xBF, 0xBF, 0xBF, 0xBF, 0x5F, 0x00, 0x00, 0x43, 0xFF, 0xFF, 0xFF, 0xFF, 0xFF, 
0xFF, 0xFF, 0xFF, 0xFF, 0xFF, 0xFF, 0xFF, 0x7F, 0x00, 0x00, 0x43, 0xFF, 0xFF, 0xFF, 0xFF, 0xFF, 
0xFF, 0xFF, 0xFF, 0xFF, 0xFF, 0xFF, 0xFF, 0x7F, 0x00, 0x00, 0x00, 0x00, 0x47, 0xFF, 0xFF, 0x77, 
0x00, 0x00, 0x00, 0x00, 0x00, 0x00, 0x00, 0x00, 0x00, 0x00, 0x00, 0x00, 0x34, 0xFF, 0xFF, 0xE0, 
0xBF, 0xBF, 0xBF, 0xBF, 0xBF, 0xBF, 0xBF, 0xBF, 0xBF, 0x7D, 0x00, 0x00, 0x05, 0xD7, 0xFF, 0xFF, 
0xFF, 0xFF, 0xFF, 0xFF, 0xFF, 0xFF, 0xFF, 0xFF, 0xFF, 0xA7, 0x00, 0x00, 0x00, 0x22, 0xB7, 0xF5, 
0xFF, 0xFF, 0xFF, 0xFF, 0xFF, 0xFF, 0xFF, 0xFF, 0xFF, 0xA7, 0x00, 0x0D, 0x4F, 0x72, 0x62, 0x69, 
0x74, 0x72, 0x6F, 0x6E, 0x2D, 0x42, 0x6F, 0x6C, 0x64, 0x00, 0x0D, 0x4F, 0x72, 0x62, 0x69, 0x74, 
0x72, 0x6F, 0x6E, 0x2D, 0x42, 0x6F, 0x6C, 0x64, 0x01};